-- phpMyAdmin SQL Dump
-- version 5.1.0
-- https://www.phpmyadmin.net/
--
-- Host: 127.0.0.1
-- Generation Time: May 26, 2021 at 10:37 PM
-- Server version: 10.4.18-MariaDB
-- PHP Version: 7.3.27

SET SQL_MODE = "NO_AUTO_VALUE_ON_ZERO";
START TRANSACTION;
SET time_zone = "+00:00";


/*!40101 SET @OLD_CHARACTER_SET_CLIENT=@@CHARACTER_SET_CLIENT */;
/*!40101 SET @OLD_CHARACTER_SET_RESULTS=@@CHARACTER_SET_RESULTS */;
/*!40101 SET @OLD_COLLATION_CONNECTION=@@COLLATION_CONNECTION */;
/*!40101 SET NAMES utf8mb4 */;

--
-- Database: `admin-plus`
--

DELIMITER $$
--
-- Procedures
--
CREATE DEFINER=`admin_plus`@`localhost` PROCEDURE `get_id_pessoa` (IN `id` INT)  NO SQL
BEGIN
	SELECT id_pessoa 
    FROM pessoa
    WHERE pessoa_id_pessoa_criadora = id ORDER BY id_pessoa DESC LIMIT 1;
END$$

CREATE DEFINER=`admin_plus`@`localhost` PROCEDURE `Get_login_senha` ()  NO SQL
BEGIN
	SELECT * FROM login_senha;
END$$

CREATE DEFINER=`admin_plus`@`localhost` PROCEDURE `Get_login_senha_2` ()  NO SQL
BEGIN
	SELECT login, senha FROM login_senha;
END$$

DELIMITER ;

-- --------------------------------------------------------

--
-- Table structure for table `architectures`
--

CREATE TABLE `architectures` (
  `id` int(11) NOT NULL,
  `dashboard_id` int(11) NOT NULL,
  `row_position` int(11) NOT NULL DEFAULT 0,
  `pattern` varchar(255) NOT NULL
) ENGINE=InnoDB DEFAULT CHARSET=utf8mb4;

--
-- Dumping data for table `architectures`
--

INSERT INTO `architectures` (`id`, `dashboard_id`, `row_position`, `pattern`) VALUES
(26, 4, 0, '12'),
(27, 1, 0, '6,6'),
(28, 1, 1, '9,3'),
(32, 5, 0, '3,3,3,3'),
(33, 5, 1, '3,3,3,3'),
(34, 5, 2, '6,6'),
(38, 6, 0, '12');

-- --------------------------------------------------------

--
-- Table structure for table `cadastro_curriculo_site`
--

CREATE TABLE `cadastro_curriculo_site` (
  `id_cadastro_curriculo_site` int(11) NOT NULL,
  `ccs_sessao` varchar(30) NOT NULL,
  `ccs_nome` varchar(100) NOT NULL,
  `ccs_data_nascimento` date NOT NULL,
  `ccs_telefone` varchar(30) NOT NULL,
  `ccs_email` varchar(100) NOT NULL,
  `ccs_cidade` varchar(50) NOT NULL,
  `ccs_estado` varchar(50) NOT NULL,
  `ccs_formacao_academica` varchar(100) NOT NULL,
  `ccs_objetivo_profissinal` varchar(100) NOT NULL,
  `ccs_sintese` text NOT NULL,
  `ccs_link_curriculo` varchar(100) NOT NULL,
  `ccs_data` date NOT NULL,
  `ccs_hora` varchar(30) NOT NULL,
  `ccs_timestamp` timestamp NOT NULL DEFAULT current_timestamp(),
  `id_key_empresa` int(11) NOT NULL
) ENGINE=InnoDB DEFAULT CHARSET=utf8;

-- --------------------------------------------------------

--
-- Table structure for table `cargo`
--

CREATE TABLE `cargo` (
  `id_cargo` int(11) NOT NULL,
  `cargo_nome` varchar(100) NOT NULL,
  `cargo_descricao` text NOT NULL,
  `cargo_data` date NOT NULL,
  `cargo_hora` varchar(20) NOT NULL,
  `cargo_timestamp` timestamp NOT NULL DEFAULT current_timestamp() ON UPDATE current_timestamp(),
  `cargo_id_empresa` int(11) NOT NULL,
  `cargo_id_pessoa` int(11) NOT NULL,
  `cargo_delete` enum('1','0') NOT NULL
) ENGINE=InnoDB DEFAULT CHARSET=utf8;

--
-- Dumping data for table `cargo`
--

INSERT INTO `cargo` (`id_cargo`, `cargo_nome`, `cargo_descricao`, `cargo_data`, `cargo_hora`, `cargo_timestamp`, `cargo_id_empresa`, `cargo_id_pessoa`, `cargo_delete`) VALUES
(1, 'Administrador do Sistema', 'Administra todo o sistema da Plataforma', '2020-04-16', '18:22:02', '2020-04-16 23:22:02', 1, 1, '1');

-- --------------------------------------------------------

--
-- Table structure for table `cargo_externo`
--

CREATE TABLE `cargo_externo` (
  `id_cargo_externo` int(11) NOT NULL,
  `cargo_externo_nome` varchar(100) NOT NULL,
  `cargo_externo_descricao` text NOT NULL,
  `cargo_externo_data` date NOT NULL,
  `cargo_externo_hora` varchar(20) NOT NULL,
  `cargo_externo_timestamp` timestamp NOT NULL DEFAULT current_timestamp() ON UPDATE current_timestamp(),
  `cargo_externo_perm_vis_camada` int(11) NOT NULL
) ENGINE=InnoDB DEFAULT CHARSET=utf8;

-- --------------------------------------------------------

--
-- Table structure for table `cargo_interno`
--

CREATE TABLE `cargo_interno` (
  `id_cargo_interno` int(11) NOT NULL,
  `cargo_interno_nome` varchar(100) NOT NULL,
  `cargo_interno_descricao` text NOT NULL,
  `cargo_interno_data` date NOT NULL,
  `cargo_interno_hora` varchar(20) NOT NULL,
  `cargo_interno_timestamp` timestamp NOT NULL DEFAULT current_timestamp() ON UPDATE current_timestamp(),
  `cargo_interno_perm_vis_camada` int(11) NOT NULL
) ENGINE=InnoDB DEFAULT CHARSET=utf8;

--
-- Dumping data for table `cargo_interno`
--

INSERT INTO `cargo_interno` (`id_cargo_interno`, `cargo_interno_nome`, `cargo_interno_descricao`, `cargo_interno_data`, `cargo_interno_hora`, `cargo_interno_timestamp`, `cargo_interno_perm_vis_camada`) VALUES
(1, 'Administrador do Sistema', 'Administra todo o sistema da Plataforma', '2020-04-16', '18:22:02', '2020-04-16 23:22:02', 1),
(2, 'Comprador Junior (AGE)', 'Funcionário da AGE, comprador nível de experiencia Junior', '2020-04-16', '18:22:02', '2020-04-16 23:22:02', 1),
(3, 'Comprador Pleno (AGE)', 'Funcionário da AGE, comprador nível de experiencia Pleno', '2020-04-16', '18:22:02', '2020-04-16 23:22:02', 1),
(4, 'Comprador Senior (AGE)', 'Funcionário da AGE, comprador nível de experiencia Senior', '2020-04-16', '18:22:02', '2020-04-16 23:22:02', 1),
(5, 'Vendedor Junior (AGE)', 'Funcionário da AGE, vendedor nível de experiencia Junior', '2020-04-16', '18:22:02', '2020-04-16 23:22:02', 1),
(6, 'Vendedor Pleno (AGE)', 'Funcionário da AGE, vendedor nível de experiencia Pleno', '2020-04-16', '18:22:02', '2020-04-16 23:22:02', 1),
(7, 'Vendedor Senior (AGE)', 'Funcionário da AGE, vendedor nível de experiencia Senior', '2020-04-16', '18:22:02', '2020-04-16 23:22:02', 1);

-- --------------------------------------------------------

--
-- Table structure for table `cargo_interno_historico`
--

CREATE TABLE `cargo_interno_historico` (
  `id_cargo_interno_historico` int(11) NOT NULL,
  `cargo_interno_historico_data` date NOT NULL,
  `cargo_interno_historico_hora` varchar(15) NOT NULL,
  `cargo_interno_historico_timestamp` timestamp NOT NULL DEFAULT current_timestamp() ON UPDATE current_timestamp(),
  `cargo_interno_historico_id_cargo_interno` int(11) NOT NULL,
  `cargo_interno_historico_id_pessoa` int(11) NOT NULL
) ENGINE=InnoDB DEFAULT CHARSET=utf8;

--
-- Dumping data for table `cargo_interno_historico`
--

INSERT INTO `cargo_interno_historico` (`id_cargo_interno_historico`, `cargo_interno_historico_data`, `cargo_interno_historico_hora`, `cargo_interno_historico_timestamp`, `cargo_interno_historico_id_cargo_interno`, `cargo_interno_historico_id_pessoa`) VALUES
(1, '2020-04-16', '21:09:27', '2020-04-17 02:09:27', 1, 1);

-- --------------------------------------------------------

--
-- Table structure for table `columns`
--

CREATE TABLE `columns` (
  `id` int(11) NOT NULL,
  `column` int(11) NOT NULL,
  `component_id` int(11) DEFAULT NULL,
  `row_position` int(11) NOT NULL,
  `col_position` int(11) NOT NULL DEFAULT 0,
  `vertical_col_position` int(11) NOT NULL DEFAULT 0,
  `dashboard_id` int(11) NOT NULL
) ENGINE=InnoDB DEFAULT CHARSET=utf8mb4;

--
-- Dumping data for table `columns`
--

INSERT INTO `columns` (`id`, `column`, `component_id`, `row_position`, `col_position`, `vertical_col_position`, `dashboard_id`) VALUES
(45, 12, 1, 0, 0, 0, 4),
(46, 6, 1, 0, 0, 0, 1),
(47, 6, 2, 0, 1, 0, 1),
(48, 9, 10, 1, 0, 0, 1),
(49, 9, 4, 1, 0, 1, 1),
(50, 3, 5, 1, 1, 0, 1),
(51, 3, 8, 1, 1, 1, 1),
(62, 3, 1, 0, 0, 0, 5),
(63, 3, 2, 0, 1, 0, 5),
(64, 3, 3, 0, 2, 0, 5),
(65, 3, 4, 0, 3, 0, 5),
(66, 3, 5, 1, 0, 0, 5),
(67, 3, 6, 1, 1, 0, 5),
(68, 3, 7, 1, 2, 0, 5),
(69, 3, 8, 1, 3, 0, 5),
(70, 6, 9, 2, 0, 0, 5),
(71, 6, 10, 2, 1, 0, 5),
(76, 12, 3, 0, 0, 0, 6);

-- --------------------------------------------------------

--
-- Table structure for table `complemento_empresa`
--

CREATE TABLE `complemento_empresa` (
  `id_complemento_empresa` int(11) NOT NULL,
  `complemento_empresa_num_registro` varchar(50) NOT NULL,
  `complemento_empresa_insc_municipal` varchar(50) NOT NULL,
  `complemento_empresa_insc_estadual` varchar(50) NOT NULL,
  `complemento_empresa_nat_juridica` varchar(50) NOT NULL,
  `complemento_empresa_cnae` varchar(100) NOT NULL,
  `complemento_empresa_cnae_prep` varchar(50) NOT NULL,
  `complemento_empresa_cei` varchar(50) NOT NULL,
  `complemento_empresa_orgao` varchar(50) NOT NULL,
  `complemento_empresa_suframa` varchar(50) NOT NULL,
  `complemento_empresa_data_inicio` date NOT NULL,
  `complemento_empresa_data` date NOT NULL,
  `complemento_empresa_hora` varchar(20) NOT NULL,
  `complemento_empresa_timestamp` timestamp NOT NULL DEFAULT current_timestamp() ON UPDATE current_timestamp(),
  `complemento_empresa_id_empresa` int(11) NOT NULL,
  `complemento_empresa_id_pessoa_criadora` int(11) NOT NULL,
  `complemento_empresa_delete` enum('1','0') NOT NULL
) ENGINE=InnoDB DEFAULT CHARSET=utf8;

--
-- Dumping data for table `complemento_empresa`
--

INSERT INTO `complemento_empresa` (`id_complemento_empresa`, `complemento_empresa_num_registro`, `complemento_empresa_insc_municipal`, `complemento_empresa_insc_estadual`, `complemento_empresa_nat_juridica`, `complemento_empresa_cnae`, `complemento_empresa_cnae_prep`, `complemento_empresa_cei`, `complemento_empresa_orgao`, `complemento_empresa_suframa`, `complemento_empresa_data_inicio`, `complemento_empresa_data`, `complemento_empresa_hora`, `complemento_empresa_timestamp`, `complemento_empresa_id_empresa`, `complemento_empresa_id_pessoa_criadora`, `complemento_empresa_delete`) VALUES
(1, 'zzz', 'zzz', 'zzz', 'zzz', 'zzz', 'zzz', 'zzz', 'zzz', 'zzzz', '2020-04-16', '2020-04-16', '18:27:34', '2020-04-16 23:28:00', 1, 1, '1');

-- --------------------------------------------------------

--
-- Table structure for table `components`
--

CREATE TABLE `components` (
  `id` int(11) NOT NULL,
  `title` varchar(255) NOT NULL,
  `icon` varchar(255) NOT NULL,
  `file` varchar(255) DEFAULT NULL
) ENGINE=InnoDB DEFAULT CHARSET=utf8mb4;

--
-- Dumping data for table `components`
--

INSERT INTO `components` (`id`, `title`, `icon`, `file`) VALUES
(1, 'Line Chart', 'fas fa-chart-pie', 'lineChart.php'),
(2, 'Columns Chart', 'fas fa-bars', 'columnsChart.php'),
(3, 'Pie chart timeline', 'fas fa-users', 'pieChartTimeline.php'),
(4, 'Dragging Interval', 'fas fa-desktop', 'draggingInterval.php'),
(5, 'Pie Chart', 'fas fa-edit', 'PieChart.php'),
(6, 'Switches', 'fas fa-th-list', 'switches.php'),
(7, 'Total Clicks', 'fas fa-box', 'totalClicks.php'),
(8, 'Gauge Chart', 'fas fa-box', 'gaugeChart.php'),
(9, 'Gauge Styled Chart', 'fas fa-box', 'gaugeStyleChart.php'),
(10, 'Infographic style', 'fas fa-box', 'infographicstyle.php');

-- --------------------------------------------------------

--
-- Table structure for table `contato`
--

CREATE TABLE `contato` (
  `id_contato` int(11) NOT NULL,
  `contato_email` varchar(70) NOT NULL,
  `contato_email_2` varchar(70) NOT NULL,
  `contato_telefone` varchar(20) NOT NULL,
  `contato_telefone_2` varchar(20) NOT NULL,
  `contato_fax` varchar(20) NOT NULL,
  `contato_site` varchar(100) NOT NULL,
  `contato_skype` varchar(100) NOT NULL,
  `contato_instagran` varchar(100) NOT NULL,
  `contato_facebook` varchar(100) NOT NULL,
  `contato_linkedin` varchar(100) NOT NULL,
  `contato_data` varchar(15) NOT NULL,
  `contato_hora` varchar(15) NOT NULL,
  `contato_timestamp` timestamp NOT NULL DEFAULT current_timestamp(),
  `contato_id_empresa` int(11) NOT NULL,
  `contato_id_pessoa` int(11) NOT NULL,
  `contato_id_pessoa_criadora` int(11) NOT NULL,
  `contato_delete` enum('1','0') NOT NULL
) ENGINE=InnoDB DEFAULT CHARSET=utf8;

--
-- Dumping data for table `contato`
--

INSERT INTO `contato` (`id_contato`, `contato_email`, `contato_email_2`, `contato_telefone`, `contato_telefone_2`, `contato_fax`, `contato_site`, `contato_skype`, `contato_instagran`, `contato_facebook`, `contato_linkedin`, `contato_data`, `contato_hora`, `contato_timestamp`, `contato_id_empresa`, `contato_id_pessoa`, `contato_id_pessoa_criadora`, `contato_delete`) VALUES
(1, 'ricardo.silva@americangrainexporter.com', 'rdps_bp@yahoo.com.br', '+51936815172', '', '', 'www.americangrainexporter.com', 'rdps.bp@outlook.com', '', '', '', '', '', '0000-00-00 00:00:00', 1, 1, 1, '1'),
(2, 'sandra.kemper@americangrainexporter.com', '', '1234', '1234', '', 'www.americangrainexporter.com', 'Sandra Skype', 'Sandra Instagran', 'Sandra Facebook', 'Sandra Linkedin', '2020-04-29', '12:45:32', '2020-04-29 15:45:32', 1, 2, 1, '1'),
(3, 'sandra.kemper@americangrainexporter.com', '', '1234', '1234', '', 'www.americangrainexporter.com', 'Sandra Skype', 'Sandra Instagran', 'Sandra Facebook', 'Sandra Linkedin', '2020-04-29', '13:00:25', '2020-04-29 16:00:25', 1, 3, 1, '1'),
(4, 'sandra.kemper@americangrainexporter.com', '', '1234', '1234', '', 'www.americangrainexporter.com', 'Sandra Skype', 'Sandra Instagran', 'Sandra Facebook', 'Sandra Linkedin', '2020-04-29', '13:01:03', '2020-04-29 16:01:03', 1, 4, 1, '1'),
(5, 'sandra.kemper@americangrainexporter.com', '', '1234', '1234', '', 'www.americangrainexporter.com', 'Sandra Skype', 'Sandra Instagran', 'Sandra Facebook', 'Sandra Linkedin', '2020-04-29', '13:05:17', '2020-04-29 16:05:17', 1, 5, 1, '1');

-- --------------------------------------------------------

--
-- Table structure for table `dashboard`
--

CREATE TABLE `dashboard` (
  `id_dashboard` int(11) NOT NULL,
  `dashboard_nome` varchar(100) NOT NULL,
  `dashboard_descricao` text NOT NULL,
  `dashboard_timestamp` timestamp NOT NULL DEFAULT current_timestamp() ON UPDATE current_timestamp(),
  `dashboard_id_pessoa` int(11) NOT NULL,
  `dashboard_id_empresa` int(11) NOT NULL,
  `dashboard_id_login_senha` int(11) NOT NULL
) ENGINE=InnoDB DEFAULT CHARSET=utf8;

--
-- Dumping data for table `dashboard`
--

INSERT INTO `dashboard` (`id_dashboard`, `dashboard_nome`, `dashboard_descricao`, `dashboard_timestamp`, `dashboard_id_pessoa`, `dashboard_id_empresa`, `dashboard_id_login_senha`) VALUES
(1, 'Dashboard1', 'Este é o Dashboard 1', '2021-03-07 02:59:43', 1, 1, 1);

-- --------------------------------------------------------

--
-- Table structure for table `data`
--

CREATE TABLE `data` (
  `data_id` int(11) NOT NULL,
  `dada_date` timestamp NOT NULL DEFAULT current_timestamp(),
  `data_temp1` float(7,1) NOT NULL,
  `data_temp2` float(7,1) NOT NULL,
  `data_volts` float(7,1) NOT NULL
) ENGINE=InnoDB DEFAULT CHARSET=utf8;

--
-- Dumping data for table `data`
--

INSERT INTO `data` (`data_id`, `dada_date`, `data_temp1`, `data_temp2`, `data_volts`) VALUES
(1, '2019-06-23 17:25:57', 1.0, 2.0, 3.0),
(2, '2019-06-23 17:34:29', 1.0, 2.0, 3.0),
(3, '2019-06-23 17:34:30', 2.0, 3.0, 4.0),
(4, '2019-06-23 17:34:30', 3.0, 4.0, 5.0),
(5, '2019-06-23 17:34:31', 4.0, 5.0, 6.0),
(6, '2019-06-23 17:34:31', 5.0, 6.0, 7.0),
(7, '2019-06-23 17:34:32', 6.0, 7.0, 8.0),
(8, '2019-06-23 17:34:32', 7.0, 8.0, 9.0),
(9, '2019-06-23 17:34:33', 8.0, 9.0, 10.0),
(10, '2019-06-23 17:34:33', 9.0, 10.0, 11.0),
(11, '2019-06-23 17:34:34', 10.0, 11.0, 12.0),
(12, '2019-06-23 17:34:34', 11.0, 12.0, 13.0),
(13, '2019-06-23 17:34:35', 12.0, 13.0, 14.0),
(14, '2019-06-23 17:34:35', 13.0, 14.0, 15.0),
(15, '2019-06-23 17:34:36', 14.0, 15.0, 16.0),
(16, '2019-06-23 17:34:36', 15.0, 16.0, 17.0),
(17, '2019-06-23 17:34:37', 16.0, 17.0, 18.0),
(18, '2019-06-23 17:34:37', 17.0, 18.0, 19.0),
(19, '2019-06-23 17:34:38', 18.0, 19.0, 20.0),
(20, '2019-06-23 17:34:38', 19.0, 20.0, 21.0),
(21, '2019-06-23 17:34:39', 20.0, 21.0, 22.0),
(22, '2019-06-23 17:34:41', 21.0, 22.0, 23.0),
(23, '2019-06-23 17:34:41', 22.0, 23.0, 24.0),
(24, '2019-06-23 17:34:41', 23.0, 24.0, 25.0),
(25, '2019-06-23 17:34:41', 24.0, 25.0, 26.0),
(26, '2019-06-23 17:34:41', 25.0, 26.0, 27.0),
(27, '2019-06-23 17:34:42', 26.0, 27.0, 28.0),
(28, '2019-06-23 17:34:42', 27.0, 28.0, 29.0),
(29, '2019-06-23 17:34:43', 28.0, 29.0, 30.0),
(30, '2019-06-23 17:34:43', 29.0, 30.0, 31.0),
(31, '2019-06-23 17:34:44', 30.0, 31.0, 32.0),
(32, '2019-06-23 17:34:44', 31.0, 32.0, 33.0),
(33, '2019-06-23 17:34:45', 32.0, 33.0, 34.0),
(34, '2019-06-23 17:34:45', 33.0, 34.0, 35.0),
(35, '2019-06-23 17:34:46', 34.0, 35.0, 36.0),
(36, '2019-06-23 17:34:46', 35.0, 36.0, 37.0),
(37, '2019-06-23 17:34:47', 36.0, 37.0, 38.0),
(38, '2019-06-23 17:34:47', 37.0, 38.0, 39.0),
(39, '2019-06-23 17:34:48', 38.0, 39.0, 40.0),
(40, '2019-06-23 17:34:48', 39.0, 40.0, 41.0),
(41, '2019-06-23 17:34:49', 40.0, 41.0, 42.0),
(42, '2019-06-23 17:34:49', 41.0, 42.0, 43.0),
(43, '2019-06-23 17:34:50', 42.0, 43.0, 44.0),
(44, '2019-06-23 17:34:50', 43.0, 44.0, 45.0),
(45, '2019-06-23 17:34:51', 44.0, 45.0, 46.0),
(46, '2019-06-23 17:34:51', 45.0, 46.0, 47.0),
(47, '2019-06-23 17:34:52', 46.0, 47.0, 48.0),
(48, '2019-06-23 17:34:52', 47.0, 48.0, 49.0),
(49, '2019-06-23 17:34:53', 48.0, 49.0, 50.0),
(50, '2019-06-23 17:34:53', 49.0, 50.0, 51.0),
(51, '2019-06-23 17:34:54', 50.0, 51.0, 52.0),
(52, '2019-06-23 17:34:54', 51.0, 52.0, 53.0),
(53, '2019-06-23 17:34:55', 52.0, 53.0, 54.0),
(54, '2019-06-23 17:34:55', 53.0, 54.0, 55.0),
(55, '2019-06-23 17:34:56', 54.0, 55.0, 56.0),
(56, '2019-06-23 17:34:56', 55.0, 56.0, 57.0),
(57, '2019-06-23 17:34:57', 56.0, 57.0, 58.0),
(58, '2019-06-23 17:34:57', 57.0, 58.0, 59.0),
(59, '2019-06-23 17:34:58', 58.0, 59.0, 60.0),
(60, '2019-06-23 17:34:58', 59.0, 60.0, 61.0),
(61, '2019-06-23 17:34:59', 60.0, 61.0, 62.0),
(62, '2019-06-23 17:34:59', 61.0, 62.0, 63.0),
(63, '2019-06-23 17:35:00', 62.0, 63.0, 64.0),
(64, '2019-06-23 17:35:00', 63.0, 64.0, 65.0),
(65, '2019-06-23 17:35:01', 64.0, 65.0, 66.0),
(66, '2019-06-23 17:35:01', 65.0, 66.0, 67.0),
(67, '2019-06-23 17:35:02', 66.0, 67.0, 68.0),
(68, '2019-06-23 17:35:02', 67.0, 68.0, 69.0),
(69, '2019-06-23 17:35:03', 68.0, 69.0, 70.0),
(70, '2019-06-23 17:35:03', 69.0, 70.0, 71.0),
(71, '2019-06-23 17:35:04', 70.0, 71.0, 72.0),
(72, '2019-06-23 17:35:04', 71.0, 72.0, 73.0),
(73, '2019-06-23 17:35:05', 72.0, 73.0, 74.0),
(74, '2019-06-23 17:35:05', 73.0, 74.0, 75.0),
(75, '2019-06-23 17:35:06', 74.0, 75.0, 76.0),
(76, '2019-06-23 17:35:06', 75.0, 76.0, 77.0),
(77, '2019-06-23 17:35:07', 76.0, 77.0, 78.0),
(78, '2019-06-23 17:35:07', 77.0, 78.0, 79.0),
(79, '2019-06-23 17:35:08', 78.0, 79.0, 80.0),
(80, '2019-06-23 17:35:08', 79.0, 80.0, 81.0),
(81, '2019-06-23 17:35:09', 80.0, 81.0, 82.0),
(82, '2019-06-23 17:35:09', 81.0, 82.0, 83.0),
(83, '2019-06-23 17:35:10', 82.0, 83.0, 84.0),
(84, '2019-06-23 17:35:10', 83.0, 84.0, 85.0),
(85, '2019-06-23 17:35:11', 84.0, 85.0, 86.0),
(86, '2019-06-23 17:35:11', 85.0, 86.0, 87.0),
(87, '2019-06-23 17:35:12', 86.0, 87.0, 88.0),
(88, '2019-06-23 17:35:12', 87.0, 88.0, 89.0),
(89, '2019-06-23 17:35:13', 88.0, 89.0, 90.0),
(90, '2019-06-23 17:35:13', 89.0, 90.0, 91.0),
(91, '2019-06-23 17:35:15', 90.0, 91.0, 92.0),
(92, '2019-06-23 17:35:15', 91.0, 92.0, 93.0),
(93, '2019-06-23 17:35:15', 92.0, 93.0, 94.0),
(94, '2019-06-23 17:35:15', 93.0, 94.0, 95.0),
(95, '2019-06-23 17:35:16', 94.0, 95.0, 96.0),
(96, '2019-06-23 17:35:16', 95.0, 96.0, 97.0),
(97, '2019-06-23 17:35:17', 96.0, 97.0, 98.0),
(98, '2019-06-23 17:35:17', 97.0, 98.0, 99.0),
(99, '2019-06-23 17:35:18', 98.0, 99.0, 100.0),
(100, '2019-06-23 17:35:18', 99.0, 100.0, 101.0),
(101, '2019-06-23 17:35:19', 100.0, 101.0, 102.0),
(102, '2019-06-23 17:35:19', 101.0, 102.0, 103.0),
(103, '2019-06-23 17:35:20', 102.0, 103.0, 104.0),
(104, '2019-06-23 17:35:20', 103.0, 104.0, 105.0),
(105, '2019-06-23 17:35:21', 104.0, 105.0, 106.0),
(106, '2019-06-23 17:35:21', 105.0, 106.0, 107.0),
(107, '2019-06-23 17:35:22', 106.0, 107.0, 108.0),
(108, '2019-06-23 17:35:22', 107.0, 108.0, 109.0),
(109, '2019-06-23 17:35:23', 108.0, 109.0, 110.0),
(110, '2019-06-23 17:35:23', 109.0, 110.0, 111.0),
(111, '2019-06-23 17:35:24', 110.0, 111.0, 112.0),
(112, '2019-06-23 17:35:24', 111.0, 112.0, 113.0),
(113, '2019-06-23 17:35:25', 112.0, 113.0, 114.0),
(114, '2019-06-23 17:35:27', 113.0, 114.0, 115.0),
(115, '2019-06-23 17:35:27', 114.0, 115.0, 116.0),
(116, '2019-06-23 17:35:27', 115.0, 116.0, 117.0),
(117, '2019-06-23 17:35:27', 116.0, 117.0, 118.0),
(118, '2019-06-23 17:35:27', 117.0, 118.0, 119.0),
(119, '2019-06-23 17:35:28', 118.0, 119.0, 120.0),
(120, '2019-06-23 17:35:30', 119.0, 120.0, 121.0),
(121, '2019-06-23 17:35:30', 120.0, 121.0, 122.0),
(122, '2019-06-23 17:35:30', 121.0, 122.0, 123.0),
(123, '2019-06-23 17:35:30', 122.0, 123.0, 124.0),
(124, '2019-06-23 17:35:30', 123.0, 124.0, 125.0),
(125, '2019-06-23 17:35:31', 124.0, 125.0, 126.0),
(126, '2019-06-23 17:35:31', 125.0, 126.0, 127.0),
(127, '2019-06-23 17:35:33', 126.0, 127.0, 128.0),
(128, '2019-06-23 17:35:33', 127.0, 128.0, 129.0),
(129, '2019-06-23 17:35:33', 128.0, 129.0, 130.0),
(130, '2019-06-23 17:35:33', 129.0, 130.0, 131.0),
(131, '2019-06-23 17:35:34', 130.0, 131.0, 132.0),
(132, '2019-06-23 17:35:34', 131.0, 132.0, 133.0),
(133, '2019-06-23 17:35:35', 132.0, 133.0, 134.0),
(134, '2019-06-23 17:35:35', 133.0, 134.0, 135.0),
(135, '2019-06-23 17:35:36', 134.0, 135.0, 136.0),
(136, '2019-06-23 17:35:36', 135.0, 136.0, 137.0),
(137, '2019-06-23 17:35:37', 136.0, 137.0, 138.0),
(138, '2019-06-23 17:35:37', 137.0, 138.0, 139.0),
(139, '2019-06-23 17:36:59', 1.0, 2.0, 3.0),
(140, '2019-06-23 17:36:59', 2.0, 3.0, 4.0),
(141, '2019-06-23 17:37:00', 3.0, 4.0, 5.0),
(142, '2019-06-23 17:37:01', 4.0, 5.0, 6.0),
(143, '2019-06-23 17:37:01', 5.0, 6.0, 7.0),
(144, '2019-06-23 17:37:01', 6.0, 7.0, 8.0),
(145, '2019-06-23 17:37:02', 7.0, 8.0, 9.0),
(146, '2019-06-23 17:37:02', 8.0, 9.0, 10.0),
(147, '2019-06-23 17:37:03', 9.0, 10.0, 11.0),
(148, '2019-06-23 17:37:04', 10.0, 11.0, 12.0),
(149, '2019-06-23 17:37:04', 11.0, 12.0, 13.0),
(150, '2019-06-23 17:37:05', 12.0, 13.0, 14.0),
(151, '2019-06-23 17:37:05', 13.0, 14.0, 15.0),
(152, '2019-06-23 17:37:05', 14.0, 15.0, 16.0),
(153, '2019-06-23 17:37:06', 15.0, 16.0, 17.0),
(154, '2019-06-23 17:37:07', 16.0, 17.0, 18.0),
(155, '2019-06-23 17:37:07', 17.0, 18.0, 19.0),
(156, '2019-06-23 17:37:08', 18.0, 19.0, 20.0),
(157, '2019-06-23 17:37:08', 19.0, 20.0, 21.0),
(158, '2019-06-23 17:37:09', 20.0, 21.0, 22.0),
(159, '2019-06-23 17:37:09', 21.0, 22.0, 23.0),
(160, '2019-06-23 17:37:10', 22.0, 23.0, 24.0),
(161, '2019-06-23 17:37:10', 23.0, 24.0, 25.0),
(162, '2019-06-23 17:37:11', 24.0, 25.0, 26.0),
(163, '2019-06-23 17:37:11', 25.0, 26.0, 27.0),
(164, '2019-06-23 17:37:12', 26.0, 27.0, 28.0),
(165, '2019-06-23 17:37:12', 27.0, 28.0, 29.0),
(166, '2019-06-23 17:37:13', 28.0, 29.0, 30.0),
(167, '2019-06-23 17:37:13', 29.0, 30.0, 31.0),
(168, '2019-06-23 17:37:14', 30.0, 31.0, 32.0),
(169, '2019-06-23 17:37:14', 31.0, 32.0, 33.0),
(170, '2019-06-23 17:37:15', 32.0, 33.0, 34.0),
(171, '2019-06-23 17:37:15', 33.0, 34.0, 35.0),
(172, '2019-06-23 17:37:16', 34.0, 35.0, 36.0),
(173, '2019-06-23 17:37:16', 35.0, 36.0, 37.0),
(174, '2019-06-23 17:37:18', 36.0, 37.0, 38.0),
(175, '2019-06-23 17:37:18', 37.0, 38.0, 39.0),
(176, '2019-06-23 17:37:18', 38.0, 39.0, 40.0),
(177, '2019-06-23 17:37:18', 39.0, 40.0, 41.0),
(178, '2019-06-23 17:37:19', 40.0, 41.0, 42.0),
(179, '2019-06-23 17:37:19', 41.0, 42.0, 43.0),
(180, '2019-06-23 17:37:20', 42.0, 43.0, 44.0),
(181, '2019-06-23 17:37:20', 43.0, 44.0, 45.0),
(182, '2019-06-23 17:37:21', 44.0, 45.0, 46.0),
(183, '2019-06-23 17:37:21', 45.0, 46.0, 47.0),
(184, '2019-06-23 17:37:22', 46.0, 47.0, 48.0),
(185, '2019-06-23 17:37:22', 47.0, 48.0, 49.0),
(186, '2019-06-23 17:37:23', 48.0, 49.0, 50.0),
(187, '2019-06-23 17:37:23', 49.0, 50.0, 51.0),
(188, '2019-06-23 17:37:24', 50.0, 51.0, 52.0),
(189, '2019-06-23 17:37:24', 51.0, 52.0, 53.0),
(190, '2019-06-23 17:37:25', 52.0, 53.0, 54.0),
(191, '2019-06-23 17:37:25', 53.0, 54.0, 55.0),
(192, '2019-06-23 17:37:26', 54.0, 55.0, 56.0),
(193, '2019-06-23 17:37:26', 55.0, 56.0, 57.0),
(194, '2019-06-23 17:37:27', 56.0, 57.0, 58.0),
(195, '2019-06-23 17:37:27', 57.0, 58.0, 59.0),
(196, '2019-06-23 17:37:28', 58.0, 59.0, 60.0),
(197, '2019-06-23 17:37:28', 59.0, 60.0, 61.0),
(198, '2019-06-23 17:37:29', 60.0, 61.0, 62.0),
(199, '2019-06-23 17:37:29', 61.0, 62.0, 63.0),
(200, '2019-06-23 17:37:30', 62.0, 63.0, 64.0),
(201, '2019-06-23 17:37:30', 63.0, 64.0, 65.0),
(202, '2019-06-23 17:37:31', 64.0, 65.0, 66.0),
(203, '2019-06-23 17:37:31', 65.0, 66.0, 67.0),
(204, '2019-06-23 17:37:32', 66.0, 67.0, 68.0),
(205, '2019-06-23 17:37:32', 67.0, 68.0, 69.0),
(206, '2019-06-23 17:37:33', 68.0, 69.0, 70.0),
(207, '2019-06-23 17:37:33', 69.0, 70.0, 71.0),
(208, '2019-06-23 17:37:34', 70.0, 71.0, 72.0),
(209, '2019-06-23 17:37:34', 71.0, 72.0, 73.0),
(210, '2019-06-23 17:37:35', 72.0, 73.0, 74.0),
(211, '2019-06-23 17:37:35', 73.0, 74.0, 75.0),
(212, '2019-06-23 17:37:36', 74.0, 75.0, 76.0),
(213, '2019-06-23 17:37:36', 75.0, 76.0, 77.0),
(214, '2019-06-23 17:37:37', 76.0, 77.0, 78.0),
(215, '2019-06-23 17:37:37', 77.0, 78.0, 79.0),
(216, '2019-06-23 17:37:38', 78.0, 79.0, 80.0),
(217, '2019-06-23 17:37:38', 79.0, 80.0, 81.0),
(218, '2019-06-23 17:37:39', 80.0, 81.0, 82.0),
(219, '2019-06-23 17:37:39', 81.0, 82.0, 83.0),
(220, '2019-06-23 17:37:40', 82.0, 83.0, 84.0),
(221, '2019-06-23 17:37:40', 83.0, 84.0, 85.0),
(222, '2019-06-23 17:37:41', 84.0, 85.0, 86.0),
(223, '2019-06-23 17:37:41', 85.0, 86.0, 87.0),
(224, '2019-06-23 17:37:42', 86.0, 87.0, 88.0),
(225, '2019-06-23 17:37:42', 87.0, 88.0, 89.0),
(226, '2019-06-23 17:37:43', 88.0, 89.0, 90.0),
(227, '2019-06-23 17:37:43', 89.0, 90.0, 91.0),
(228, '2019-06-23 17:37:44', 90.0, 91.0, 92.0),
(229, '2019-06-23 17:37:44', 91.0, 92.0, 93.0),
(230, '2019-06-23 17:37:45', 92.0, 93.0, 94.0),
(231, '2019-06-23 17:37:45', 93.0, 94.0, 95.0),
(232, '2019-06-23 17:37:46', 94.0, 95.0, 96.0),
(233, '2019-06-23 17:37:46', 95.0, 96.0, 97.0),
(234, '2019-06-23 17:37:47', 96.0, 97.0, 98.0),
(235, '2019-06-23 17:37:47', 97.0, 98.0, 99.0),
(236, '2019-06-23 17:37:48', 98.0, 99.0, 100.0),
(237, '2019-06-23 17:37:48', 99.0, 100.0, 101.0),
(238, '2019-06-23 17:37:49', 100.0, 101.0, 102.0),
(239, '2019-06-23 17:37:49', 101.0, 102.0, 103.0),
(240, '2019-06-23 17:37:50', 102.0, 103.0, 104.0),
(241, '2019-06-23 17:37:50', 103.0, 104.0, 105.0),
(242, '2019-06-23 17:37:51', 104.0, 105.0, 106.0),
(243, '2019-06-23 17:37:51', 105.0, 106.0, 107.0),
(244, '2019-06-23 17:37:52', 106.0, 107.0, 108.0),
(245, '2019-06-23 17:37:52', 107.0, 108.0, 109.0),
(246, '2019-06-23 17:37:53', 108.0, 109.0, 110.0),
(247, '2019-06-23 17:37:53', 109.0, 110.0, 111.0),
(248, '2019-06-23 17:37:54', 110.0, 111.0, 112.0),
(249, '2019-06-23 17:37:54', 111.0, 112.0, 113.0),
(250, '2019-06-23 17:37:55', 112.0, 113.0, 114.0),
(251, '2019-06-23 17:37:55', 113.0, 114.0, 115.0),
(252, '2019-06-23 17:37:56', 114.0, 115.0, 116.0),
(253, '2019-06-23 17:37:56', 115.0, 116.0, 117.0),
(254, '2019-06-23 17:37:57', 116.0, 117.0, 118.0),
(255, '2019-06-23 17:37:57', 117.0, 118.0, 119.0),
(256, '2019-06-23 17:37:58', 118.0, 119.0, 120.0),
(257, '2019-06-23 17:37:58', 119.0, 120.0, 121.0),
(258, '2019-06-23 17:37:59', 120.0, 121.0, 122.0),
(259, '2019-06-23 17:37:59', 121.0, 122.0, 123.0),
(260, '2019-06-23 17:38:00', 122.0, 123.0, 124.0),
(261, '2019-06-23 17:38:00', 123.0, 124.0, 125.0),
(262, '2019-06-23 17:38:01', 124.0, 125.0, 126.0),
(263, '2019-06-23 17:38:01', 125.0, 126.0, 127.0),
(264, '2019-06-23 17:38:02', 126.0, 127.0, 128.0),
(265, '2019-06-23 17:38:02', 127.0, 128.0, 129.0),
(266, '2019-06-23 17:38:03', 128.0, 129.0, 130.0),
(267, '2019-06-23 17:38:05', 129.0, 130.0, 131.0),
(268, '2019-06-23 17:38:06', 130.0, 131.0, 132.0),
(269, '2019-06-23 17:38:06', 131.0, 132.0, 133.0),
(270, '2019-06-23 17:38:06', 132.0, 133.0, 134.0),
(271, '2019-06-23 17:38:06', 133.0, 134.0, 135.0),
(272, '2019-06-23 17:38:06', 134.0, 135.0, 136.0),
(273, '2019-06-23 17:38:06', 135.0, 136.0, 137.0),
(274, '2019-06-23 17:38:07', 136.0, 137.0, 138.0),
(275, '2019-06-23 17:38:09', 137.0, 138.0, 139.0),
(276, '2019-06-23 17:38:10', 138.0, 139.0, 140.0),
(277, '2019-06-23 17:38:10', 139.0, 140.0, 141.0),
(278, '2019-06-23 17:38:10', 140.0, 141.0, 142.0),
(279, '2019-06-23 17:38:10', 141.0, 142.0, 143.0),
(280, '2019-06-23 17:38:10', 142.0, 143.0, 144.0),
(281, '2019-06-23 17:38:10', 143.0, 144.0, 145.0),
(282, '2019-06-23 17:38:11', 144.0, 145.0, 146.0),
(283, '2019-06-23 17:38:11', 145.0, 146.0, 147.0),
(284, '2019-06-23 17:38:12', 146.0, 147.0, 148.0),
(285, '2019-06-23 17:38:12', 147.0, 148.0, 149.0),
(286, '2019-06-23 17:38:13', 148.0, 149.0, 150.0),
(287, '2019-06-23 17:38:13', 149.0, 150.0, 151.0),
(288, '2019-06-23 17:38:14', 150.0, 151.0, 152.0),
(289, '2019-06-23 17:38:14', 151.0, 152.0, 153.0),
(290, '2019-06-23 17:38:15', 152.0, 153.0, 154.0),
(291, '2019-06-23 17:38:15', 153.0, 154.0, 155.0),
(292, '2019-06-23 17:38:16', 154.0, 155.0, 156.0),
(293, '2019-06-23 17:38:16', 155.0, 156.0, 157.0),
(294, '2019-06-23 17:38:18', 156.0, 157.0, 158.0),
(295, '2019-06-23 17:38:18', 157.0, 158.0, 159.0),
(296, '2019-06-23 17:38:18', 158.0, 159.0, 160.0),
(297, '2019-06-23 17:38:18', 159.0, 160.0, 161.0),
(298, '2019-06-23 17:38:19', 160.0, 161.0, 162.0),
(299, '2019-06-23 17:38:19', 161.0, 162.0, 163.0),
(300, '2019-06-23 17:38:20', 162.0, 163.0, 164.0),
(301, '2019-06-23 17:38:20', 163.0, 164.0, 165.0),
(302, '2019-06-23 17:38:21', 164.0, 165.0, 166.0),
(303, '2019-06-23 17:38:21', 165.0, 166.0, 167.0),
(304, '2019-06-23 17:38:22', 166.0, 167.0, 168.0),
(305, '2019-06-23 17:38:22', 167.0, 168.0, 169.0),
(306, '2019-06-23 17:38:23', 168.0, 169.0, 170.0),
(307, '2019-06-23 17:38:23', 169.0, 170.0, 171.0),
(308, '2019-06-23 17:38:24', 170.0, 171.0, 172.0),
(309, '2019-06-23 17:38:24', 171.0, 172.0, 173.0),
(310, '2019-06-23 17:38:25', 172.0, 173.0, 174.0),
(311, '2019-06-23 17:38:25', 173.0, 174.0, 175.0),
(312, '2019-06-23 17:38:26', 174.0, 175.0, 176.0),
(313, '2019-06-23 17:38:26', 175.0, 176.0, 177.0),
(314, '2019-06-23 17:38:27', 176.0, 177.0, 178.0),
(315, '2019-06-23 17:38:27', 177.0, 178.0, 179.0),
(316, '2019-06-23 17:38:28', 178.0, 179.0, 180.0),
(317, '2019-06-23 17:38:28', 179.0, 180.0, 181.0),
(318, '2019-06-23 17:38:29', 180.0, 181.0, 182.0),
(319, '2019-06-23 17:38:29', 181.0, 182.0, 183.0),
(320, '2019-06-23 17:38:30', 182.0, 183.0, 184.0),
(321, '2019-06-23 17:38:32', 183.0, 184.0, 185.0),
(322, '2019-06-23 17:38:32', 184.0, 185.0, 186.0),
(323, '2019-06-23 17:38:32', 185.0, 186.0, 187.0),
(324, '2019-06-23 17:38:32', 186.0, 187.0, 188.0),
(325, '2019-06-23 17:38:32', 187.0, 188.0, 189.0),
(326, '2019-06-23 17:38:33', 188.0, 189.0, 190.0),
(327, '2019-06-23 17:38:33', 189.0, 190.0, 191.0),
(328, '2019-06-23 17:38:34', 190.0, 191.0, 192.0),
(329, '2019-06-23 17:38:34', 191.0, 192.0, 193.0),
(330, '2019-06-23 17:38:35', 192.0, 193.0, 194.0),
(331, '2019-06-23 17:38:35', 193.0, 194.0, 195.0),
(332, '2019-06-23 17:38:36', 194.0, 195.0, 196.0),
(333, '2019-06-23 17:38:36', 195.0, 196.0, 197.0),
(334, '2019-06-23 17:38:37', 196.0, 197.0, 198.0),
(335, '2019-06-23 17:38:37', 197.0, 198.0, 199.0),
(336, '2019-06-23 17:38:38', 198.0, 199.0, 200.0),
(337, '2019-06-23 17:38:38', 199.0, 200.0, 201.0),
(338, '2019-06-23 17:38:39', 200.0, 201.0, 202.0),
(339, '2019-06-23 17:38:39', 201.0, 202.0, 203.0),
(340, '2019-06-23 17:38:40', 202.0, 203.0, 204.0),
(341, '2019-06-23 17:38:40', 203.0, 204.0, 205.0),
(342, '2019-06-23 17:38:41', 204.0, 205.0, 206.0),
(343, '2019-06-23 17:38:41', 205.0, 206.0, 207.0),
(344, '2019-06-23 17:38:42', 206.0, 207.0, 208.0),
(345, '2019-06-23 17:38:42', 207.0, 208.0, 209.0),
(346, '2019-06-23 17:38:43', 208.0, 209.0, 210.0),
(347, '2019-06-23 17:38:43', 209.0, 210.0, 211.0),
(348, '2019-06-23 17:38:44', 210.0, 211.0, 212.0),
(349, '2019-06-23 17:38:44', 211.0, 212.0, 213.0),
(350, '2019-06-23 17:38:45', 212.0, 213.0, 214.0),
(351, '2019-06-23 17:38:45', 213.0, 214.0, 215.0),
(352, '2019-06-23 17:38:46', 214.0, 215.0, 216.0),
(353, '2019-06-23 17:38:46', 215.0, 216.0, 217.0),
(354, '2019-06-23 17:38:47', 216.0, 217.0, 218.0),
(355, '2019-06-23 17:38:47', 217.0, 218.0, 219.0),
(356, '2019-06-23 17:38:48', 218.0, 219.0, 220.0),
(357, '2019-06-23 17:38:48', 219.0, 220.0, 221.0),
(358, '2019-06-23 17:38:49', 220.0, 221.0, 222.0),
(359, '2019-06-23 17:38:49', 221.0, 222.0, 223.0),
(360, '2019-06-23 17:38:50', 222.0, 223.0, 224.0),
(361, '2019-06-23 17:38:50', 223.0, 224.0, 225.0),
(362, '2019-06-23 17:38:51', 224.0, 225.0, 226.0),
(363, '2019-06-23 17:38:51', 225.0, 226.0, 227.0),
(364, '2019-06-23 17:38:52', 226.0, 227.0, 228.0),
(365, '2019-06-23 17:38:52', 227.0, 228.0, 229.0),
(366, '2019-06-23 17:38:53', 228.0, 229.0, 230.0),
(367, '2019-06-23 17:38:53', 229.0, 230.0, 231.0),
(368, '2019-06-23 17:38:54', 230.0, 231.0, 232.0),
(369, '2019-06-23 17:38:54', 231.0, 232.0, 233.0),
(370, '2019-06-23 17:38:55', 232.0, 233.0, 234.0),
(371, '2019-06-23 17:38:55', 233.0, 234.0, 235.0),
(372, '2019-06-23 17:38:56', 234.0, 235.0, 236.0),
(373, '2019-06-23 17:38:56', 235.0, 236.0, 237.0),
(374, '2019-06-23 17:38:57', 236.0, 237.0, 238.0),
(375, '2019-06-23 17:38:57', 237.0, 238.0, 239.0),
(376, '2019-06-23 17:38:58', 238.0, 239.0, 240.0),
(377, '2019-06-23 17:38:58', 239.0, 240.0, 241.0),
(378, '2019-06-23 17:38:59', 240.0, 241.0, 242.0),
(379, '2019-06-23 17:38:59', 241.0, 242.0, 243.0),
(380, '2019-06-23 17:39:00', 242.0, 243.0, 244.0),
(381, '2019-06-23 17:39:00', 243.0, 244.0, 245.0),
(382, '2019-06-23 17:39:01', 244.0, 245.0, 246.0),
(383, '2019-06-23 17:39:01', 245.0, 246.0, 247.0),
(384, '2019-06-23 17:39:02', 246.0, 247.0, 248.0),
(385, '2019-06-23 17:39:02', 247.0, 248.0, 249.0),
(386, '2019-06-23 17:39:03', 248.0, 249.0, 250.0),
(387, '2019-06-23 17:39:03', 249.0, 250.0, 251.0),
(388, '2019-06-23 17:39:04', 250.0, 251.0, 252.0),
(389, '2019-06-23 17:39:04', 251.0, 252.0, 253.0),
(390, '2019-06-23 17:39:05', 252.0, 253.0, 254.0),
(391, '2019-06-23 17:39:05', 253.0, 254.0, 255.0),
(392, '2019-06-23 17:39:06', 254.0, 255.0, 256.0),
(393, '2019-06-23 17:39:06', 255.0, 256.0, 257.0),
(394, '2019-06-23 17:39:07', 256.0, 257.0, 258.0),
(395, '2019-06-23 17:39:07', 257.0, 258.0, 259.0),
(396, '2019-06-23 17:39:08', 258.0, 259.0, 260.0),
(397, '2019-06-23 17:39:08', 259.0, 260.0, 261.0),
(398, '2019-06-23 17:39:09', 260.0, 261.0, 262.0),
(399, '2019-06-23 17:39:09', 261.0, 262.0, 263.0),
(400, '2019-06-23 17:39:10', 262.0, 263.0, 264.0),
(401, '2019-06-23 17:39:10', 263.0, 264.0, 265.0),
(402, '2019-06-23 17:39:11', 264.0, 265.0, 266.0),
(403, '2019-06-23 17:39:11', 265.0, 266.0, 267.0),
(404, '2019-06-23 17:39:12', 266.0, 267.0, 268.0),
(405, '2019-06-23 17:39:12', 267.0, 268.0, 269.0),
(406, '2019-06-23 17:39:13', 268.0, 269.0, 270.0),
(407, '2019-06-23 17:39:13', 269.0, 270.0, 271.0),
(408, '2019-06-23 17:39:14', 270.0, 271.0, 272.0),
(409, '2019-06-23 17:39:14', 271.0, 272.0, 273.0),
(410, '2019-06-23 17:39:15', 272.0, 273.0, 274.0),
(411, '2019-06-23 17:39:15', 273.0, 274.0, 275.0),
(412, '2019-06-23 17:39:16', 274.0, 275.0, 276.0),
(413, '2019-06-23 17:39:16', 275.0, 276.0, 277.0),
(414, '2019-06-23 17:39:17', 276.0, 277.0, 278.0),
(415, '2019-06-23 17:39:17', 277.0, 278.0, 279.0),
(416, '2019-06-23 17:39:19', 278.0, 279.0, 280.0),
(417, '2019-06-23 17:39:19', 279.0, 280.0, 281.0),
(418, '2019-06-23 17:39:19', 280.0, 281.0, 282.0),
(419, '2019-06-23 17:39:19', 281.0, 282.0, 283.0),
(420, '2019-06-23 17:39:34', 282.0, 283.0, 284.0),
(421, '2019-06-23 17:39:35', 283.0, 284.0, 285.0),
(422, '2019-06-23 17:39:35', 284.0, 285.0, 286.0),
(423, '2019-06-23 17:39:36', 285.0, 286.0, 287.0),
(424, '2019-06-23 17:39:36', 286.0, 287.0, 288.0),
(425, '2019-06-23 17:39:37', 287.0, 288.0, 289.0),
(426, '2019-06-23 17:39:37', 288.0, 289.0, 290.0),
(427, '2019-06-23 17:39:38', 289.0, 290.0, 291.0),
(428, '2019-06-23 17:39:38', 290.0, 291.0, 292.0),
(429, '2019-06-23 17:39:39', 291.0, 292.0, 293.0),
(430, '2019-06-23 17:39:39', 292.0, 293.0, 294.0),
(431, '2019-06-23 17:39:40', 293.0, 294.0, 295.0),
(432, '2019-06-23 17:39:40', 294.0, 295.0, 296.0),
(433, '2019-06-23 17:39:41', 295.0, 296.0, 297.0),
(434, '2019-06-23 17:39:41', 296.0, 297.0, 298.0),
(435, '2019-06-23 17:39:42', 297.0, 298.0, 299.0),
(436, '2019-06-23 17:39:42', 298.0, 299.0, 300.0),
(437, '2019-06-23 17:39:43', 299.0, 300.0, 301.0),
(438, '2019-06-23 17:39:43', 300.0, 301.0, 302.0),
(439, '2019-06-23 17:39:44', 301.0, 302.0, 303.0),
(440, '2019-06-23 17:39:44', 302.0, 303.0, 304.0),
(441, '2019-06-23 17:39:45', 303.0, 304.0, 305.0),
(442, '2019-06-23 17:39:45', 304.0, 305.0, 306.0),
(443, '2019-06-23 17:39:46', 305.0, 306.0, 307.0),
(444, '2019-06-23 17:39:46', 306.0, 307.0, 308.0),
(445, '2019-06-23 17:39:47', 307.0, 308.0, 309.0),
(446, '2019-06-23 17:39:47', 308.0, 309.0, 310.0),
(447, '2019-06-23 17:39:48', 309.0, 310.0, 311.0),
(448, '2019-06-23 17:39:48', 310.0, 311.0, 312.0),
(449, '2019-06-23 17:39:49', 311.0, 312.0, 313.0),
(450, '2019-06-23 17:39:49', 312.0, 313.0, 314.0),
(451, '2019-06-23 17:39:50', 313.0, 314.0, 315.0),
(452, '2019-06-23 17:39:50', 314.0, 315.0, 316.0),
(453, '2019-06-23 17:39:51', 315.0, 316.0, 317.0),
(454, '2019-06-23 17:39:51', 316.0, 317.0, 318.0),
(455, '2019-06-23 17:39:52', 317.0, 318.0, 319.0),
(456, '2019-06-23 17:39:52', 318.0, 319.0, 320.0),
(457, '2019-06-23 17:39:53', 319.0, 320.0, 321.0),
(458, '2019-06-23 17:39:53', 320.0, 321.0, 322.0),
(459, '2019-06-23 17:39:54', 321.0, 322.0, 323.0),
(460, '2019-06-23 17:39:54', 322.0, 323.0, 324.0),
(461, '2019-06-23 17:39:55', 323.0, 324.0, 325.0),
(462, '2019-06-23 17:39:55', 324.0, 325.0, 326.0),
(463, '2019-06-23 17:39:56', 325.0, 326.0, 327.0),
(464, '2019-06-23 17:39:56', 326.0, 327.0, 328.0),
(465, '2019-06-23 17:39:57', 327.0, 328.0, 329.0),
(466, '2019-06-23 17:39:57', 328.0, 329.0, 330.0),
(467, '2019-06-23 17:39:58', 329.0, 330.0, 331.0),
(468, '2019-06-23 17:39:58', 330.0, 331.0, 332.0),
(469, '2019-06-23 17:39:59', 331.0, 332.0, 333.0),
(470, '2019-06-23 17:39:59', 332.0, 333.0, 334.0),
(471, '2019-06-23 17:40:00', 333.0, 334.0, 335.0),
(472, '2019-06-23 17:40:00', 334.0, 335.0, 336.0),
(473, '2019-06-23 17:40:01', 335.0, 336.0, 337.0),
(474, '2019-06-23 17:40:01', 336.0, 337.0, 338.0),
(475, '2019-06-23 17:40:02', 337.0, 338.0, 339.0),
(476, '2019-06-23 17:40:02', 338.0, 339.0, 340.0),
(477, '2019-06-23 17:40:03', 339.0, 340.0, 341.0),
(478, '2019-06-23 17:40:03', 340.0, 341.0, 342.0),
(479, '2019-06-23 17:40:04', 341.0, 342.0, 343.0),
(480, '2019-06-23 17:40:04', 342.0, 343.0, 344.0),
(481, '2019-06-23 17:40:05', 343.0, 344.0, 345.0),
(482, '2019-06-23 17:40:05', 344.0, 345.0, 346.0),
(483, '2019-06-23 17:40:06', 345.0, 346.0, 347.0),
(484, '2019-06-23 17:40:06', 346.0, 347.0, 348.0),
(485, '2019-06-23 17:40:07', 347.0, 348.0, 349.0),
(486, '2019-06-23 17:40:07', 348.0, 349.0, 350.0),
(487, '2019-06-23 17:40:08', 349.0, 350.0, 351.0),
(488, '2019-06-23 17:40:08', 350.0, 351.0, 352.0),
(489, '2019-06-23 17:40:09', 351.0, 352.0, 353.0),
(490, '2019-06-23 17:40:09', 352.0, 353.0, 354.0),
(491, '2019-06-23 17:40:10', 353.0, 354.0, 355.0),
(492, '2019-06-23 17:40:10', 354.0, 355.0, 356.0),
(493, '2019-06-23 17:40:11', 355.0, 356.0, 357.0),
(494, '2019-06-23 17:40:11', 356.0, 357.0, 358.0),
(495, '2019-06-23 17:40:12', 357.0, 358.0, 359.0),
(496, '2019-06-23 17:40:12', 358.0, 359.0, 360.0),
(497, '2019-06-23 17:40:13', 359.0, 360.0, 361.0),
(498, '2019-06-23 17:40:13', 360.0, 361.0, 362.0),
(499, '2019-06-23 17:40:14', 361.0, 362.0, 363.0),
(500, '2019-06-23 17:40:14', 362.0, 363.0, 364.0),
(501, '2019-06-23 17:40:15', 363.0, 364.0, 365.0),
(502, '2019-06-23 17:40:15', 364.0, 365.0, 366.0),
(503, '2019-06-23 17:40:16', 365.0, 366.0, 367.0),
(504, '2019-06-23 17:40:16', 366.0, 367.0, 368.0),
(505, '2019-06-23 17:40:17', 367.0, 368.0, 369.0),
(506, '2019-06-23 17:40:17', 368.0, 369.0, 370.0),
(507, '2019-06-23 17:40:18', 369.0, 370.0, 371.0),
(508, '2019-06-23 17:40:18', 370.0, 371.0, 372.0),
(509, '2019-06-23 17:40:19', 371.0, 372.0, 373.0),
(510, '2019-06-23 17:40:19', 372.0, 373.0, 374.0),
(511, '2019-06-23 17:40:20', 373.0, 374.0, 375.0),
(512, '2019-06-23 17:40:21', 374.0, 375.0, 376.0),
(513, '2019-06-23 17:40:21', 375.0, 376.0, 377.0),
(514, '2019-06-23 17:40:21', 376.0, 377.0, 378.0),
(515, '2019-06-23 17:40:22', 377.0, 378.0, 379.0),
(516, '2019-06-23 17:40:22', 378.0, 379.0, 380.0),
(517, '2019-06-23 17:40:23', 379.0, 380.0, 381.0),
(518, '2019-06-23 17:40:23', 380.0, 381.0, 382.0),
(519, '2019-06-23 17:40:24', 381.0, 382.0, 383.0),
(520, '2019-06-23 17:40:24', 382.0, 383.0, 384.0),
(521, '2019-06-23 17:40:25', 383.0, 384.0, 385.0),
(522, '2019-06-23 17:40:25', 384.0, 385.0, 386.0),
(523, '2019-06-23 17:40:26', 385.0, 386.0, 387.0),
(524, '2019-06-23 17:40:26', 386.0, 387.0, 388.0),
(525, '2019-06-23 17:40:27', 387.0, 388.0, 389.0),
(526, '2019-06-23 17:40:27', 388.0, 389.0, 390.0),
(527, '2019-06-23 17:40:28', 389.0, 390.0, 391.0),
(528, '2019-06-23 17:40:28', 390.0, 391.0, 392.0),
(529, '2019-06-23 17:40:29', 391.0, 392.0, 393.0),
(530, '2019-06-23 17:40:29', 392.0, 393.0, 394.0),
(531, '2019-06-23 17:40:30', 393.0, 394.0, 395.0),
(532, '2019-06-23 17:40:30', 394.0, 395.0, 396.0),
(533, '2019-06-23 17:40:31', 395.0, 396.0, 397.0),
(534, '2019-06-23 17:40:31', 396.0, 397.0, 398.0),
(535, '2019-06-23 17:40:32', 397.0, 398.0, 399.0),
(536, '2019-06-23 17:40:32', 398.0, 399.0, 400.0),
(537, '2019-06-23 17:40:33', 399.0, 400.0, 401.0),
(538, '2019-06-23 17:40:33', 400.0, 401.0, 402.0),
(539, '2019-06-23 17:40:34', 401.0, 402.0, 403.0),
(540, '2019-06-23 17:40:34', 402.0, 403.0, 404.0),
(541, '2019-06-23 17:40:35', 403.0, 404.0, 405.0),
(542, '2019-06-23 17:40:35', 404.0, 405.0, 406.0),
(543, '2019-06-23 17:40:38', 405.0, 406.0, 407.0),
(544, '2019-06-23 17:40:38', 406.0, 407.0, 408.0),
(545, '2019-06-23 17:40:38', 407.0, 408.0, 409.0),
(546, '2019-06-23 17:40:38', 408.0, 409.0, 410.0),
(547, '2019-06-23 17:40:38', 409.0, 410.0, 411.0),
(548, '2019-06-23 17:40:38', 410.0, 411.0, 412.0),
(549, '2019-06-23 17:40:39', 411.0, 412.0, 413.0),
(550, '2019-06-23 17:40:39', 412.0, 413.0, 414.0),
(551, '2019-06-23 17:40:40', 413.0, 414.0, 415.0),
(552, '2019-06-23 17:40:40', 414.0, 415.0, 416.0),
(553, '2019-06-23 17:40:41', 415.0, 416.0, 417.0),
(554, '2019-06-23 17:40:41', 416.0, 417.0, 418.0),
(555, '2019-06-23 17:40:42', 417.0, 418.0, 419.0),
(556, '2019-06-23 17:40:42', 418.0, 419.0, 420.0),
(557, '2019-06-23 17:40:43', 419.0, 420.0, 421.0),
(558, '2019-06-23 17:40:43', 420.0, 421.0, 422.0),
(559, '2019-06-23 17:40:44', 421.0, 422.0, 423.0),
(560, '2019-06-23 17:40:44', 422.0, 423.0, 424.0),
(561, '2019-06-23 17:40:45', 423.0, 424.0, 425.0),
(562, '2019-06-23 17:40:47', 424.0, 425.0, 426.0),
(563, '2019-06-23 17:40:47', 425.0, 426.0, 427.0),
(564, '2019-06-23 17:40:47', 426.0, 427.0, 428.0),
(565, '2019-06-23 17:40:47', 427.0, 428.0, 429.0),
(566, '2019-06-23 17:40:47', 428.0, 429.0, 430.0),
(567, '2019-06-23 17:40:48', 429.0, 430.0, 431.0),
(568, '2019-06-23 17:40:48', 430.0, 431.0, 432.0),
(569, '2019-06-23 17:40:49', 431.0, 432.0, 433.0),
(570, '2019-06-23 17:40:49', 432.0, 433.0, 434.0),
(571, '2019-06-23 17:40:50', 433.0, 434.0, 435.0),
(572, '2019-06-23 17:40:50', 434.0, 435.0, 436.0),
(573, '2019-06-23 17:40:51', 435.0, 436.0, 437.0),
(574, '2019-06-23 17:40:52', 436.0, 437.0, 438.0),
(575, '2019-06-23 17:40:52', 437.0, 438.0, 439.0),
(576, '2019-06-23 17:40:53', 438.0, 439.0, 440.0),
(577, '2019-06-23 17:40:53', 439.0, 440.0, 441.0),
(578, '2019-06-23 17:40:53', 440.0, 441.0, 442.0),
(579, '2019-06-23 17:40:54', 441.0, 442.0, 443.0),
(580, '2019-06-23 17:40:54', 442.0, 443.0, 444.0),
(581, '2019-06-23 17:40:55', 443.0, 444.0, 445.0),
(582, '2019-06-23 17:40:55', 444.0, 445.0, 446.0),
(583, '2019-06-23 17:40:56', 445.0, 446.0, 447.0),
(584, '2019-06-23 17:40:56', 446.0, 447.0, 448.0),
(585, '2019-06-23 17:40:57', 447.0, 448.0, 449.0),
(586, '2019-06-23 17:40:57', 448.0, 449.0, 450.0),
(587, '2019-06-23 17:40:58', 449.0, 450.0, 451.0),
(588, '2019-06-23 17:40:58', 450.0, 451.0, 452.0),
(589, '2019-06-23 17:40:59', 451.0, 452.0, 453.0),
(590, '2019-06-23 17:40:59', 452.0, 453.0, 454.0),
(591, '2019-06-23 17:41:01', 453.0, 454.0, 455.0),
(592, '2019-06-23 17:41:01', 454.0, 455.0, 456.0),
(593, '2019-06-23 17:41:01', 455.0, 456.0, 457.0),
(594, '2019-06-23 17:41:01', 456.0, 457.0, 458.0),
(595, '2019-06-23 17:41:02', 457.0, 458.0, 459.0),
(596, '2019-06-23 17:41:02', 458.0, 459.0, 460.0),
(597, '2019-06-23 17:41:03', 459.0, 460.0, 461.0),
(598, '2019-06-23 17:41:03', 460.0, 461.0, 462.0),
(599, '2019-06-23 17:41:04', 461.0, 462.0, 463.0),
(600, '2019-06-23 17:41:05', 462.0, 463.0, 464.0),
(601, '2019-06-23 17:41:05', 463.0, 464.0, 465.0),
(602, '2019-06-23 17:41:05', 464.0, 465.0, 466.0),
(603, '2019-06-23 17:41:06', 465.0, 466.0, 467.0),
(604, '2019-06-23 17:41:07', 466.0, 467.0, 468.0),
(605, '2019-06-23 17:41:08', 467.0, 468.0, 469.0),
(606, '2019-06-23 17:41:08', 468.0, 469.0, 470.0),
(607, '2019-06-23 17:41:08', 469.0, 470.0, 471.0),
(608, '2019-06-23 17:41:08', 470.0, 471.0, 472.0),
(609, '2019-06-23 17:41:09', 471.0, 472.0, 473.0),
(610, '2019-06-23 17:41:09', 472.0, 473.0, 474.0),
(611, '2019-06-23 17:41:10', 473.0, 474.0, 475.0),
(612, '2019-06-23 17:41:10', 474.0, 475.0, 476.0),
(613, '2019-06-23 17:41:11', 475.0, 476.0, 477.0),
(614, '2019-06-23 17:41:13', 476.0, 477.0, 478.0),
(615, '2019-06-23 17:41:13', 477.0, 478.0, 479.0),
(616, '2019-06-23 17:41:13', 478.0, 479.0, 480.0),
(617, '2019-06-23 17:41:13', 479.0, 480.0, 481.0),
(618, '2019-06-23 17:41:13', 480.0, 481.0, 482.0),
(619, '2019-06-23 17:41:14', 481.0, 482.0, 483.0),
(620, '2019-06-23 17:41:14', 482.0, 483.0, 484.0),
(621, '2019-06-23 17:41:15', 483.0, 484.0, 485.0),
(622, '2019-06-23 17:41:15', 484.0, 485.0, 486.0),
(623, '2019-06-23 17:41:16', 485.0, 486.0, 487.0),
(624, '2019-06-23 17:41:16', 486.0, 487.0, 488.0),
(625, '2019-06-23 17:41:17', 487.0, 488.0, 489.0),
(626, '2019-06-23 17:41:17', 488.0, 489.0, 490.0),
(627, '2019-06-23 17:41:18', 489.0, 490.0, 491.0),
(628, '2019-06-23 17:41:19', 490.0, 491.0, 492.0),
(629, '2019-06-23 17:41:19', 491.0, 492.0, 493.0),
(630, '2019-06-23 17:41:20', 492.0, 493.0, 494.0),
(631, '2019-06-23 17:41:20', 493.0, 494.0, 495.0),
(632, '2019-06-23 17:41:21', 494.0, 495.0, 496.0),
(633, '2019-06-23 17:41:21', 495.0, 496.0, 497.0),
(634, '2019-06-23 17:41:22', 496.0, 497.0, 498.0),
(635, '2019-06-23 17:41:22', 497.0, 498.0, 499.0),
(636, '2019-06-23 17:41:22', 498.0, 499.0, 500.0),
(637, '2019-06-23 17:41:23', 499.0, 500.0, 501.0),
(638, '2019-06-23 17:41:24', 500.0, 501.0, 502.0),
(639, '2019-06-23 17:41:24', 501.0, 502.0, 503.0),
(640, '2019-06-23 17:41:25', 502.0, 503.0, 504.0),
(641, '2019-06-23 17:41:25', 503.0, 504.0, 505.0),
(642, '2019-06-23 17:41:26', 504.0, 505.0, 506.0),
(643, '2019-06-23 17:41:26', 505.0, 506.0, 507.0),
(644, '2019-06-23 17:41:27', 506.0, 507.0, 508.0),
(645, '2019-06-23 17:41:27', 507.0, 508.0, 509.0),
(646, '2019-06-23 17:41:28', 508.0, 509.0, 510.0),
(647, '2019-06-23 17:41:28', 509.0, 510.0, 511.0),
(648, '2019-06-23 17:41:29', 510.0, 511.0, 512.0),
(649, '2019-06-23 17:41:29', 511.0, 512.0, 513.0),
(650, '2019-06-23 17:41:30', 512.0, 513.0, 514.0),
(651, '2019-06-23 17:41:30', 513.0, 514.0, 515.0),
(652, '2019-06-23 17:41:31', 514.0, 515.0, 516.0),
(653, '2019-06-23 17:41:31', 515.0, 516.0, 517.0),
(654, '2019-06-23 17:41:32', 516.0, 517.0, 518.0),
(655, '2019-06-23 17:41:32', 517.0, 518.0, 519.0),
(656, '2019-06-23 17:41:33', 518.0, 519.0, 520.0),
(657, '2019-06-23 17:41:33', 519.0, 520.0, 521.0),
(658, '2019-06-23 17:41:35', 520.0, 521.0, 522.0),
(659, '2019-06-23 17:41:35', 521.0, 522.0, 523.0),
(660, '2019-06-23 17:41:35', 522.0, 523.0, 524.0),
(661, '2019-06-23 17:41:35', 523.0, 524.0, 525.0),
(662, '2019-06-23 17:41:36', 524.0, 525.0, 526.0),
(663, '2019-06-23 17:41:36', 525.0, 526.0, 527.0),
(664, '2019-06-23 17:41:37', 526.0, 527.0, 528.0),
(665, '2019-06-23 17:41:37', 527.0, 528.0, 529.0),
(666, '2019-06-23 17:41:38', 528.0, 529.0, 530.0),
(667, '2019-06-23 17:41:38', 529.0, 530.0, 531.0),
(668, '2019-06-23 17:41:39', 530.0, 531.0, 532.0),
(669, '2019-06-23 17:41:39', 531.0, 532.0, 533.0),
(670, '2019-06-23 17:41:40', 532.0, 533.0, 534.0),
(671, '2019-06-23 17:41:40', 533.0, 534.0, 535.0),
(672, '2019-06-23 17:41:41', 534.0, 535.0, 536.0),
(673, '2019-06-23 17:41:41', 535.0, 536.0, 537.0),
(674, '2019-06-23 17:41:42', 536.0, 537.0, 538.0),
(675, '2019-06-23 17:41:42', 537.0, 538.0, 539.0),
(676, '2019-06-23 17:41:43', 538.0, 539.0, 540.0),
(677, '2019-06-23 17:41:43', 539.0, 540.0, 541.0),
(678, '2019-06-23 17:41:44', 540.0, 541.0, 542.0),
(679, '2019-06-23 17:41:44', 541.0, 542.0, 543.0),
(680, '2019-06-23 17:41:45', 542.0, 543.0, 544.0),
(681, '2019-06-23 17:41:45', 543.0, 544.0, 545.0),
(682, '2019-06-23 17:41:46', 544.0, 545.0, 546.0),
(683, '2019-06-23 17:41:46', 545.0, 546.0, 547.0),
(684, '2019-06-23 21:40:46', 1.0, 2.0, 3.0),
(685, '2019-06-23 21:40:47', 2.0, 3.0, 4.0),
(686, '2019-06-23 21:40:47', 3.0, 4.0, 5.0),
(687, '2019-06-23 21:40:49', 4.0, 5.0, 6.0),
(688, '2019-06-23 21:40:49', 5.0, 6.0, 7.0),
(689, '2019-06-23 21:40:49', 6.0, 7.0, 8.0),
(690, '2019-06-23 21:40:49', 7.0, 8.0, 9.0),
(691, '2019-06-23 21:40:50', 8.0, 9.0, 10.0),
(692, '2019-06-23 21:40:50', 9.0, 10.0, 11.0),
(693, '2019-06-23 21:40:51', 10.0, 11.0, 12.0),
(694, '2019-06-23 21:40:51', 11.0, 12.0, 13.0),
(695, '2019-06-23 21:40:52', 12.0, 13.0, 14.0),
(696, '2019-06-23 21:40:52', 13.0, 14.0, 15.0),
(697, '2019-06-23 21:40:53', 14.0, 15.0, 16.0),
(698, '2019-06-23 21:40:53', 15.0, 16.0, 17.0),
(699, '2019-06-23 21:40:54', 16.0, 17.0, 18.0),
(700, '2019-06-23 21:40:54', 17.0, 18.0, 19.0),
(701, '2019-06-23 21:40:55', 18.0, 19.0, 20.0),
(702, '2019-06-23 21:40:55', 19.0, 20.0, 21.0),
(703, '2019-06-23 21:40:56', 20.0, 21.0, 22.0),
(704, '2019-06-23 21:40:56', 21.0, 22.0, 23.0),
(705, '2019-06-23 21:40:57', 22.0, 23.0, 24.0),
(706, '2019-06-23 21:40:57', 23.0, 24.0, 25.0),
(707, '2019-06-23 21:40:58', 24.0, 25.0, 26.0),
(708, '2019-06-23 21:40:58', 25.0, 26.0, 27.0),
(709, '2019-06-23 21:40:59', 26.0, 27.0, 28.0),
(710, '2019-06-23 21:40:59', 27.0, 28.0, 29.0),
(711, '2019-06-23 21:41:00', 28.0, 29.0, 30.0),
(712, '2019-06-23 21:41:00', 29.0, 30.0, 31.0),
(713, '2019-06-23 21:41:01', 30.0, 31.0, 32.0),
(714, '2019-06-23 21:41:02', 31.0, 32.0, 33.0),
(715, '2019-06-23 21:41:02', 32.0, 33.0, 34.0),
(716, '2019-06-23 21:41:02', 33.0, 34.0, 35.0),
(717, '2019-06-23 21:41:03', 34.0, 35.0, 36.0),
(718, '2019-06-23 21:41:07', 35.0, 36.0, 37.0),
(719, '2019-06-23 21:41:07', 36.0, 37.0, 38.0),
(720, '2019-06-23 21:41:07', 37.0, 38.0, 39.0),
(721, '2019-06-23 21:41:07', 38.0, 39.0, 40.0),
(722, '2019-06-23 21:41:07', 39.0, 40.0, 41.0),
(723, '2019-06-23 21:41:07', 40.0, 41.0, 42.0),
(724, '2019-06-23 21:41:07', 41.0, 42.0, 43.0),
(725, '2019-06-23 21:41:07', 42.0, 43.0, 44.0),
(726, '2019-06-23 21:41:07', 43.0, 44.0, 45.0),
(727, '2019-06-23 21:41:08', 44.0, 45.0, 46.0),
(728, '2019-06-23 21:41:08', 45.0, 46.0, 47.0),
(729, '2019-06-23 21:41:09', 46.0, 47.0, 48.0),
(730, '2019-06-23 21:41:09', 47.0, 48.0, 49.0),
(731, '2019-06-23 21:41:14', 48.0, 49.0, 50.0),
(732, '2019-06-23 21:41:14', 49.0, 50.0, 51.0),
(733, '2019-06-23 21:41:14', 50.0, 51.0, 52.0),
(734, '2019-06-23 21:41:14', 51.0, 52.0, 53.0),
(735, '2019-06-23 21:41:14', 52.0, 53.0, 54.0),
(736, '2019-06-23 21:41:14', 53.0, 54.0, 55.0),
(737, '2019-06-23 21:41:14', 54.0, 55.0, 56.0),
(738, '2019-06-23 21:41:14', 55.0, 56.0, 57.0),
(739, '2019-06-23 21:41:14', 56.0, 57.0, 58.0),
(740, '2019-06-23 21:41:15', 57.0, 58.0, 59.0),
(741, '2019-06-23 21:41:15', 58.0, 59.0, 60.0),
(742, '2019-06-23 21:41:15', 59.0, 60.0, 61.0),
(743, '2019-06-23 21:41:16', 60.0, 61.0, 62.0),
(744, '2019-06-23 21:41:16', 61.0, 62.0, 63.0),
(745, '2019-06-23 21:41:17', 62.0, 63.0, 64.0),
(746, '2019-06-23 21:41:17', 63.0, 64.0, 65.0),
(747, '2019-06-23 21:41:18', 64.0, 65.0, 66.0),
(748, '2019-06-23 21:41:18', 65.0, 66.0, 67.0),
(749, '2019-06-23 21:41:19', 66.0, 67.0, 68.0),
(750, '2019-06-23 21:41:19', 67.0, 68.0, 69.0),
(751, '2019-06-23 21:41:20', 68.0, 69.0, 70.0),
(752, '2019-06-23 21:41:20', 69.0, 70.0, 71.0),
(753, '2019-06-23 21:41:21', 70.0, 71.0, 72.0),
(754, '2019-06-23 21:41:21', 71.0, 72.0, 73.0),
(755, '2019-06-23 21:41:22', 72.0, 73.0, 74.0),
(756, '2019-06-23 21:41:22', 73.0, 74.0, 75.0),
(757, '2019-06-23 21:41:23', 74.0, 75.0, 76.0),
(758, '2019-06-23 21:41:23', 75.0, 76.0, 77.0),
(759, '2019-06-23 21:41:24', 76.0, 77.0, 78.0),
(760, '2019-06-23 21:41:24', 77.0, 78.0, 79.0),
(761, '2019-06-23 21:41:25', 78.0, 79.0, 80.0),
(762, '2019-06-23 21:41:25', 79.0, 80.0, 81.0),
(763, '2019-06-23 21:41:26', 80.0, 81.0, 82.0),
(764, '2019-06-23 21:41:26', 81.0, 82.0, 83.0),
(765, '2019-06-23 21:41:27', 82.0, 83.0, 84.0),
(766, '2019-06-23 21:41:27', 83.0, 84.0, 85.0),
(767, '2019-06-23 21:41:29', 84.0, 85.0, 86.0),
(768, '2019-06-23 21:41:29', 85.0, 86.0, 87.0),
(769, '2019-06-23 21:41:29', 86.0, 87.0, 88.0),
(770, '2019-06-23 21:41:29', 87.0, 88.0, 89.0),
(771, '2019-06-23 21:41:32', 88.0, 89.0, 90.0),
(772, '2019-06-23 21:41:32', 89.0, 90.0, 91.0),
(773, '2019-06-23 21:41:32', 90.0, 91.0, 92.0),
(774, '2019-06-23 21:41:32', 91.0, 92.0, 93.0),
(775, '2019-06-23 21:41:32', 92.0, 93.0, 94.0),
(776, '2019-06-23 21:41:32', 93.0, 94.0, 95.0),
(777, '2019-06-23 21:41:33', 94.0, 95.0, 96.0),
(778, '2019-06-23 21:41:33', 95.0, 96.0, 97.0),
(779, '2019-06-23 21:41:34', 96.0, 97.0, 98.0),
(780, '2019-06-23 21:41:34', 97.0, 98.0, 99.0),
(781, '2019-06-23 21:41:35', 98.0, 99.0, 100.0),
(782, '2019-06-23 21:41:35', 99.0, 100.0, 101.0),
(783, '2019-06-23 21:41:36', 100.0, 101.0, 102.0),
(784, '2019-06-23 21:41:36', 101.0, 102.0, 103.0),
(785, '2019-06-23 21:41:37', 102.0, 103.0, 104.0),
(786, '2019-06-23 21:41:37', 103.0, 104.0, 105.0),
(787, '2019-06-23 21:41:38', 104.0, 105.0, 106.0),
(788, '2019-06-23 21:41:38', 105.0, 106.0, 107.0),
(789, '2019-06-23 21:41:39', 106.0, 107.0, 108.0),
(790, '2019-06-23 21:41:39', 107.0, 108.0, 109.0),
(791, '2019-06-23 21:41:41', 108.0, 109.0, 110.0),
(792, '2019-06-23 21:41:41', 109.0, 110.0, 111.0),
(793, '2019-06-23 21:41:41', 110.0, 111.0, 112.0),
(794, '2019-06-23 21:41:41', 111.0, 112.0, 113.0),
(795, '2019-06-23 21:41:42', 112.0, 113.0, 114.0),
(796, '2019-06-23 21:41:42', 113.0, 114.0, 115.0),
(797, '2019-06-23 21:41:43', 114.0, 115.0, 116.0),
(798, '2019-06-23 21:41:43', 115.0, 116.0, 117.0),
(799, '2019-06-23 21:41:44', 116.0, 117.0, 118.0),
(800, '2019-06-23 21:41:44', 117.0, 118.0, 119.0),
(801, '2019-06-23 21:41:45', 118.0, 119.0, 120.0),
(802, '2019-06-23 21:41:45', 119.0, 120.0, 121.0),
(803, '2019-06-23 21:41:46', 120.0, 121.0, 122.0),
(804, '2019-06-23 21:41:46', 121.0, 122.0, 123.0),
(805, '2019-06-23 21:41:47', 122.0, 123.0, 124.0),
(806, '2019-06-23 21:41:48', 123.0, 124.0, 125.0),
(807, '2019-06-23 21:41:48', 124.0, 125.0, 126.0),
(808, '2019-06-23 21:41:48', 125.0, 126.0, 127.0),
(809, '2019-06-23 21:41:50', 126.0, 127.0, 128.0),
(810, '2019-06-23 21:41:50', 127.0, 128.0, 129.0),
(811, '2019-06-23 21:41:50', 128.0, 129.0, 130.0),
(812, '2019-06-23 21:41:50', 129.0, 130.0, 131.0),
(813, '2019-06-23 21:41:51', 130.0, 131.0, 132.0),
(814, '2019-06-23 21:41:51', 131.0, 132.0, 133.0),
(815, '2019-06-23 21:41:52', 132.0, 133.0, 134.0),
(816, '2019-06-23 21:41:52', 133.0, 134.0, 135.0),
(817, '2019-06-23 21:41:53', 134.0, 135.0, 136.0),
(818, '2019-06-23 21:41:53', 135.0, 136.0, 137.0),
(819, '2019-06-23 21:41:55', 136.0, 137.0, 138.0),
(820, '2019-06-23 21:41:55', 137.0, 138.0, 139.0),
(821, '2019-06-23 21:41:55', 138.0, 139.0, 140.0),
(822, '2019-06-23 21:41:55', 139.0, 140.0, 141.0),
(823, '2019-06-23 21:41:58', 140.0, 141.0, 142.0),
(824, '2019-06-23 21:41:58', 141.0, 142.0, 143.0),
(825, '2019-06-23 21:41:58', 142.0, 143.0, 144.0),
(826, '2019-06-23 21:41:58', 143.0, 144.0, 145.0),
(827, '2019-06-23 21:41:58', 144.0, 145.0, 146.0),
(828, '2019-06-23 21:41:58', 145.0, 146.0, 147.0),
(829, '2019-06-23 21:42:01', 146.0, 147.0, 148.0),
(830, '2019-06-23 21:42:01', 147.0, 148.0, 149.0),
(831, '2019-06-23 21:42:01', 148.0, 149.0, 150.0),
(832, '2019-06-23 21:42:01', 149.0, 150.0, 151.0),
(833, '2019-06-23 21:42:01', 150.0, 151.0, 152.0),
(834, '2019-06-23 21:42:01', 151.0, 152.0, 153.0),
(835, '2019-06-23 21:42:04', 152.0, 153.0, 154.0),
(836, '2019-06-23 21:42:04', 153.0, 154.0, 155.0),
(837, '2019-06-23 21:42:04', 154.0, 155.0, 156.0),
(838, '2019-06-23 21:42:04', 155.0, 156.0, 157.0),
(839, '2019-06-23 21:42:04', 156.0, 157.0, 158.0),
(840, '2019-06-23 21:42:04', 157.0, 158.0, 159.0),
(841, '2019-06-23 21:42:05', 158.0, 159.0, 160.0),
(842, '2019-06-23 21:42:05', 159.0, 160.0, 161.0),
(843, '2019-06-23 21:42:06', 160.0, 161.0, 162.0),
(844, '2019-06-23 21:42:08', 161.0, 162.0, 163.0),
(845, '2019-06-23 21:42:08', 162.0, 163.0, 164.0),
(846, '2019-06-23 21:42:08', 163.0, 164.0, 165.0),
(847, '2019-06-23 21:42:08', 164.0, 165.0, 166.0),
(848, '2019-06-23 21:42:08', 165.0, 166.0, 167.0),
(849, '2019-06-23 21:42:09', 166.0, 167.0, 168.0),
(850, '2019-06-23 21:42:11', 167.0, 168.0, 169.0),
(851, '2019-06-23 21:42:11', 168.0, 169.0, 170.0),
(852, '2019-06-23 21:42:11', 169.0, 170.0, 171.0),
(853, '2019-06-23 21:42:11', 170.0, 171.0, 172.0),
(854, '2019-06-23 21:42:11', 171.0, 172.0, 173.0),
(855, '2019-06-23 21:42:12', 172.0, 173.0, 174.0),
(856, '2019-06-23 21:42:12', 173.0, 174.0, 175.0),
(857, '2019-06-23 21:42:14', 174.0, 175.0, 176.0),
(858, '2019-06-23 21:42:14', 175.0, 176.0, 177.0),
(859, '2019-06-23 21:42:14', 176.0, 177.0, 178.0),
(860, '2019-06-23 21:42:14', 177.0, 178.0, 179.0),
(861, '2019-06-23 21:42:15', 178.0, 179.0, 180.0),
(862, '2019-06-23 21:42:17', 179.0, 180.0, 181.0),
(863, '2019-06-23 21:42:17', 180.0, 181.0, 182.0),
(864, '2019-06-23 21:42:17', 181.0, 182.0, 183.0),
(865, '2019-06-23 21:42:17', 182.0, 183.0, 184.0),
(866, '2019-06-23 21:42:17', 183.0, 184.0, 185.0),
(867, '2019-06-23 21:42:19', 184.0, 185.0, 186.0),
(868, '2019-06-23 21:42:19', 185.0, 186.0, 187.0),
(869, '2019-06-23 21:42:19', 186.0, 187.0, 188.0),
(870, '2019-06-23 21:42:19', 187.0, 188.0, 189.0),
(871, '2019-06-23 21:42:20', 188.0, 189.0, 190.0),
(872, '2019-06-23 21:42:20', 189.0, 190.0, 191.0),
(873, '2019-06-23 21:42:21', 190.0, 191.0, 192.0),
(874, '2019-06-23 21:42:21', 191.0, 192.0, 193.0),
(875, '2019-06-23 21:42:22', 192.0, 193.0, 194.0),
(876, '2019-06-23 21:42:24', 193.0, 194.0, 195.0),
(877, '2019-06-23 21:42:24', 194.0, 195.0, 196.0),
(878, '2019-06-23 21:42:24', 195.0, 196.0, 197.0),
(879, '2019-06-23 21:42:24', 196.0, 197.0, 198.0),
(880, '2019-06-23 21:42:24', 197.0, 198.0, 199.0),
(881, '2019-06-23 21:42:27', 198.0, 199.0, 200.0),
(882, '2019-06-23 21:42:27', 199.0, 200.0, 201.0),
(883, '2019-06-23 21:42:27', 200.0, 201.0, 202.0),
(884, '2019-06-23 21:42:27', 201.0, 202.0, 203.0),
(885, '2019-06-23 21:42:27', 202.0, 203.0, 204.0),
(886, '2019-06-23 21:42:27', 203.0, 204.0, 205.0),
(887, '2019-06-23 21:42:28', 204.0, 205.0, 206.0),
(888, '2019-06-23 21:42:28', 205.0, 206.0, 207.0),
(889, '2019-06-23 21:42:31', 206.0, 207.0, 208.0),
(890, '2019-06-23 21:42:31', 207.0, 208.0, 209.0),
(891, '2019-06-23 21:42:31', 208.0, 209.0, 210.0),
(892, '2019-06-23 21:42:31', 209.0, 210.0, 211.0),
(893, '2019-06-23 21:42:31', 210.0, 211.0, 212.0),
(894, '2019-06-23 21:42:31', 211.0, 212.0, 213.0),
(895, '2019-06-23 21:42:33', 212.0, 213.0, 214.0),
(896, '2019-06-23 21:42:33', 213.0, 214.0, 215.0),
(897, '2019-06-23 21:42:33', 214.0, 215.0, 216.0),
(898, '2019-06-23 21:42:33', 215.0, 216.0, 217.0),
(899, '2019-06-23 21:42:34', 216.0, 217.0, 218.0),
(900, '2019-06-23 21:42:34', 217.0, 218.0, 219.0),
(901, '2019-06-23 21:42:35', 218.0, 219.0, 220.0),
(902, '2019-06-23 21:42:35', 219.0, 220.0, 221.0),
(903, '2019-06-23 21:42:37', 220.0, 221.0, 222.0),
(904, '2019-06-23 21:42:37', 221.0, 222.0, 223.0),
(905, '2019-06-23 21:42:37', 222.0, 223.0, 224.0),
(906, '2019-06-23 21:42:52', 223.0, 224.0, 225.0),
(907, '2019-06-23 21:42:57', 224.0, 225.0, 226.0),
(908, '2019-06-23 21:42:57', 225.0, 226.0, 227.0),
(909, '2019-06-23 21:42:57', 226.0, 227.0, 228.0),
(910, '2019-06-23 21:42:57', 227.0, 228.0, 229.0),
(911, '2019-06-23 21:42:57', 228.0, 229.0, 230.0),
(912, '2019-06-23 21:42:58', 229.0, 230.0, 231.0),
(913, '2019-06-23 21:42:58', 230.0, 231.0, 232.0),
(914, '2019-06-23 21:43:01', 231.0, 232.0, 233.0),
(915, '2019-06-23 21:43:01', 232.0, 233.0, 234.0),
(916, '2019-06-23 21:43:01', 233.0, 234.0, 235.0),
(917, '2019-06-23 21:43:01', 234.0, 235.0, 236.0),
(918, '2019-06-23 21:43:01', 235.0, 236.0, 237.0),
(919, '2019-06-23 21:43:01', 236.0, 237.0, 238.0),
(920, '2019-06-23 21:43:02', 237.0, 238.0, 239.0),
(921, '2019-06-23 21:43:02', 238.0, 239.0, 240.0),
(922, '2019-06-23 21:43:03', 239.0, 240.0, 241.0),
(923, '2019-06-23 21:43:08', 240.0, 241.0, 242.0),
(924, '2019-06-23 21:43:08', 241.0, 242.0, 243.0),
(925, '2019-06-23 21:43:08', 242.0, 243.0, 244.0),
(926, '2019-06-23 21:43:08', 243.0, 244.0, 245.0),
(927, '2019-06-23 21:43:08', 244.0, 245.0, 246.0),
(928, '2019-06-23 21:43:08', 245.0, 246.0, 247.0),
(929, '2019-06-23 21:43:08', 246.0, 247.0, 248.0),
(930, '2019-06-23 21:43:08', 247.0, 248.0, 249.0),
(931, '2019-06-23 21:43:08', 248.0, 249.0, 250.0),
(932, '2019-06-23 21:43:08', 249.0, 250.0, 251.0),
(933, '2019-06-23 21:43:08', 250.0, 251.0, 252.0),
(934, '2019-06-23 21:43:09', 251.0, 252.0, 253.0),
(935, '2019-06-23 21:43:09', 252.0, 253.0, 254.0),
(936, '2019-06-23 21:43:10', 253.0, 254.0, 255.0),
(937, '2019-06-23 21:43:10', 254.0, 255.0, 256.0),
(938, '2019-06-23 21:43:13', 255.0, 256.0, 257.0),
(939, '2019-06-23 21:43:13', 256.0, 257.0, 258.0),
(940, '2019-06-23 21:43:13', 257.0, 258.0, 259.0),
(941, '2019-06-23 21:43:13', 258.0, 259.0, 260.0),
(942, '2019-06-23 21:43:13', 259.0, 260.0, 261.0),
(943, '2019-06-23 21:43:16', 260.0, 261.0, 262.0),
(944, '2019-06-23 21:43:16', 261.0, 262.0, 263.0),
(945, '2019-06-23 21:43:16', 262.0, 263.0, 264.0),
(946, '2019-06-23 21:43:16', 263.0, 264.0, 265.0),
(947, '2019-06-23 21:43:16', 264.0, 265.0, 266.0),
(948, '2019-06-23 21:43:16', 265.0, 266.0, 267.0),
(949, '2019-06-23 21:43:16', 266.0, 267.0, 268.0),
(950, '2019-06-23 21:43:17', 267.0, 268.0, 269.0),
(951, '2019-06-23 21:43:17', 268.0, 269.0, 270.0),
(952, '2019-06-23 21:43:18', 269.0, 270.0, 271.0),
(953, '2019-06-23 21:43:18', 270.0, 271.0, 272.0),
(954, '2019-06-23 21:43:19', 271.0, 272.0, 273.0),
(955, '2019-06-23 21:43:19', 272.0, 273.0, 274.0),
(956, '2019-06-23 21:43:20', 273.0, 274.0, 275.0),
(957, '2019-06-23 21:43:20', 274.0, 275.0, 276.0),
(958, '2019-06-23 21:43:21', 275.0, 276.0, 277.0),
(959, '2019-06-23 21:43:21', 276.0, 277.0, 278.0),
(960, '2019-06-23 21:43:22', 277.0, 278.0, 279.0),
(961, '2019-06-23 21:43:22', 278.0, 279.0, 280.0),
(962, '2019-06-23 21:43:24', 279.0, 280.0, 281.0),
(963, '2019-06-23 21:43:24', 280.0, 281.0, 282.0),
(964, '2019-06-23 21:43:24', 281.0, 282.0, 283.0),
(965, '2019-06-23 21:43:24', 282.0, 283.0, 284.0),
(966, '2019-06-23 21:43:25', 283.0, 284.0, 285.0),
(967, '2019-06-23 21:43:25', 284.0, 285.0, 286.0),
(968, '2019-06-23 21:43:26', 285.0, 286.0, 287.0),
(969, '2019-06-23 21:43:26', 286.0, 287.0, 288.0),
(970, '2019-06-23 21:43:29', 287.0, 288.0, 289.0),
(971, '2019-06-23 21:43:29', 288.0, 289.0, 290.0),
(972, '2019-06-23 21:43:29', 289.0, 290.0, 291.0),
(973, '2019-06-23 21:43:29', 290.0, 291.0, 292.0),
(974, '2019-06-23 21:43:29', 291.0, 292.0, 293.0),
(975, '2019-06-23 21:43:29', 292.0, 293.0, 294.0),
(976, '2019-06-23 21:43:30', 293.0, 294.0, 295.0),
(977, '2019-06-23 21:43:30', 294.0, 295.0, 296.0),
(978, '2019-06-23 21:43:32', 295.0, 296.0, 297.0),
(979, '2019-06-23 21:43:32', 296.0, 297.0, 298.0),
(980, '2019-06-23 21:43:32', 297.0, 298.0, 299.0),
(981, '2019-06-23 21:43:33', 298.0, 299.0, 300.0),
(982, '2019-06-23 21:43:33', 299.0, 300.0, 301.0),
(983, '2019-06-23 21:43:33', 300.0, 301.0, 302.0),
(984, '2019-06-23 21:43:34', 301.0, 302.0, 303.0),
(985, '2019-06-23 21:43:34', 302.0, 303.0, 304.0),
(986, '2019-06-23 21:43:35', 303.0, 304.0, 305.0),
(987, '2019-06-23 21:43:35', 304.0, 305.0, 306.0),
(988, '2019-06-23 21:43:36', 305.0, 306.0, 307.0),
(989, '2019-06-23 21:43:36', 306.0, 307.0, 308.0),
(990, '2019-06-23 21:43:37', 307.0, 308.0, 309.0),
(991, '2019-06-23 21:43:37', 308.0, 309.0, 310.0),
(992, '2019-06-23 21:43:38', 309.0, 310.0, 311.0),
(993, '2019-06-23 21:43:38', 310.0, 311.0, 312.0),
(994, '2019-06-23 21:43:39', 311.0, 312.0, 313.0),
(995, '2019-06-23 21:43:39', 312.0, 313.0, 314.0),
(996, '2019-06-23 21:43:40', 313.0, 314.0, 315.0),
(997, '2019-06-23 21:43:42', 314.0, 315.0, 316.0),
(998, '2019-06-23 21:43:42', 315.0, 316.0, 317.0),
(999, '2019-06-23 21:43:42', 316.0, 317.0, 318.0),
(1000, '2019-06-23 21:43:42', 317.0, 318.0, 319.0),
(1001, '2019-06-23 21:43:42', 318.0, 319.0, 320.0),
(1002, '2019-06-23 21:43:43', 319.0, 320.0, 321.0),
(1003, '2019-06-23 21:43:43', 320.0, 321.0, 322.0),
(1004, '2019-06-23 21:43:44', 321.0, 322.0, 323.0),
(1005, '2019-06-23 21:43:44', 322.0, 323.0, 324.0),
(1006, '2019-06-23 21:43:45', 323.0, 324.0, 325.0),
(1007, '2019-06-23 21:43:45', 324.0, 325.0, 326.0),
(1008, '2019-06-23 21:43:46', 325.0, 326.0, 327.0),
(1009, '2019-06-23 21:43:46', 326.0, 327.0, 328.0),
(1010, '2019-06-23 21:43:47', 327.0, 328.0, 329.0),
(1011, '2019-06-23 21:43:47', 328.0, 329.0, 330.0),
(1012, '2019-06-23 21:43:48', 329.0, 330.0, 331.0),
(1013, '2019-06-23 21:43:48', 330.0, 331.0, 332.0),
(1014, '2019-06-23 21:43:49', 331.0, 332.0, 333.0),
(1015, '2019-06-23 21:43:49', 332.0, 333.0, 334.0),
(1016, '2019-06-23 21:43:50', 333.0, 334.0, 335.0),
(1017, '2019-06-23 21:43:50', 334.0, 335.0, 336.0),
(1018, '2019-06-23 21:43:51', 335.0, 336.0, 337.0),
(1019, '2019-06-23 21:43:51', 336.0, 337.0, 338.0),
(1020, '2019-06-23 21:43:52', 337.0, 338.0, 339.0),
(1021, '2019-06-23 21:43:55', 338.0, 339.0, 340.0),
(1022, '2019-06-23 21:43:55', 339.0, 340.0, 341.0),
(1023, '2019-06-23 21:43:55', 340.0, 341.0, 342.0),
(1024, '2019-06-23 21:43:55', 341.0, 342.0, 343.0),
(1025, '2019-06-23 21:43:55', 342.0, 343.0, 344.0),
(1026, '2019-06-23 21:43:55', 343.0, 344.0, 345.0),
(1027, '2019-06-23 21:43:55', 344.0, 345.0, 346.0),
(1028, '2019-06-23 21:43:56', 345.0, 346.0, 347.0),
(1029, '2019-06-23 21:43:56', 346.0, 347.0, 348.0),
(1030, '2019-06-23 21:43:58', 347.0, 348.0, 349.0),
(1031, '2019-06-23 21:43:58', 348.0, 349.0, 350.0),
(1032, '2019-06-23 21:43:58', 349.0, 350.0, 351.0),
(1033, '2019-06-23 21:43:58', 350.0, 351.0, 352.0),
(1034, '2019-06-23 21:43:59', 351.0, 352.0, 353.0),
(1035, '2019-06-23 21:44:00', 352.0, 353.0, 354.0),
(1036, '2019-06-23 21:44:00', 353.0, 354.0, 355.0),
(1037, '2019-06-23 21:44:00', 354.0, 355.0, 356.0),
(1038, '2019-06-23 21:44:06', 355.0, 356.0, 357.0),
(1039, '2019-06-23 21:44:06', 356.0, 357.0, 358.0);
INSERT INTO `data` (`data_id`, `dada_date`, `data_temp1`, `data_temp2`, `data_volts`) VALUES
(1040, '2019-06-23 21:44:06', 357.0, 358.0, 359.0),
(1041, '2019-06-23 21:44:06', 358.0, 359.0, 360.0),
(1042, '2019-06-23 21:44:06', 359.0, 360.0, 361.0),
(1043, '2019-06-23 21:44:06', 360.0, 361.0, 362.0),
(1044, '2019-06-23 21:44:06', 361.0, 362.0, 363.0),
(1045, '2019-06-23 21:44:06', 362.0, 363.0, 364.0),
(1046, '2019-06-23 21:44:06', 363.0, 364.0, 365.0),
(1047, '2019-06-23 21:44:06', 364.0, 365.0, 366.0),
(1048, '2019-06-23 21:44:06', 365.0, 366.0, 367.0),
(1049, '2019-06-23 21:44:07', 366.0, 367.0, 368.0),
(1050, '2019-06-23 21:44:07', 367.0, 368.0, 369.0),
(1051, '2019-06-23 21:44:07', 368.0, 369.0, 370.0),
(1052, '2019-06-23 21:44:09', 369.0, 370.0, 371.0),
(1053, '2019-06-23 21:44:09', 370.0, 371.0, 372.0),
(1054, '2019-06-23 21:44:09', 371.0, 372.0, 373.0),
(1055, '2019-06-23 21:44:10', 372.0, 373.0, 374.0),
(1056, '2019-06-23 21:44:10', 373.0, 374.0, 375.0),
(1057, '2019-06-23 21:44:10', 374.0, 375.0, 376.0),
(1058, '2019-06-23 21:44:11', 375.0, 376.0, 377.0),
(1059, '2019-06-23 21:44:11', 376.0, 377.0, 378.0),
(1060, '2019-06-23 21:44:12', 377.0, 378.0, 379.0),
(1061, '2019-06-23 21:44:12', 378.0, 379.0, 380.0),
(1062, '2019-06-23 21:44:13', 379.0, 380.0, 381.0),
(1063, '2019-06-23 21:44:13', 380.0, 381.0, 382.0),
(1064, '2019-06-23 21:44:14', 381.0, 382.0, 383.0),
(1065, '2019-06-23 21:44:14', 382.0, 383.0, 384.0),
(1066, '2019-06-23 21:44:15', 383.0, 384.0, 385.0),
(1067, '2019-06-23 21:44:17', 384.0, 385.0, 386.0),
(1068, '2019-06-23 21:44:17', 385.0, 386.0, 387.0),
(1069, '2019-06-23 21:44:17', 386.0, 387.0, 388.0),
(1070, '2019-06-23 21:44:18', 387.0, 388.0, 389.0),
(1071, '2019-06-23 21:44:18', 388.0, 389.0, 390.0),
(1072, '2019-06-23 21:44:18', 389.0, 390.0, 391.0),
(1073, '2019-06-23 21:44:19', 390.0, 391.0, 392.0),
(1074, '2019-06-23 21:44:26', 391.0, 392.0, 393.0),
(1075, '2019-06-23 21:44:26', 392.0, 393.0, 394.0),
(1076, '2019-06-23 21:44:26', 393.0, 394.0, 395.0),
(1077, '2019-06-23 21:44:26', 394.0, 395.0, 396.0),
(1078, '2019-06-23 21:44:26', 395.0, 396.0, 397.0),
(1079, '2019-06-23 21:44:26', 396.0, 397.0, 398.0),
(1080, '2019-06-23 21:44:26', 397.0, 398.0, 399.0),
(1081, '2019-06-23 21:44:26', 398.0, 399.0, 400.0),
(1082, '2019-06-23 21:44:26', 399.0, 400.0, 401.0),
(1083, '2019-06-23 21:44:26', 400.0, 401.0, 402.0),
(1084, '2019-06-23 21:44:26', 401.0, 402.0, 403.0),
(1085, '2019-06-23 21:44:26', 402.0, 403.0, 404.0),
(1086, '2019-06-23 21:44:26', 403.0, 404.0, 405.0),
(1087, '2019-06-23 21:44:26', 404.0, 405.0, 406.0),
(1088, '2019-06-23 21:44:26', 405.0, 406.0, 407.0),
(1089, '2019-06-23 21:44:27', 406.0, 407.0, 408.0),
(1090, '2019-06-23 21:44:27', 407.0, 408.0, 409.0),
(1091, '2019-06-23 21:44:27', 408.0, 409.0, 410.0),
(1092, '2019-06-23 21:44:28', 409.0, 410.0, 411.0),
(1093, '2019-06-23 21:44:28', 410.0, 411.0, 412.0),
(1094, '2019-06-23 21:44:30', 411.0, 412.0, 413.0),
(1095, '2019-06-23 21:44:30', 412.0, 413.0, 414.0),
(1096, '2019-06-23 21:44:30', 413.0, 414.0, 415.0),
(1097, '2019-06-23 21:44:31', 414.0, 415.0, 416.0),
(1098, '2019-06-23 21:44:35', 415.0, 416.0, 417.0),
(1099, '2019-06-23 21:44:35', 416.0, 417.0, 418.0),
(1100, '2019-06-23 21:44:35', 417.0, 418.0, 419.0),
(1101, '2019-06-23 21:44:35', 418.0, 419.0, 420.0),
(1102, '2019-06-23 21:44:35', 419.0, 420.0, 421.0),
(1103, '2019-06-23 21:44:35', 420.0, 421.0, 422.0),
(1104, '2019-06-23 21:44:35', 421.0, 422.0, 423.0),
(1105, '2019-06-23 21:44:35', 422.0, 423.0, 424.0),
(1106, '2019-06-23 21:44:35', 423.0, 424.0, 425.0),
(1107, '2019-06-23 21:44:35', 424.0, 425.0, 426.0),
(1108, '2019-06-23 21:44:36', 425.0, 426.0, 427.0),
(1109, '2019-06-23 21:44:36', 426.0, 427.0, 428.0),
(1110, '2019-06-23 21:44:37', 427.0, 428.0, 429.0),
(1111, '2019-06-23 21:44:37', 428.0, 429.0, 430.0),
(1112, '2019-06-23 21:44:38', 429.0, 430.0, 431.0),
(1113, '2019-06-23 21:44:38', 430.0, 431.0, 432.0),
(1114, '2019-06-23 21:44:39', 431.0, 432.0, 433.0),
(1115, '2019-06-23 21:44:39', 432.0, 433.0, 434.0),
(1116, '2019-06-23 21:44:40', 433.0, 434.0, 435.0),
(1117, '2019-06-23 21:44:41', 434.0, 435.0, 436.0),
(1118, '2019-06-23 21:44:41', 435.0, 436.0, 437.0),
(1119, '2019-06-23 21:44:43', 436.0, 437.0, 438.0),
(1120, '2019-06-23 21:44:43', 437.0, 438.0, 439.0),
(1121, '2019-06-23 21:44:43', 438.0, 439.0, 440.0),
(1122, '2019-06-23 21:44:43', 439.0, 440.0, 441.0),
(1123, '2019-06-23 21:44:44', 440.0, 441.0, 442.0),
(1124, '2019-06-23 21:44:44', 441.0, 442.0, 443.0),
(1125, '2019-06-23 21:44:45', 442.0, 443.0, 444.0),
(1126, '2019-06-23 21:44:45', 443.0, 444.0, 445.0),
(1127, '2019-06-23 21:44:46', 444.0, 445.0, 446.0),
(1128, '2019-06-23 21:44:46', 445.0, 446.0, 447.0),
(1129, '2019-06-23 21:44:48', 446.0, 447.0, 448.0),
(1130, '2019-06-23 21:44:48', 447.0, 448.0, 449.0),
(1131, '2019-06-23 21:44:48', 448.0, 449.0, 450.0),
(1132, '2019-06-23 21:44:48', 449.0, 450.0, 451.0),
(1133, '2019-06-23 21:44:49', 450.0, 451.0, 452.0),
(1134, '2019-06-23 21:44:49', 451.0, 452.0, 453.0),
(1135, '2019-06-23 21:44:50', 452.0, 453.0, 454.0),
(1136, '2019-06-23 21:44:50', 453.0, 454.0, 455.0),
(1137, '2019-06-23 21:44:52', 454.0, 455.0, 456.0),
(1138, '2019-06-23 21:44:52', 455.0, 456.0, 457.0),
(1139, '2019-06-23 21:44:52', 456.0, 457.0, 458.0),
(1140, '2019-06-23 21:44:52', 457.0, 458.0, 459.0),
(1141, '2019-06-23 21:44:53', 458.0, 459.0, 460.0),
(1142, '2019-06-23 21:44:53', 459.0, 460.0, 461.0),
(1143, '2019-06-23 21:44:54', 460.0, 461.0, 462.0),
(1144, '2019-06-23 21:44:55', 461.0, 462.0, 463.0),
(1145, '2019-06-23 21:44:55', 462.0, 463.0, 464.0),
(1146, '2019-06-23 21:44:55', 463.0, 464.0, 465.0),
(1147, '2019-06-23 21:44:56', 464.0, 465.0, 466.0),
(1148, '2019-06-23 21:44:56', 465.0, 466.0, 467.0),
(1149, '2019-06-23 21:44:57', 466.0, 467.0, 468.0),
(1150, '2019-06-23 21:44:57', 467.0, 468.0, 469.0),
(1151, '2019-06-23 21:44:58', 468.0, 469.0, 470.0),
(1152, '2019-06-23 21:44:58', 469.0, 470.0, 471.0),
(1153, '2019-06-23 21:44:59', 470.0, 471.0, 472.0),
(1154, '2019-06-23 21:44:59', 471.0, 472.0, 473.0),
(1155, '2019-06-23 21:45:00', 472.0, 473.0, 474.0),
(1156, '2019-06-23 21:45:01', 473.0, 474.0, 475.0),
(1157, '2019-06-23 21:45:01', 474.0, 475.0, 476.0),
(1158, '2019-06-23 21:45:01', 475.0, 476.0, 477.0),
(1159, '2019-06-23 21:45:02', 476.0, 477.0, 478.0),
(1160, '2019-06-23 21:45:03', 477.0, 478.0, 479.0),
(1161, '2019-06-23 21:45:03', 478.0, 479.0, 480.0),
(1162, '2019-06-23 21:45:03', 479.0, 480.0, 481.0),
(1163, '2019-06-23 21:45:04', 480.0, 481.0, 482.0),
(1164, '2019-06-23 21:45:04', 481.0, 482.0, 483.0),
(1165, '2019-06-23 21:45:05', 482.0, 483.0, 484.0),
(1166, '2019-06-23 21:45:05', 483.0, 484.0, 485.0),
(1167, '2019-06-23 21:45:06', 484.0, 485.0, 486.0),
(1168, '2019-06-23 21:45:06', 485.0, 486.0, 487.0),
(1169, '2019-06-23 21:45:07', 486.0, 487.0, 488.0),
(1170, '2019-06-23 21:45:08', 487.0, 488.0, 489.0),
(1171, '2019-06-23 21:45:08', 488.0, 489.0, 490.0),
(1172, '2019-06-23 21:45:08', 489.0, 490.0, 491.0),
(1173, '2019-06-23 21:45:09', 490.0, 491.0, 492.0),
(1174, '2019-06-23 21:45:09', 491.0, 492.0, 493.0),
(1175, '2019-06-23 21:45:10', 492.0, 493.0, 494.0),
(1176, '2019-06-23 21:45:10', 493.0, 494.0, 495.0),
(1177, '2019-06-23 21:45:11', 494.0, 495.0, 496.0),
(1178, '2019-06-23 21:45:11', 495.0, 496.0, 497.0),
(1179, '2019-06-23 21:45:12', 496.0, 497.0, 498.0),
(1180, '2019-06-23 21:45:12', 497.0, 498.0, 499.0),
(1181, '2019-06-23 21:45:14', 498.0, 499.0, 500.0),
(1182, '2019-06-23 21:45:14', 499.0, 500.0, 501.0),
(1183, '2019-06-23 21:45:14', 500.0, 501.0, 502.0),
(1184, '2019-06-23 21:45:14', 501.0, 502.0, 503.0),
(1185, '2019-06-23 21:45:15', 502.0, 503.0, 504.0),
(1186, '2019-06-23 21:45:15', 503.0, 504.0, 505.0),
(1187, '2019-06-23 21:45:16', 504.0, 505.0, 506.0),
(1188, '2019-06-23 21:45:17', 505.0, 506.0, 507.0),
(1189, '2019-06-23 21:45:17', 506.0, 507.0, 508.0),
(1190, '2019-06-23 21:45:17', 507.0, 508.0, 509.0),
(1191, '2019-06-23 21:45:18', 508.0, 509.0, 510.0),
(1192, '2019-06-23 21:45:18', 509.0, 510.0, 511.0),
(1193, '2019-06-23 21:45:19', 510.0, 511.0, 512.0),
(1194, '2019-06-23 21:45:20', 511.0, 512.0, 513.0),
(1195, '2019-06-23 21:45:20', 512.0, 513.0, 514.0),
(1196, '2019-06-23 21:45:20', 513.0, 514.0, 515.0),
(1197, '2019-06-23 21:45:21', 514.0, 515.0, 516.0),
(1198, '2019-06-23 21:45:21', 515.0, 516.0, 517.0),
(1199, '2019-06-23 21:45:22', 516.0, 517.0, 518.0),
(1200, '2019-06-23 21:45:22', 517.0, 518.0, 519.0),
(1201, '2019-06-23 21:45:23', 518.0, 519.0, 520.0),
(1202, '2019-06-23 21:45:30', 519.0, 520.0, 521.0),
(1203, '2019-06-23 21:45:30', 520.0, 521.0, 522.0),
(1204, '2019-06-23 21:45:30', 521.0, 522.0, 523.0),
(1205, '2019-06-23 21:45:30', 522.0, 523.0, 524.0),
(1206, '2019-06-23 21:45:30', 523.0, 524.0, 525.0),
(1207, '2019-06-23 21:45:30', 524.0, 525.0, 526.0),
(1208, '2019-06-23 21:45:30', 525.0, 526.0, 527.0),
(1209, '2019-06-23 21:45:30', 526.0, 527.0, 528.0),
(1210, '2019-06-23 21:45:30', 527.0, 528.0, 529.0),
(1211, '2019-06-23 21:45:30', 528.0, 529.0, 530.0),
(1212, '2019-06-23 21:45:30', 529.0, 530.0, 531.0),
(1213, '2019-06-23 21:45:30', 530.0, 531.0, 532.0),
(1214, '2019-06-23 21:45:30', 531.0, 532.0, 533.0),
(1215, '2019-06-23 21:45:30', 532.0, 533.0, 534.0),
(1216, '2019-06-23 21:45:30', 533.0, 534.0, 535.0),
(1217, '2019-06-23 21:45:31', 534.0, 535.0, 536.0),
(1218, '2019-06-23 21:45:31', 535.0, 536.0, 537.0),
(1219, '2019-06-23 21:45:33', 536.0, 537.0, 538.0),
(1220, '2019-06-23 21:45:33', 537.0, 538.0, 539.0),
(1221, '2019-06-23 21:45:33', 538.0, 539.0, 540.0),
(1222, '2019-06-23 21:45:33', 539.0, 540.0, 541.0),
(1223, '2019-06-23 21:45:34', 540.0, 541.0, 542.0),
(1224, '2019-06-23 21:45:34', 541.0, 542.0, 543.0),
(1225, '2019-06-23 21:45:35', 542.0, 543.0, 544.0),
(1226, '2019-06-23 21:45:35', 543.0, 544.0, 545.0),
(1227, '2019-06-23 21:45:36', 544.0, 545.0, 546.0),
(1228, '2019-06-23 21:45:36', 545.0, 546.0, 547.0),
(1229, '2019-06-23 21:45:37', 546.0, 547.0, 548.0),
(1230, '2019-06-23 21:45:37', 547.0, 548.0, 549.0),
(1231, '2019-06-23 21:45:38', 548.0, 549.0, 550.0),
(1232, '2019-06-23 21:45:38', 549.0, 550.0, 551.0),
(1233, '2019-06-23 21:45:40', 550.0, 551.0, 552.0),
(1234, '2019-06-23 21:45:40', 551.0, 552.0, 553.0),
(1235, '2019-06-23 21:45:40', 552.0, 553.0, 554.0),
(1236, '2019-06-23 21:45:40', 553.0, 554.0, 555.0),
(1237, '2019-06-23 21:45:41', 554.0, 555.0, 556.0),
(1238, '2019-06-23 21:45:41', 555.0, 556.0, 557.0),
(1239, '2019-06-23 21:45:42', 556.0, 557.0, 558.0),
(1240, '2019-06-23 21:45:42', 557.0, 558.0, 559.0),
(1241, '2019-06-23 21:45:43', 558.0, 559.0, 560.0),
(1242, '2019-06-23 21:45:43', 559.0, 560.0, 561.0),
(1243, '2019-06-23 21:45:44', 560.0, 561.0, 562.0),
(1244, '2019-06-23 21:45:44', 561.0, 562.0, 563.0),
(1245, '2019-06-23 21:45:45', 562.0, 563.0, 564.0),
(1246, '2019-06-23 21:45:45', 563.0, 564.0, 565.0),
(1247, '2019-06-23 21:45:46', 564.0, 565.0, 566.0),
(1248, '2019-06-23 21:45:46', 565.0, 566.0, 567.0),
(1249, '2019-06-23 21:45:49', 566.0, 567.0, 568.0),
(1250, '2019-06-23 21:45:49', 567.0, 568.0, 569.0),
(1251, '2019-06-23 21:45:49', 568.0, 569.0, 570.0),
(1252, '2019-06-23 21:45:49', 569.0, 570.0, 571.0),
(1253, '2019-06-23 21:45:50', 570.0, 571.0, 572.0),
(1254, '2019-06-23 21:45:50', 571.0, 572.0, 573.0),
(1255, '2019-06-23 21:45:50', 572.0, 573.0, 574.0),
(1256, '2019-06-23 21:45:50', 573.0, 574.0, 575.0),
(1257, '2019-06-23 21:45:52', 574.0, 575.0, 576.0),
(1258, '2019-06-23 21:45:52', 575.0, 576.0, 577.0),
(1259, '2019-06-23 21:45:52', 576.0, 577.0, 578.0),
(1260, '2019-06-23 21:45:52', 577.0, 578.0, 579.0),
(1261, '2019-06-23 21:45:53', 578.0, 579.0, 580.0),
(1262, '2019-06-23 21:45:53', 579.0, 580.0, 581.0),
(1263, '2019-06-23 21:45:54', 580.0, 581.0, 582.0),
(1264, '2019-06-23 21:45:55', 581.0, 582.0, 583.0),
(1265, '2019-06-23 21:45:55', 582.0, 583.0, 584.0),
(1266, '2019-06-23 21:45:55', 583.0, 584.0, 585.0),
(1267, '2019-06-23 21:45:56', 584.0, 585.0, 586.0),
(1268, '2019-06-23 21:45:56', 585.0, 586.0, 587.0),
(1269, '2019-06-23 21:45:57', 586.0, 587.0, 588.0),
(1270, '2019-06-23 21:45:57', 587.0, 588.0, 589.0),
(1271, '2019-06-23 21:45:58', 588.0, 589.0, 590.0),
(1272, '2019-06-23 21:45:58', 589.0, 590.0, 591.0),
(1273, '2019-06-23 21:45:59', 590.0, 591.0, 592.0),
(1274, '2019-06-23 21:45:59', 591.0, 592.0, 593.0),
(1275, '2019-06-23 21:46:00', 592.0, 593.0, 594.0),
(1276, '2019-06-23 21:46:00', 593.0, 594.0, 595.0),
(1277, '2019-06-23 21:46:01', 594.0, 595.0, 596.0),
(1278, '2019-06-23 21:46:01', 595.0, 596.0, 597.0),
(1279, '2019-06-23 21:46:02', 596.0, 597.0, 598.0),
(1280, '2019-06-23 21:46:02', 597.0, 598.0, 599.0),
(1281, '2019-06-23 21:46:04', 598.0, 599.0, 600.0),
(1282, '2019-06-23 21:46:04', 599.0, 600.0, 601.0),
(1283, '2019-06-23 21:46:04', 600.0, 601.0, 602.0),
(1284, '2019-06-23 21:46:04', 601.0, 602.0, 603.0),
(1285, '2019-06-23 21:46:05', 602.0, 603.0, 604.0),
(1286, '2019-06-23 21:46:05', 603.0, 604.0, 605.0),
(1287, '2019-06-23 21:46:07', 604.0, 605.0, 606.0),
(1288, '2019-06-23 21:46:07', 605.0, 606.0, 607.0),
(1289, '2019-06-23 21:46:07', 606.0, 607.0, 608.0),
(1290, '2019-06-23 21:46:07', 607.0, 608.0, 609.0),
(1291, '2019-06-23 21:46:08', 608.0, 609.0, 610.0),
(1292, '2019-06-23 21:46:08', 609.0, 610.0, 611.0),
(1293, '2019-06-23 21:46:09', 610.0, 611.0, 612.0),
(1294, '2019-06-23 21:46:09', 611.0, 612.0, 613.0),
(1295, '2019-06-23 21:46:10', 612.0, 613.0, 614.0),
(1296, '2019-06-23 21:46:10', 613.0, 614.0, 615.0),
(1297, '2019-06-23 21:46:11', 614.0, 615.0, 616.0),
(1298, '2019-06-23 21:46:11', 615.0, 616.0, 617.0),
(1299, '2019-06-23 21:46:12', 616.0, 617.0, 618.0),
(1300, '2019-06-23 21:46:12', 617.0, 618.0, 619.0),
(1301, '2019-06-23 21:46:13', 618.0, 619.0, 620.0),
(1302, '2019-06-23 21:46:13', 619.0, 620.0, 621.0),
(1303, '2019-06-23 21:46:15', 620.0, 621.0, 622.0),
(1304, '2019-06-23 21:46:15', 621.0, 622.0, 623.0),
(1305, '2019-06-23 21:46:15', 622.0, 623.0, 624.0),
(1306, '2019-06-23 21:46:15', 623.0, 624.0, 625.0),
(1307, '2019-06-23 21:46:16', 624.0, 625.0, 626.0),
(1308, '2019-06-23 21:46:16', 625.0, 626.0, 627.0),
(1309, '2019-06-23 21:46:17', 626.0, 627.0, 628.0),
(1310, '2019-06-23 21:46:18', 627.0, 628.0, 629.0),
(1311, '2019-06-23 21:46:18', 628.0, 629.0, 630.0),
(1312, '2019-06-23 21:46:18', 629.0, 630.0, 631.0),
(1313, '2019-06-23 21:46:19', 630.0, 631.0, 632.0),
(1314, '2019-06-23 21:46:19', 631.0, 632.0, 633.0),
(1315, '2019-06-23 21:46:20', 632.0, 633.0, 634.0),
(1316, '2019-06-23 21:46:20', 633.0, 634.0, 635.0),
(1317, '2019-06-23 21:46:21', 634.0, 635.0, 636.0),
(1318, '2019-06-23 21:46:21', 635.0, 636.0, 637.0),
(1319, '2019-06-23 21:46:22', 636.0, 637.0, 638.0),
(1320, '2019-06-23 21:46:22', 637.0, 638.0, 639.0),
(1321, '2019-06-23 21:46:23', 638.0, 639.0, 640.0),
(1322, '2019-06-23 21:46:23', 639.0, 640.0, 641.0),
(1323, '2019-06-23 21:46:24', 640.0, 641.0, 642.0),
(1324, '2019-06-23 21:46:24', 641.0, 642.0, 643.0),
(1325, '2019-06-23 21:46:25', 642.0, 643.0, 644.0),
(1326, '2019-06-23 21:46:26', 643.0, 644.0, 645.0),
(1327, '2019-06-23 21:46:26', 644.0, 645.0, 646.0),
(1328, '2019-06-23 21:46:26', 645.0, 646.0, 647.0),
(1329, '2019-06-23 21:46:27', 646.0, 647.0, 648.0),
(1330, '2019-06-23 21:46:27', 647.0, 648.0, 649.0),
(1331, '2019-06-23 21:46:28', 648.0, 649.0, 650.0),
(1332, '2019-06-23 21:46:28', 649.0, 650.0, 651.0),
(1333, '2019-06-23 21:46:29', 650.0, 651.0, 652.0),
(1334, '2019-06-23 21:46:30', 651.0, 652.0, 653.0),
(1335, '2019-06-23 21:46:30', 652.0, 653.0, 654.0),
(1336, '2019-06-23 21:46:30', 653.0, 654.0, 655.0),
(1337, '2019-06-23 21:46:31', 654.0, 655.0, 656.0),
(1338, '2019-06-23 21:46:31', 655.0, 656.0, 657.0),
(1339, '2019-06-23 21:46:32', 656.0, 657.0, 658.0),
(1340, '2019-06-23 21:46:34', 657.0, 658.0, 659.0),
(1341, '2019-06-23 21:46:34', 658.0, 659.0, 660.0),
(1342, '2019-06-23 21:46:34', 659.0, 660.0, 661.0),
(1343, '2019-06-23 21:46:34', 660.0, 661.0, 662.0),
(1344, '2019-06-23 21:46:34', 661.0, 662.0, 663.0),
(1345, '2019-06-23 21:46:35', 662.0, 663.0, 664.0),
(1346, '2019-06-23 21:46:35', 663.0, 664.0, 665.0),
(1347, '2019-06-23 21:46:36', 664.0, 665.0, 666.0),
(1348, '2019-06-23 21:46:36', 665.0, 666.0, 667.0),
(1349, '2019-06-23 21:46:37', 666.0, 667.0, 668.0),
(1350, '2019-06-23 21:46:37', 667.0, 668.0, 669.0),
(1351, '2019-06-23 21:46:38', 668.0, 669.0, 670.0),
(1352, '2019-06-23 21:46:38', 669.0, 670.0, 671.0),
(1353, '2019-06-23 21:46:39', 670.0, 671.0, 672.0),
(1354, '2019-06-23 21:46:41', 671.0, 672.0, 673.0),
(1355, '2019-06-23 21:46:41', 672.0, 673.0, 674.0),
(1356, '2019-06-23 21:46:41', 673.0, 674.0, 675.0),
(1357, '2019-06-23 21:46:41', 674.0, 675.0, 676.0),
(1358, '2019-06-23 21:46:41', 675.0, 676.0, 677.0),
(1359, '2019-06-23 21:46:42', 676.0, 677.0, 678.0),
(1360, '2019-06-23 21:46:42', 677.0, 678.0, 679.0),
(1361, '2019-06-23 21:46:43', 678.0, 679.0, 680.0),
(1362, '2019-06-23 21:46:43', 679.0, 680.0, 681.0),
(1363, '2019-06-23 21:46:44', 680.0, 681.0, 682.0),
(1364, '2019-06-23 21:46:44', 681.0, 682.0, 683.0),
(1365, '2019-06-23 21:46:45', 682.0, 683.0, 684.0),
(1366, '2019-06-23 21:46:45', 683.0, 684.0, 685.0),
(1367, '2019-06-23 21:46:46', 684.0, 685.0, 686.0),
(1368, '2019-06-23 21:46:46', 685.0, 686.0, 687.0),
(1369, '2019-06-23 21:46:47', 686.0, 687.0, 688.0),
(1370, '2019-06-23 21:46:47', 687.0, 688.0, 689.0),
(1371, '2019-06-23 21:46:48', 688.0, 689.0, 690.0),
(1372, '2019-06-23 21:46:48', 689.0, 690.0, 691.0),
(1373, '2019-06-23 21:46:49', 690.0, 691.0, 692.0),
(1374, '2019-06-23 21:46:49', 691.0, 692.0, 693.0),
(1375, '2019-06-23 21:46:50', 692.0, 693.0, 694.0),
(1376, '2019-06-23 21:46:50', 693.0, 694.0, 695.0),
(1377, '2019-06-23 21:46:51', 694.0, 695.0, 696.0),
(1378, '2019-06-23 21:46:51', 695.0, 696.0, 697.0),
(1379, '2019-06-23 21:46:52', 696.0, 697.0, 698.0),
(1380, '2019-06-23 21:46:52', 697.0, 698.0, 699.0),
(1381, '2019-06-23 21:46:53', 698.0, 699.0, 700.0),
(1382, '2019-06-23 21:46:53', 699.0, 700.0, 701.0),
(1383, '2019-06-23 21:46:54', 700.0, 701.0, 702.0),
(1384, '2019-06-23 21:46:54', 701.0, 702.0, 703.0),
(1385, '2019-06-23 21:46:55', 702.0, 703.0, 704.0),
(1386, '2019-06-23 21:46:55', 703.0, 704.0, 705.0),
(1387, '2019-06-23 21:46:56', 704.0, 705.0, 706.0),
(1388, '2019-06-23 21:46:56', 705.0, 706.0, 707.0),
(1389, '2019-06-23 21:46:57', 706.0, 707.0, 708.0),
(1390, '2019-06-23 21:46:57', 707.0, 708.0, 709.0),
(1391, '2019-06-23 21:47:02', 708.0, 709.0, 710.0),
(1392, '2019-06-23 21:47:02', 709.0, 710.0, 711.0),
(1393, '2019-06-23 21:47:02', 710.0, 711.0, 712.0),
(1394, '2019-06-23 21:47:02', 711.0, 712.0, 713.0),
(1395, '2019-06-23 21:47:02', 712.0, 713.0, 714.0),
(1396, '2019-06-23 21:47:02', 713.0, 714.0, 715.0),
(1397, '2019-06-23 21:47:02', 714.0, 715.0, 716.0),
(1398, '2019-06-23 21:47:02', 715.0, 716.0, 717.0),
(1399, '2019-06-23 21:47:02', 716.0, 717.0, 718.0),
(1400, '2019-06-23 21:47:02', 717.0, 718.0, 719.0),
(1401, '2019-06-23 21:47:03', 718.0, 719.0, 720.0),
(1402, '2019-06-23 21:47:03', 719.0, 720.0, 721.0),
(1403, '2019-06-23 21:47:04', 720.0, 721.0, 722.0),
(1404, '2019-06-23 21:47:04', 721.0, 722.0, 723.0),
(1405, '2019-06-23 21:47:05', 722.0, 723.0, 724.0),
(1406, '2019-06-23 21:47:05', 723.0, 724.0, 725.0),
(1407, '2019-06-23 21:47:06', 724.0, 725.0, 726.0),
(1408, '2019-06-23 21:47:06', 725.0, 726.0, 727.0),
(1409, '2019-06-23 21:47:07', 726.0, 727.0, 728.0),
(1410, '2019-06-23 21:47:07', 727.0, 728.0, 729.0),
(1411, '2019-06-23 21:47:08', 728.0, 729.0, 730.0),
(1412, '2019-06-23 21:47:08', 729.0, 730.0, 731.0),
(1413, '2019-06-23 21:47:09', 730.0, 731.0, 732.0),
(1414, '2019-06-23 21:47:09', 731.0, 732.0, 733.0),
(1415, '2019-06-23 21:47:10', 732.0, 733.0, 734.0),
(1416, '2019-06-23 21:47:10', 733.0, 734.0, 735.0),
(1417, '2019-06-23 21:47:11', 734.0, 735.0, 736.0),
(1418, '2019-06-23 21:47:11', 735.0, 736.0, 737.0),
(1419, '2019-06-23 21:47:12', 736.0, 737.0, 738.0),
(1420, '2019-06-23 21:47:12', 737.0, 738.0, 739.0),
(1421, '2019-06-23 21:47:13', 738.0, 739.0, 740.0),
(1422, '2019-06-23 21:47:13', 739.0, 740.0, 741.0),
(1423, '2019-06-23 21:47:14', 740.0, 741.0, 742.0),
(1424, '2019-06-23 21:47:14', 741.0, 742.0, 743.0),
(1425, '2019-06-23 21:47:16', 742.0, 743.0, 744.0),
(1426, '2019-06-23 21:47:16', 743.0, 744.0, 745.0),
(1427, '2019-06-23 21:47:16', 744.0, 745.0, 746.0),
(1428, '2019-06-23 21:47:16', 745.0, 746.0, 747.0),
(1429, '2019-06-23 21:47:17', 746.0, 747.0, 748.0),
(1430, '2019-06-23 21:47:17', 747.0, 748.0, 749.0),
(1431, '2019-06-23 21:47:18', 748.0, 749.0, 750.0),
(1432, '2019-06-23 21:47:18', 749.0, 750.0, 751.0),
(1433, '2019-06-23 21:47:19', 750.0, 751.0, 752.0),
(1434, '2019-06-23 21:47:19', 751.0, 752.0, 753.0),
(1435, '2019-06-23 21:47:20', 752.0, 753.0, 754.0),
(1436, '2019-06-23 21:47:20', 753.0, 754.0, 755.0),
(1437, '2019-06-23 21:47:22', 754.0, 755.0, 756.0),
(1438, '2019-06-23 21:47:22', 755.0, 756.0, 757.0),
(1439, '2019-06-23 21:47:22', 756.0, 757.0, 758.0),
(1440, '2019-06-23 21:47:22', 757.0, 758.0, 759.0),
(1441, '2019-06-23 21:47:23', 758.0, 759.0, 760.0),
(1442, '2019-06-23 21:47:23', 759.0, 760.0, 761.0),
(1443, '2019-06-23 21:47:24', 760.0, 761.0, 762.0),
(1444, '2019-06-23 21:47:24', 761.0, 762.0, 763.0),
(1445, '2019-06-23 21:47:25', 762.0, 763.0, 764.0),
(1446, '2019-06-23 21:47:26', 763.0, 764.0, 765.0),
(1447, '2019-06-23 21:47:26', 764.0, 765.0, 766.0),
(1448, '2019-06-23 21:47:26', 765.0, 766.0, 767.0),
(1449, '2019-06-23 21:47:27', 766.0, 767.0, 768.0),
(1450, '2019-06-23 21:47:27', 767.0, 768.0, 769.0),
(1451, '2019-06-23 21:47:28', 768.0, 769.0, 770.0),
(1452, '2019-06-23 21:47:28', 769.0, 770.0, 771.0),
(1453, '2019-06-23 21:47:29', 770.0, 771.0, 772.0),
(1454, '2019-06-23 21:47:29', 771.0, 772.0, 773.0),
(1455, '2019-06-23 21:47:30', 772.0, 773.0, 774.0),
(1456, '2019-06-23 21:47:30', 773.0, 774.0, 775.0),
(1457, '2019-06-23 21:47:31', 774.0, 775.0, 776.0),
(1458, '2019-06-23 21:47:31', 775.0, 776.0, 777.0),
(1459, '2019-06-23 21:47:32', 776.0, 777.0, 778.0),
(1460, '2019-06-23 21:47:32', 777.0, 778.0, 779.0),
(1461, '2019-06-23 21:47:33', 778.0, 779.0, 780.0),
(1462, '2019-06-23 21:47:33', 779.0, 780.0, 781.0),
(1463, '2019-06-23 21:47:34', 780.0, 781.0, 782.0),
(1464, '2019-06-23 21:47:34', 781.0, 782.0, 783.0),
(1465, '2019-06-23 21:47:35', 782.0, 783.0, 784.0),
(1466, '2019-06-23 21:47:35', 783.0, 784.0, 785.0),
(1467, '2019-06-23 21:47:36', 784.0, 785.0, 786.0),
(1468, '2019-06-23 21:47:36', 785.0, 786.0, 787.0),
(1469, '2019-06-23 21:47:37', 786.0, 787.0, 788.0),
(1470, '2019-06-23 21:47:37', 787.0, 788.0, 789.0),
(1471, '2019-06-23 21:47:39', 788.0, 789.0, 790.0),
(1472, '2019-06-23 21:47:39', 789.0, 790.0, 791.0),
(1473, '2019-06-23 21:47:39', 790.0, 791.0, 792.0),
(1474, '2019-06-23 21:47:39', 791.0, 792.0, 793.0),
(1475, '2019-06-23 21:47:40', 792.0, 793.0, 794.0),
(1476, '2019-06-23 21:47:40', 793.0, 794.0, 795.0),
(1477, '2019-06-23 21:47:41', 794.0, 795.0, 796.0),
(1478, '2019-06-23 21:47:41', 795.0, 796.0, 797.0),
(1479, '2019-06-23 21:47:43', 796.0, 797.0, 798.0),
(1480, '2019-06-23 21:47:43', 797.0, 798.0, 799.0),
(1481, '2019-06-23 21:47:43', 798.0, 799.0, 800.0),
(1482, '2019-06-23 21:47:44', 799.0, 800.0, 801.0),
(1483, '2019-06-23 21:47:44', 800.0, 801.0, 802.0),
(1484, '2019-06-23 21:47:44', 801.0, 802.0, 803.0),
(1485, '2019-06-23 21:47:45', 802.0, 803.0, 804.0),
(1486, '2019-06-23 21:47:45', 803.0, 804.0, 805.0),
(1487, '2019-06-23 21:47:46', 804.0, 805.0, 806.0),
(1488, '2019-06-23 21:47:46', 805.0, 806.0, 807.0),
(1489, '2019-06-23 21:47:48', 806.0, 807.0, 808.0),
(1490, '2019-06-23 21:47:48', 807.0, 808.0, 809.0),
(1491, '2019-06-23 21:47:48', 808.0, 809.0, 810.0),
(1492, '2019-06-23 21:47:48', 809.0, 810.0, 811.0),
(1493, '2019-06-23 21:47:49', 810.0, 811.0, 812.0),
(1494, '2019-06-23 21:47:49', 811.0, 812.0, 813.0),
(1495, '2019-06-23 21:47:50', 812.0, 813.0, 814.0),
(1496, '2019-06-23 21:47:50', 813.0, 814.0, 815.0),
(1497, '2019-06-23 21:47:51', 814.0, 815.0, 816.0),
(1498, '2019-06-23 21:47:51', 815.0, 816.0, 817.0),
(1499, '2019-06-23 21:47:52', 816.0, 817.0, 818.0),
(1500, '2019-06-23 21:47:52', 817.0, 818.0, 819.0),
(1501, '2019-06-23 21:47:53', 818.0, 819.0, 820.0),
(1502, '2019-06-23 21:47:53', 819.0, 820.0, 821.0),
(1503, '2019-06-23 21:47:54', 820.0, 821.0, 822.0),
(1504, '2019-06-23 21:47:54', 821.0, 822.0, 823.0),
(1505, '2019-06-23 21:47:55', 822.0, 823.0, 824.0),
(1506, '2019-06-23 21:47:55', 823.0, 824.0, 825.0),
(1507, '2019-06-23 21:47:56', 824.0, 825.0, 826.0),
(1508, '2019-06-23 21:47:56', 825.0, 826.0, 827.0),
(1509, '2019-06-23 21:47:57', 826.0, 827.0, 828.0),
(1510, '2019-06-23 21:47:57', 827.0, 828.0, 829.0),
(1511, '2019-06-23 21:47:58', 828.0, 829.0, 830.0),
(1512, '2019-06-23 21:47:59', 829.0, 830.0, 831.0),
(1513, '2019-06-23 21:47:59', 830.0, 831.0, 832.0),
(1514, '2019-06-23 21:47:59', 831.0, 832.0, 833.0),
(1515, '2019-06-23 21:48:00', 832.0, 833.0, 834.0),
(1516, '2019-06-23 21:48:00', 833.0, 834.0, 835.0),
(1517, '2019-06-23 21:48:01', 834.0, 835.0, 836.0),
(1518, '2019-06-23 21:48:01', 835.0, 836.0, 837.0),
(1519, '2019-06-23 21:48:02', 836.0, 837.0, 838.0),
(1520, '2019-06-23 21:48:02', 837.0, 838.0, 839.0),
(1521, '2019-06-23 21:48:03', 838.0, 839.0, 840.0),
(1522, '2019-06-23 21:48:06', 839.0, 840.0, 841.0),
(1523, '2019-06-23 21:48:06', 840.0, 841.0, 842.0),
(1524, '2019-06-23 21:48:06', 841.0, 842.0, 843.0),
(1525, '2019-06-23 21:48:06', 842.0, 843.0, 844.0),
(1526, '2019-06-23 21:48:06', 843.0, 844.0, 845.0),
(1527, '2019-06-23 21:48:06', 844.0, 845.0, 846.0),
(1528, '2019-06-23 21:48:06', 845.0, 846.0, 847.0),
(1529, '2019-06-23 21:48:07', 846.0, 847.0, 848.0),
(1530, '2019-06-23 21:48:07', 847.0, 848.0, 849.0),
(1531, '2019-06-23 21:48:08', 848.0, 849.0, 850.0),
(1532, '2019-06-23 21:48:09', 849.0, 850.0, 851.0),
(1533, '2019-06-23 21:48:09', 850.0, 851.0, 852.0),
(1534, '2019-06-23 21:48:09', 851.0, 852.0, 853.0),
(1535, '2019-06-23 21:48:10', 852.0, 853.0, 854.0),
(1536, '2019-06-23 21:48:10', 853.0, 854.0, 855.0),
(1537, '2019-06-23 21:48:11', 854.0, 855.0, 856.0),
(1538, '2019-06-23 21:48:11', 855.0, 856.0, 857.0),
(1539, '2019-06-23 21:48:12', 856.0, 857.0, 858.0),
(1540, '2019-06-23 21:48:12', 857.0, 858.0, 859.0),
(1541, '2019-06-23 21:48:13', 858.0, 859.0, 860.0),
(1542, '2019-06-23 21:48:13', 859.0, 860.0, 861.0),
(1543, '2019-06-23 21:48:14', 860.0, 861.0, 862.0),
(1544, '2019-06-23 21:48:14', 861.0, 862.0, 863.0),
(1545, '2019-06-23 21:48:15', 862.0, 863.0, 864.0),
(1546, '2019-06-23 21:48:15', 863.0, 864.0, 865.0),
(1547, '2019-06-23 21:48:16', 864.0, 865.0, 866.0),
(1548, '2019-06-23 21:48:16', 865.0, 866.0, 867.0),
(1549, '2019-06-23 21:48:17', 866.0, 867.0, 868.0),
(1550, '2019-06-23 21:48:17', 867.0, 868.0, 869.0),
(1551, '2019-06-23 21:48:18', 868.0, 869.0, 870.0),
(1552, '2019-06-23 21:48:20', 869.0, 870.0, 871.0),
(1553, '2019-06-23 21:48:20', 870.0, 871.0, 872.0),
(1554, '2019-06-23 21:48:20', 871.0, 872.0, 873.0),
(1555, '2019-06-23 21:48:20', 872.0, 873.0, 874.0),
(1556, '2019-06-23 21:48:20', 873.0, 874.0, 875.0),
(1557, '2019-06-23 21:48:21', 874.0, 875.0, 876.0),
(1558, '2019-06-23 21:48:21', 875.0, 876.0, 877.0),
(1559, '2019-06-23 21:48:22', 876.0, 877.0, 878.0),
(1560, '2019-06-23 21:48:22', 877.0, 878.0, 879.0),
(1561, '2019-06-23 21:48:23', 878.0, 879.0, 880.0),
(1562, '2019-06-23 21:48:23', 879.0, 880.0, 881.0),
(1563, '2019-06-23 21:48:24', 880.0, 881.0, 882.0),
(1564, '2019-06-23 21:48:24', 881.0, 882.0, 883.0),
(1565, '2019-06-23 21:48:26', 882.0, 883.0, 884.0),
(1566, '2019-06-23 21:48:26', 883.0, 884.0, 885.0),
(1567, '2019-06-23 21:48:26', 884.0, 885.0, 886.0),
(1568, '2019-06-23 21:48:26', 885.0, 886.0, 887.0),
(1569, '2019-06-23 21:48:27', 886.0, 887.0, 888.0),
(1570, '2019-06-23 21:48:27', 887.0, 888.0, 889.0),
(1571, '2019-06-23 21:48:28', 888.0, 889.0, 890.0),
(1572, '2019-06-23 21:48:28', 889.0, 890.0, 891.0),
(1573, '2019-06-23 21:48:29', 890.0, 891.0, 892.0),
(1574, '2019-06-23 21:48:29', 891.0, 892.0, 893.0),
(1575, '2019-06-23 21:48:30', 892.0, 893.0, 894.0),
(1576, '2019-06-23 21:48:30', 893.0, 894.0, 895.0),
(1577, '2019-06-23 21:48:31', 894.0, 895.0, 896.0),
(1578, '2019-06-23 21:48:31', 895.0, 896.0, 897.0),
(1579, '2019-06-23 21:48:33', 896.0, 897.0, 898.0),
(1580, '2019-06-23 21:48:33', 897.0, 898.0, 899.0),
(1581, '2019-06-23 21:48:33', 898.0, 899.0, 900.0),
(1582, '2019-06-23 21:48:34', 899.0, 900.0, 901.0),
(1583, '2019-06-23 21:48:34', 900.0, 901.0, 902.0),
(1584, '2019-06-23 21:48:36', 901.0, 902.0, 903.0),
(1585, '2019-06-23 21:48:36', 902.0, 903.0, 904.0),
(1586, '2019-06-23 21:48:36', 903.0, 904.0, 905.0),
(1587, '2019-06-23 21:48:36', 904.0, 905.0, 906.0),
(1588, '2019-06-23 21:48:37', 905.0, 906.0, 907.0),
(1589, '2019-06-23 21:48:37', 906.0, 907.0, 908.0),
(1590, '2019-06-23 21:48:37', 907.0, 908.0, 909.0),
(1591, '2019-06-23 21:48:38', 908.0, 909.0, 910.0),
(1592, '2019-06-23 21:48:38', 909.0, 910.0, 911.0),
(1593, '2019-06-23 21:48:39', 910.0, 911.0, 912.0),
(1594, '2019-06-23 21:48:39', 911.0, 912.0, 913.0),
(1595, '2019-06-23 21:48:40', 912.0, 913.0, 914.0),
(1596, '2019-06-23 21:48:40', 913.0, 914.0, 915.0),
(1597, '2019-06-23 21:48:41', 914.0, 915.0, 916.0),
(1598, '2019-06-23 21:48:42', 915.0, 916.0, 917.0),
(1599, '2019-06-23 21:48:42', 916.0, 917.0, 918.0),
(1600, '2019-06-23 21:48:43', 917.0, 918.0, 919.0),
(1601, '2019-06-23 21:48:43', 918.0, 919.0, 920.0),
(1602, '2019-06-23 21:48:43', 919.0, 920.0, 921.0),
(1603, '2019-06-23 21:48:44', 920.0, 921.0, 922.0),
(1604, '2019-06-23 21:48:44', 921.0, 922.0, 923.0),
(1605, '2019-06-23 21:48:45', 922.0, 923.0, 924.0),
(1606, '2019-06-23 21:48:45', 923.0, 924.0, 925.0),
(1607, '2019-06-23 21:48:46', 924.0, 925.0, 926.0),
(1608, '2019-06-23 21:48:46', 925.0, 926.0, 927.0),
(1609, '2019-06-23 21:48:48', 926.0, 927.0, 928.0),
(1610, '2019-06-23 21:48:48', 927.0, 928.0, 929.0),
(1611, '2019-06-23 21:48:48', 928.0, 929.0, 930.0),
(1612, '2019-06-23 21:48:48', 929.0, 930.0, 931.0),
(1613, '2019-06-23 21:48:49', 930.0, 931.0, 932.0),
(1614, '2019-06-23 21:48:49', 931.0, 932.0, 933.0),
(1615, '2019-06-23 21:48:50', 932.0, 933.0, 934.0),
(1616, '2019-06-23 21:48:51', 933.0, 934.0, 935.0),
(1617, '2019-06-23 21:48:51', 934.0, 935.0, 936.0),
(1618, '2019-06-23 21:48:51', 935.0, 936.0, 937.0),
(1619, '2019-06-23 21:48:52', 936.0, 937.0, 938.0),
(1620, '2019-06-23 21:48:54', 937.0, 938.0, 939.0),
(1621, '2019-06-23 21:48:54', 938.0, 939.0, 940.0),
(1622, '2019-06-23 21:48:54', 939.0, 940.0, 941.0),
(1623, '2019-06-23 21:48:54', 940.0, 941.0, 942.0),
(1624, '2019-06-23 21:48:57', 941.0, 942.0, 943.0),
(1625, '2019-06-23 21:49:02', 942.0, 943.0, 944.0),
(1626, '2019-06-23 21:49:02', 943.0, 944.0, 945.0),
(1627, '2019-06-23 21:49:02', 944.0, 945.0, 946.0),
(1628, '2019-06-23 21:49:02', 945.0, 946.0, 947.0),
(1629, '2019-06-23 21:49:02', 946.0, 947.0, 948.0),
(1630, '2019-06-23 21:49:02', 947.0, 948.0, 949.0),
(1631, '2019-06-23 21:49:02', 948.0, 949.0, 950.0),
(1632, '2019-06-23 21:49:02', 949.0, 950.0, 951.0),
(1633, '2019-06-23 21:49:02', 950.0, 951.0, 952.0),
(1634, '2019-06-23 21:49:02', 951.0, 952.0, 953.0),
(1635, '2019-06-23 21:49:02', 952.0, 953.0, 954.0),
(1636, '2019-06-23 21:49:02', 953.0, 954.0, 955.0),
(1637, '2019-06-23 21:49:02', 954.0, 955.0, 956.0),
(1638, '2019-06-23 21:49:02', 955.0, 956.0, 957.0),
(1639, '2019-06-23 21:49:02', 956.0, 957.0, 958.0),
(1640, '2019-06-23 21:49:03', 957.0, 958.0, 959.0),
(1641, '2019-06-23 21:49:03', 958.0, 959.0, 960.0),
(1642, '2019-06-23 21:49:04', 959.0, 960.0, 961.0),
(1643, '2019-06-23 21:49:04', 960.0, 961.0, 962.0),
(1644, '2019-06-23 21:49:05', 961.0, 962.0, 963.0),
(1645, '2019-06-23 21:49:05', 962.0, 963.0, 964.0),
(1646, '2019-06-23 21:49:06', 963.0, 964.0, 965.0),
(1647, '2019-06-23 21:49:06', 964.0, 965.0, 966.0),
(1648, '2019-06-23 21:49:07', 965.0, 966.0, 967.0),
(1649, '2019-06-23 21:49:08', 966.0, 967.0, 968.0),
(1650, '2019-06-23 21:49:08', 967.0, 968.0, 969.0),
(1651, '2019-06-23 21:49:08', 968.0, 969.0, 970.0),
(1652, '2019-06-23 21:49:09', 969.0, 970.0, 971.0),
(1653, '2019-06-23 21:49:09', 970.0, 971.0, 972.0),
(1654, '2019-06-23 21:49:10', 971.0, 972.0, 973.0),
(1655, '2019-06-23 21:49:10', 972.0, 973.0, 974.0),
(1656, '2019-06-23 21:49:11', 973.0, 974.0, 975.0),
(1657, '2019-06-23 21:49:11', 974.0, 975.0, 976.0),
(1658, '2019-06-23 21:49:13', 975.0, 976.0, 977.0),
(1659, '2019-06-23 21:49:13', 976.0, 977.0, 978.0),
(1660, '2019-06-23 21:49:13', 977.0, 978.0, 979.0),
(1661, '2019-06-23 21:49:15', 978.0, 979.0, 980.0),
(1662, '2019-06-23 21:49:15', 979.0, 980.0, 981.0),
(1663, '2019-06-23 21:49:15', 980.0, 981.0, 982.0),
(1664, '2019-06-23 21:49:15', 981.0, 982.0, 983.0),
(1665, '2019-06-23 21:49:15', 982.0, 983.0, 984.0),
(1666, '2019-06-23 21:49:16', 983.0, 984.0, 985.0),
(1667, '2019-06-23 21:49:16', 984.0, 985.0, 986.0),
(1668, '2019-06-23 21:49:17', 985.0, 986.0, 987.0),
(1669, '2019-06-23 21:49:17', 986.0, 987.0, 988.0),
(1670, '2019-06-23 21:49:18', 987.0, 988.0, 989.0),
(1671, '2019-06-23 21:49:18', 988.0, 989.0, 990.0),
(1672, '2019-06-23 21:49:19', 989.0, 990.0, 991.0),
(1673, '2019-06-23 21:49:19', 990.0, 991.0, 992.0),
(1674, '2019-06-23 21:49:20', 991.0, 992.0, 993.0),
(1675, '2019-06-23 21:49:20', 992.0, 993.0, 994.0),
(1676, '2019-06-23 21:49:21', 993.0, 994.0, 995.0),
(1677, '2019-06-23 21:49:21', 994.0, 995.0, 996.0),
(1678, '2019-06-23 21:49:22', 995.0, 996.0, 997.0),
(1679, '2019-06-23 21:49:24', 996.0, 997.0, 998.0),
(1680, '2019-06-23 21:49:24', 997.0, 998.0, 999.0),
(1681, '2019-06-23 21:49:24', 998.0, 999.0, 1000.0),
(1682, '2019-06-23 21:49:24', 999.0, 1000.0, 1001.0),
(1683, '2019-06-23 21:49:24', 1000.0, 1001.0, 1002.0),
(1684, '2019-06-23 21:49:25', 1001.0, 1002.0, 1003.0),
(1685, '2019-06-23 21:49:27', 1002.0, 1003.0, 1004.0),
(1686, '2019-06-23 21:49:27', 1003.0, 1004.0, 1005.0),
(1687, '2019-06-23 21:49:27', 1004.0, 1005.0, 1006.0),
(1688, '2019-06-23 21:49:27', 1005.0, 1006.0, 1007.0),
(1689, '2019-06-23 21:49:27', 1006.0, 1007.0, 1008.0),
(1690, '2019-06-23 21:49:28', 1007.0, 1008.0, 1009.0),
(1691, '2019-06-23 21:49:28', 1008.0, 1009.0, 1010.0),
(1692, '2019-06-23 21:49:29', 1009.0, 1010.0, 1011.0),
(1693, '2019-06-23 21:49:29', 1010.0, 1011.0, 1012.0),
(1694, '2019-06-23 21:49:33', 1011.0, 1012.0, 1013.0),
(1695, '2019-06-23 21:49:33', 1012.0, 1013.0, 1014.0),
(1696, '2019-06-23 21:49:33', 1013.0, 1014.0, 1015.0),
(1697, '2019-06-23 21:49:33', 1014.0, 1015.0, 1016.0),
(1698, '2019-06-23 21:49:33', 1015.0, 1016.0, 1017.0),
(1699, '2019-06-23 21:49:33', 1016.0, 1017.0, 1018.0),
(1700, '2019-06-23 21:49:33', 1017.0, 1018.0, 1019.0),
(1701, '2019-06-23 21:49:33', 1018.0, 1019.0, 1020.0),
(1702, '2019-06-23 21:49:35', 1019.0, 1020.0, 1021.0),
(1703, '2019-06-23 21:49:35', 1020.0, 1021.0, 1022.0),
(1704, '2019-06-23 21:49:35', 1021.0, 1022.0, 1023.0),
(1705, '2019-06-23 21:49:35', 1022.0, 1023.0, 1024.0),
(1706, '2019-06-23 21:49:36', 1023.0, 1024.0, 1025.0),
(1707, '2019-06-23 21:49:38', 1024.0, 1025.0, 1026.0),
(1708, '2019-06-23 21:49:38', 1025.0, 1026.0, 1027.0),
(1709, '2019-06-23 21:49:38', 1026.0, 1027.0, 1028.0),
(1710, '2019-06-23 21:49:38', 1027.0, 1028.0, 1029.0),
(1711, '2019-06-23 21:49:38', 1028.0, 1029.0, 1030.0),
(1712, '2019-06-23 21:49:39', 1029.0, 1030.0, 1031.0),
(1713, '2019-06-23 21:49:47', 1030.0, 1031.0, 1032.0),
(1714, '2019-06-23 21:49:47', 1031.0, 1032.0, 1033.0),
(1715, '2019-06-23 21:49:47', 1032.0, 1033.0, 1034.0),
(1716, '2019-06-23 21:49:47', 1033.0, 1034.0, 1035.0),
(1717, '2019-06-23 21:49:47', 1034.0, 1035.0, 1036.0),
(1718, '2019-06-23 21:49:47', 1035.0, 1036.0, 1037.0),
(1719, '2019-06-23 21:49:47', 1036.0, 1037.0, 1038.0),
(1720, '2019-06-23 21:49:47', 1037.0, 1038.0, 1039.0),
(1721, '2019-06-23 21:49:47', 1038.0, 1039.0, 1040.0),
(1722, '2019-06-23 21:49:47', 1039.0, 1040.0, 1041.0),
(1723, '2019-06-23 21:49:47', 1040.0, 1041.0, 1042.0),
(1724, '2019-06-23 21:49:47', 1041.0, 1042.0, 1043.0),
(1725, '2019-06-23 21:49:47', 1042.0, 1043.0, 1044.0),
(1726, '2019-06-23 21:49:47', 1043.0, 1044.0, 1045.0),
(1727, '2019-06-23 21:49:47', 1044.0, 1045.0, 1046.0),
(1728, '2019-06-23 21:49:48', 1045.0, 1046.0, 1047.0),
(1729, '2019-06-23 21:49:48', 1046.0, 1047.0, 1048.0),
(1730, '2019-06-23 21:49:48', 1047.0, 1048.0, 1049.0),
(1731, '2019-06-23 21:49:48', 1048.0, 1049.0, 1050.0),
(1732, '2019-06-23 21:49:50', 1049.0, 1050.0, 1051.0),
(1733, '2019-06-23 21:49:50', 1050.0, 1051.0, 1052.0),
(1734, '2019-06-23 21:49:50', 1051.0, 1052.0, 1053.0),
(1735, '2019-06-23 21:49:51', 1052.0, 1053.0, 1054.0),
(1736, '2019-06-23 21:49:51', 1053.0, 1054.0, 1055.0),
(1737, '2019-06-23 21:49:51', 1054.0, 1055.0, 1056.0),
(1738, '2019-06-23 21:49:52', 1055.0, 1056.0, 1057.0),
(1739, '2019-06-23 21:49:52', 1056.0, 1057.0, 1058.0),
(1740, '2019-06-23 21:49:53', 1057.0, 1058.0, 1059.0),
(1741, '2019-06-23 21:49:53', 1058.0, 1059.0, 1060.0),
(1742, '2019-06-23 21:49:54', 1059.0, 1060.0, 1061.0),
(1743, '2019-06-23 21:49:54', 1060.0, 1061.0, 1062.0),
(1744, '2019-06-23 21:49:55', 1061.0, 1062.0, 1063.0),
(1745, '2019-06-23 21:49:55', 1062.0, 1063.0, 1064.0),
(1746, '2019-06-23 21:49:56', 1063.0, 1064.0, 1065.0),
(1747, '2019-06-23 21:49:56', 1064.0, 1065.0, 1066.0),
(1748, '2019-06-23 21:49:57', 1065.0, 1066.0, 1067.0),
(1749, '2019-06-23 21:49:57', 1066.0, 1067.0, 1068.0),
(1750, '2019-06-23 21:49:58', 1067.0, 1068.0, 1069.0),
(1751, '2019-06-23 21:49:58', 1068.0, 1069.0, 1070.0),
(1752, '2019-06-23 21:50:05', 1069.0, 1070.0, 1071.0),
(1753, '2019-06-23 21:50:05', 1070.0, 1071.0, 1072.0),
(1754, '2019-06-23 21:50:05', 1071.0, 1072.0, 1073.0),
(1755, '2019-06-23 21:50:05', 1072.0, 1073.0, 1074.0),
(1756, '2019-06-23 21:50:05', 1073.0, 1074.0, 1075.0),
(1757, '2019-06-23 21:50:05', 1074.0, 1075.0, 1076.0),
(1758, '2019-06-23 21:50:06', 1075.0, 1076.0, 1077.0),
(1759, '2019-06-23 21:50:06', 1076.0, 1077.0, 1078.0),
(1760, '2019-06-23 21:50:06', 1077.0, 1078.0, 1079.0),
(1761, '2019-06-23 21:50:06', 1078.0, 1079.0, 1080.0),
(1762, '2019-06-23 21:50:06', 1079.0, 1080.0, 1081.0),
(1763, '2019-06-23 21:50:06', 1080.0, 1081.0, 1082.0),
(1764, '2019-06-23 21:50:06', 1081.0, 1082.0, 1083.0),
(1765, '2019-06-23 21:50:06', 1082.0, 1083.0, 1084.0),
(1766, '2019-06-23 21:50:06', 1083.0, 1084.0, 1085.0),
(1767, '2019-06-23 21:50:06', 1084.0, 1085.0, 1086.0),
(1768, '2019-06-23 21:50:07', 1085.0, 1086.0, 1087.0),
(1769, '2019-06-23 21:50:07', 1086.0, 1087.0, 1088.0),
(1770, '2019-06-23 21:50:08', 1087.0, 1088.0, 1089.0),
(1771, '2019-06-23 21:50:08', 1088.0, 1089.0, 1090.0),
(1772, '2019-06-23 21:50:09', 1089.0, 1090.0, 1091.0),
(1773, '2019-06-23 21:50:09', 1090.0, 1091.0, 1092.0),
(1774, '2019-06-23 21:50:10', 1091.0, 1092.0, 1093.0),
(1775, '2019-06-23 21:50:10', 1092.0, 1093.0, 1094.0),
(1776, '2019-06-23 21:50:11', 1093.0, 1094.0, 1095.0),
(1777, '2019-06-23 21:50:13', 1094.0, 1095.0, 1096.0),
(1778, '2019-06-23 21:50:17', 1095.0, 1096.0, 1097.0),
(1779, '2019-06-23 21:50:17', 1096.0, 1097.0, 1098.0),
(1780, '2019-06-23 21:50:17', 1097.0, 1098.0, 1099.0),
(1781, '2019-06-23 21:50:17', 1098.0, 1099.0, 1100.0),
(1782, '2019-06-23 21:50:17', 1099.0, 1100.0, 1101.0),
(1783, '2019-06-23 21:50:17', 1100.0, 1101.0, 1102.0),
(1784, '2019-06-23 21:50:17', 1101.0, 1102.0, 1103.0),
(1785, '2019-06-23 21:50:17', 1102.0, 1103.0, 1104.0),
(1786, '2019-06-23 21:50:17', 1103.0, 1104.0, 1105.0),
(1787, '2019-06-23 21:50:17', 1104.0, 1105.0, 1106.0),
(1788, '2019-06-23 21:50:17', 1105.0, 1106.0, 1107.0),
(1789, '2019-06-23 21:50:17', 1106.0, 1107.0, 1108.0),
(1790, '2019-06-23 21:50:18', 1107.0, 1108.0, 1109.0),
(1791, '2019-06-23 21:50:18', 1108.0, 1109.0, 1110.0),
(1792, '2019-06-23 21:50:19', 1109.0, 1110.0, 1111.0),
(1793, '2019-06-23 21:50:19', 1110.0, 1111.0, 1112.0),
(1794, '2019-06-23 21:50:20', 1111.0, 1112.0, 1113.0),
(1795, '2019-06-23 21:50:20', 1112.0, 1113.0, 1114.0),
(1796, '2019-06-23 21:50:21', 1113.0, 1114.0, 1115.0),
(1797, '2019-06-23 21:50:21', 1114.0, 1115.0, 1116.0),
(1798, '2019-06-23 21:50:22', 1115.0, 1116.0, 1117.0),
(1799, '2019-06-23 21:50:22', 1116.0, 1117.0, 1118.0),
(1800, '2019-06-23 21:50:24', 1117.0, 1118.0, 1119.0),
(1801, '2019-06-23 21:50:24', 1118.0, 1119.0, 1120.0),
(1802, '2019-06-23 21:50:24', 1119.0, 1120.0, 1121.0),
(1803, '2019-06-23 21:50:24', 1120.0, 1121.0, 1122.0),
(1804, '2019-06-23 21:50:25', 1121.0, 1122.0, 1123.0),
(1805, '2019-06-23 21:50:25', 1122.0, 1123.0, 1124.0),
(1806, '2019-06-23 21:50:26', 1123.0, 1124.0, 1125.0),
(1807, '2019-06-23 21:50:26', 1124.0, 1125.0, 1126.0),
(1808, '2019-06-23 21:50:27', 1125.0, 1126.0, 1127.0),
(1809, '2019-06-23 21:50:27', 1126.0, 1127.0, 1128.0),
(1810, '2019-06-23 21:50:28', 1127.0, 1128.0, 1129.0),
(1811, '2019-06-23 21:50:28', 1128.0, 1129.0, 1130.0),
(1812, '2019-06-23 21:50:29', 1129.0, 1130.0, 1131.0),
(1813, '2019-06-23 21:50:30', 1130.0, 1131.0, 1132.0),
(1814, '2019-06-23 21:50:30', 1131.0, 1132.0, 1133.0),
(1815, '2019-06-23 21:50:30', 1132.0, 1133.0, 1134.0),
(1816, '2019-06-23 21:50:31', 1133.0, 1134.0, 1135.0),
(1817, '2019-06-23 21:50:31', 1134.0, 1135.0, 1136.0),
(1818, '2019-06-23 21:50:32', 1135.0, 1136.0, 1137.0),
(1819, '2019-06-23 21:50:32', 1136.0, 1137.0, 1138.0),
(1820, '2019-06-23 21:50:33', 1137.0, 1138.0, 1139.0),
(1821, '2019-06-23 21:50:33', 1138.0, 1139.0, 1140.0),
(1822, '2019-06-23 21:50:34', 1139.0, 1140.0, 1141.0),
(1823, '2019-06-23 21:50:34', 1140.0, 1141.0, 1142.0),
(1824, '2019-06-23 21:50:35', 1141.0, 1142.0, 1143.0),
(1825, '2019-06-23 21:50:35', 1142.0, 1143.0, 1144.0),
(1826, '2019-06-23 21:50:36', 1143.0, 1144.0, 1145.0),
(1827, '2019-06-23 21:50:36', 1144.0, 1145.0, 1146.0),
(1828, '2019-06-23 21:50:37', 1145.0, 1146.0, 1147.0),
(1829, '2019-06-23 21:50:37', 1146.0, 1147.0, 1148.0),
(1830, '2019-06-23 21:50:38', 1147.0, 1148.0, 1149.0),
(1831, '2019-06-23 21:50:38', 1148.0, 1149.0, 1150.0),
(1832, '2019-06-23 21:50:39', 1149.0, 1150.0, 1151.0),
(1833, '2019-06-23 21:50:39', 1150.0, 1151.0, 1152.0),
(1834, '2019-06-23 21:50:40', 1151.0, 1152.0, 1153.0),
(1835, '2019-06-23 21:50:40', 1152.0, 1153.0, 1154.0),
(1836, '2019-06-23 21:50:41', 1153.0, 1154.0, 1155.0),
(1837, '2019-06-23 21:50:41', 1154.0, 1155.0, 1156.0),
(1838, '2019-06-23 21:50:42', 1155.0, 1156.0, 1157.0),
(1839, '2019-06-23 21:50:42', 1156.0, 1157.0, 1158.0),
(1840, '2019-06-23 21:50:43', 1157.0, 1158.0, 1159.0),
(1841, '2019-06-23 21:50:43', 1158.0, 1159.0, 1160.0),
(1842, '2019-06-23 21:50:44', 1159.0, 1160.0, 1161.0),
(1843, '2019-06-23 21:50:45', 1160.0, 1161.0, 1162.0),
(1844, '2019-06-23 21:50:45', 1161.0, 1162.0, 1163.0),
(1845, '2019-06-23 21:50:46', 1162.0, 1163.0, 1164.0),
(1846, '2019-06-23 21:50:46', 1163.0, 1164.0, 1165.0),
(1847, '2019-06-23 21:50:46', 1164.0, 1165.0, 1166.0),
(1848, '2019-06-23 21:50:47', 1165.0, 1166.0, 1167.0),
(1849, '2019-06-23 21:50:47', 1166.0, 1167.0, 1168.0),
(1850, '2019-06-23 21:50:48', 1167.0, 1168.0, 1169.0),
(1851, '2019-06-23 21:50:48', 1168.0, 1169.0, 1170.0),
(1852, '2019-06-23 21:50:49', 1169.0, 1170.0, 1171.0),
(1853, '2019-06-23 21:50:49', 1170.0, 1171.0, 1172.0),
(1854, '2019-06-23 21:50:50', 1171.0, 1172.0, 1173.0),
(1855, '2019-06-23 21:50:50', 1172.0, 1173.0, 1174.0),
(1856, '2019-06-23 21:50:51', 1173.0, 1174.0, 1175.0),
(1857, '2019-06-23 21:50:51', 1174.0, 1175.0, 1176.0),
(1858, '2019-06-23 21:50:52', 1175.0, 1176.0, 1177.0),
(1859, '2019-06-23 21:50:52', 1176.0, 1177.0, 1178.0),
(1860, '2019-06-23 21:50:53', 1177.0, 1178.0, 1179.0),
(1861, '2019-06-23 21:50:53', 1178.0, 1179.0, 1180.0),
(1862, '2019-06-23 21:50:54', 1179.0, 1180.0, 1181.0),
(1863, '2019-06-23 21:50:54', 1180.0, 1181.0, 1182.0),
(1864, '2019-06-23 21:50:55', 1181.0, 1182.0, 1183.0),
(1865, '2019-06-23 21:50:55', 1182.0, 1183.0, 1184.0),
(1866, '2019-06-23 21:50:56', 1183.0, 1184.0, 1185.0),
(1867, '2019-06-23 21:50:56', 1184.0, 1185.0, 1186.0),
(1868, '2019-06-23 21:50:57', 1185.0, 1186.0, 1187.0),
(1869, '2019-06-23 21:50:57', 1186.0, 1187.0, 1188.0),
(1870, '2019-06-23 21:50:58', 1187.0, 1188.0, 1189.0),
(1871, '2019-06-23 21:51:00', 1188.0, 1189.0, 1190.0),
(1872, '2019-06-23 21:51:00', 1189.0, 1190.0, 1191.0),
(1873, '2019-06-23 21:51:00', 1190.0, 1191.0, 1192.0),
(1874, '2019-06-23 21:51:01', 1191.0, 1192.0, 1193.0),
(1875, '2019-06-23 21:51:01', 1192.0, 1193.0, 1194.0),
(1876, '2019-06-23 21:51:01', 1193.0, 1194.0, 1195.0),
(1877, '2019-06-23 21:51:02', 1194.0, 1195.0, 1196.0),
(1878, '2019-06-23 21:51:02', 1195.0, 1196.0, 1197.0),
(1879, '2019-06-23 21:51:02', 1196.0, 1197.0, 1198.0),
(1880, '2019-06-23 21:51:04', 1197.0, 1198.0, 1199.0),
(1881, '2019-06-23 21:51:04', 1198.0, 1199.0, 1200.0),
(1882, '2019-06-23 21:51:04', 1199.0, 1200.0, 1201.0),
(1883, '2019-06-23 21:51:04', 1200.0, 1201.0, 1202.0),
(1884, '2019-06-23 21:51:05', 1201.0, 1202.0, 1203.0),
(1885, '2019-06-23 21:51:05', 1202.0, 1203.0, 1204.0),
(1886, '2019-06-23 21:51:06', 1203.0, 1204.0, 1205.0),
(1887, '2019-06-23 21:51:06', 1204.0, 1205.0, 1206.0),
(1888, '2019-06-23 21:51:09', 1205.0, 1206.0, 1207.0),
(1889, '2019-06-23 21:51:09', 1206.0, 1207.0, 1208.0),
(1890, '2019-06-23 21:51:09', 1207.0, 1208.0, 1209.0),
(1891, '2019-06-23 21:51:09', 1208.0, 1209.0, 1210.0),
(1892, '2019-06-23 21:51:09', 1209.0, 1210.0, 1211.0),
(1893, '2019-06-23 21:51:09', 1210.0, 1211.0, 1212.0),
(1894, '2019-06-23 21:51:10', 1211.0, 1212.0, 1213.0),
(1895, '2019-06-23 21:51:10', 1212.0, 1213.0, 1214.0),
(1896, '2019-06-23 21:51:11', 1213.0, 1214.0, 1215.0),
(1897, '2019-06-23 21:51:11', 1214.0, 1215.0, 1216.0),
(1898, '2019-06-23 21:51:12', 1215.0, 1216.0, 1217.0),
(1899, '2019-06-23 21:51:13', 1216.0, 1217.0, 1218.0),
(1900, '2019-06-23 21:51:13', 1217.0, 1218.0, 1219.0),
(1901, '2019-06-23 21:51:13', 1218.0, 1219.0, 1220.0),
(1902, '2019-06-23 21:51:14', 1219.0, 1220.0, 1221.0),
(1903, '2019-06-23 21:51:14', 1220.0, 1221.0, 1222.0),
(1904, '2019-06-23 21:51:15', 1221.0, 1222.0, 1223.0),
(1905, '2019-06-23 21:51:17', 1222.0, 1223.0, 1224.0),
(1906, '2019-06-23 21:51:17', 1223.0, 1224.0, 1225.0),
(1907, '2019-06-23 21:51:17', 1224.0, 1225.0, 1226.0),
(1908, '2019-06-23 21:51:17', 1225.0, 1226.0, 1227.0),
(1909, '2019-06-23 21:51:18', 1226.0, 1227.0, 1228.0),
(1910, '2019-06-23 21:51:18', 1227.0, 1228.0, 1229.0),
(1911, '2019-06-23 21:51:18', 1228.0, 1229.0, 1230.0),
(1912, '2019-06-23 21:51:19', 1229.0, 1230.0, 1231.0),
(1913, '2019-06-23 21:51:19', 1230.0, 1231.0, 1232.0),
(1914, '2019-06-23 21:51:20', 1231.0, 1232.0, 1233.0),
(1915, '2019-06-23 21:51:20', 1232.0, 1233.0, 1234.0),
(1916, '2019-06-23 21:51:21', 1233.0, 1234.0, 1235.0),
(1917, '2019-06-23 21:51:21', 1234.0, 1235.0, 1236.0),
(1918, '2019-06-23 21:51:22', 1235.0, 1236.0, 1237.0),
(1919, '2019-06-23 21:51:22', 1236.0, 1237.0, 1238.0),
(1920, '2019-06-23 21:51:23', 1237.0, 1238.0, 1239.0),
(1921, '2019-06-23 21:51:23', 1238.0, 1239.0, 1240.0),
(1922, '2019-06-23 21:51:24', 1239.0, 1240.0, 1241.0),
(1923, '2019-06-23 21:51:24', 1240.0, 1241.0, 1242.0),
(1924, '2019-06-23 21:51:25', 1241.0, 1242.0, 1243.0),
(1925, '2019-06-23 21:51:26', 1242.0, 1243.0, 1244.0),
(1926, '2019-06-23 21:51:26', 1243.0, 1244.0, 1245.0),
(1927, '2019-06-23 21:51:26', 1244.0, 1245.0, 1246.0),
(1928, '2019-06-23 21:51:29', 1245.0, 1246.0, 1247.0),
(1929, '2019-06-23 21:51:29', 1246.0, 1247.0, 1248.0),
(1930, '2019-06-23 21:51:29', 1247.0, 1248.0, 1249.0),
(1931, '2019-06-23 21:51:29', 1248.0, 1249.0, 1250.0),
(1932, '2019-06-23 21:51:29', 1249.0, 1250.0, 1251.0),
(1933, '2019-06-23 21:51:29', 1250.0, 1251.0, 1252.0),
(1934, '2019-06-23 21:51:30', 1251.0, 1252.0, 1253.0),
(1935, '2019-06-23 21:51:30', 1252.0, 1253.0, 1254.0),
(1936, '2019-06-23 21:51:32', 1253.0, 1254.0, 1255.0),
(1937, '2019-06-23 21:51:32', 1254.0, 1255.0, 1256.0),
(1938, '2019-06-23 21:51:32', 1255.0, 1256.0, 1257.0),
(1939, '2019-06-23 21:51:32', 1256.0, 1257.0, 1258.0),
(1940, '2019-06-23 21:51:33', 1257.0, 1258.0, 1259.0),
(1941, '2019-06-23 21:51:33', 1258.0, 1259.0, 1260.0),
(1942, '2019-06-23 21:51:34', 1259.0, 1260.0, 1261.0),
(1943, '2019-06-23 21:51:36', 1260.0, 1261.0, 1262.0),
(1944, '2019-06-23 21:51:36', 1261.0, 1262.0, 1263.0),
(1945, '2019-06-23 21:51:36', 1262.0, 1263.0, 1264.0),
(1946, '2019-06-23 21:51:36', 1263.0, 1264.0, 1265.0),
(1947, '2019-06-23 21:51:36', 1264.0, 1265.0, 1266.0),
(1948, '2019-06-23 21:51:37', 1265.0, 1266.0, 1267.0),
(1949, '2019-06-23 21:51:37', 1266.0, 1267.0, 1268.0),
(1950, '2019-06-23 21:51:38', 1267.0, 1268.0, 1269.0),
(1951, '2019-06-23 21:51:38', 1268.0, 1269.0, 1270.0),
(1952, '2019-06-23 21:51:39', 1269.0, 1270.0, 1271.0),
(1953, '2019-06-23 21:51:39', 1270.0, 1271.0, 1272.0),
(1954, '2019-06-23 21:51:40', 1271.0, 1272.0, 1273.0),
(1955, '2019-06-23 21:51:40', 1272.0, 1273.0, 1274.0),
(1956, '2019-06-23 21:51:41', 1273.0, 1274.0, 1275.0),
(1957, '2019-06-23 21:51:41', 1274.0, 1275.0, 1276.0),
(1958, '2019-06-23 21:51:43', 1275.0, 1276.0, 1277.0),
(1959, '2019-06-23 21:51:43', 1276.0, 1277.0, 1278.0),
(1960, '2019-06-23 21:51:43', 1277.0, 1278.0, 1279.0),
(1961, '2019-06-23 21:51:43', 1278.0, 1279.0, 1280.0),
(1962, '2019-06-23 21:51:44', 1279.0, 1280.0, 1281.0),
(1963, '2019-06-23 21:51:44', 1280.0, 1281.0, 1282.0),
(1964, '2019-06-23 21:51:45', 1281.0, 1282.0, 1283.0),
(1965, '2019-06-23 21:51:45', 1282.0, 1283.0, 1284.0),
(1966, '2019-06-23 21:51:46', 1283.0, 1284.0, 1285.0),
(1967, '2019-06-23 21:51:47', 1284.0, 1285.0, 1286.0),
(1968, '2019-06-23 21:51:47', 1285.0, 1286.0, 1287.0),
(1969, '2019-06-23 21:51:47', 1286.0, 1287.0, 1288.0),
(1970, '2019-06-23 21:51:48', 1287.0, 1288.0, 1289.0),
(1971, '2019-06-23 21:51:48', 1288.0, 1289.0, 1290.0),
(1972, '2019-06-23 21:51:49', 1289.0, 1290.0, 1291.0),
(1973, '2019-06-23 21:51:49', 1290.0, 1291.0, 1292.0),
(1974, '2019-06-23 21:51:50', 1291.0, 1292.0, 1293.0),
(1975, '2019-06-23 21:51:50', 1292.0, 1293.0, 1294.0),
(1976, '2019-06-23 21:51:51', 1293.0, 1294.0, 1295.0),
(1977, '2019-06-23 21:51:51', 1294.0, 1295.0, 1296.0),
(1978, '2019-06-23 21:51:53', 1295.0, 1296.0, 1297.0),
(1979, '2019-06-23 21:51:53', 1296.0, 1297.0, 1298.0),
(1980, '2019-06-23 21:51:53', 1297.0, 1298.0, 1299.0),
(1981, '2019-06-23 21:51:53', 1298.0, 1299.0, 1300.0),
(1982, '2019-06-23 21:51:55', 1299.0, 1300.0, 1301.0),
(1983, '2019-06-23 21:51:56', 1300.0, 1301.0, 1302.0),
(1984, '2019-06-23 21:51:56', 1301.0, 1302.0, 1303.0),
(1985, '2019-06-23 21:51:56', 1302.0, 1303.0, 1304.0),
(1986, '2019-06-23 21:51:56', 1303.0, 1304.0, 1305.0),
(1987, '2019-06-23 21:51:56', 1304.0, 1305.0, 1306.0),
(1988, '2019-06-23 21:51:57', 1305.0, 1306.0, 1307.0),
(1989, '2019-06-23 21:51:57', 1306.0, 1307.0, 1308.0),
(1990, '2019-06-23 21:51:58', 1307.0, 1308.0, 1309.0),
(1991, '2019-06-23 21:51:58', 1308.0, 1309.0, 1310.0),
(1992, '2019-06-23 21:51:59', 1309.0, 1310.0, 1311.0),
(1993, '2019-06-23 21:51:59', 1310.0, 1311.0, 1312.0),
(1994, '2019-06-23 21:52:00', 1311.0, 1312.0, 1313.0),
(1995, '2019-06-23 21:52:00', 1312.0, 1313.0, 1314.0),
(1996, '2019-06-23 21:52:01', 1313.0, 1314.0, 1315.0),
(1997, '2019-06-23 21:52:01', 1314.0, 1315.0, 1316.0),
(1998, '2019-06-23 21:52:02', 1315.0, 1316.0, 1317.0),
(1999, '2019-06-23 21:52:02', 1316.0, 1317.0, 1318.0),
(2000, '2019-06-23 21:52:03', 1317.0, 1318.0, 1319.0),
(2001, '2019-06-23 21:52:03', 1318.0, 1319.0, 1320.0),
(2002, '2019-06-23 21:52:04', 1319.0, 1320.0, 1321.0),
(2003, '2019-06-23 21:52:04', 1320.0, 1321.0, 1322.0),
(2004, '2019-06-23 21:52:05', 1321.0, 1322.0, 1323.0),
(2005, '2019-06-23 21:52:05', 1322.0, 1323.0, 1324.0),
(2006, '2019-06-23 21:52:06', 1323.0, 1324.0, 1325.0),
(2007, '2019-06-23 21:52:06', 1324.0, 1325.0, 1326.0),
(2008, '2019-06-23 21:52:07', 1325.0, 1326.0, 1327.0),
(2009, '2019-06-23 21:52:07', 1326.0, 1327.0, 1328.0),
(2010, '2019-06-23 21:52:08', 1327.0, 1328.0, 1329.0),
(2011, '2019-06-23 21:52:10', 1328.0, 1329.0, 1330.0),
(2012, '2019-06-23 21:52:10', 1329.0, 1330.0, 1331.0),
(2013, '2019-06-23 21:52:10', 1330.0, 1331.0, 1332.0),
(2014, '2019-06-23 21:52:10', 1331.0, 1332.0, 1333.0),
(2015, '2019-06-23 21:52:10', 1332.0, 1333.0, 1334.0),
(2016, '2019-06-23 21:52:11', 1333.0, 1334.0, 1335.0);
INSERT INTO `data` (`data_id`, `dada_date`, `data_temp1`, `data_temp2`, `data_volts`) VALUES
(2017, '2019-06-23 21:52:11', 1334.0, 1335.0, 1336.0),
(2018, '2019-06-23 21:52:12', 1335.0, 1336.0, 1337.0),
(2019, '2019-06-23 21:52:12', 1336.0, 1337.0, 1338.0),
(2020, '2019-06-23 21:52:13', 1337.0, 1338.0, 1339.0),
(2021, '2019-06-23 21:52:13', 1338.0, 1339.0, 1340.0),
(2022, '2019-06-23 21:52:14', 1339.0, 1340.0, 1341.0),
(2023, '2019-06-23 21:52:14', 1340.0, 1341.0, 1342.0),
(2024, '2019-06-23 21:52:15', 1341.0, 1342.0, 1343.0),
(2025, '2019-06-23 21:52:17', 1342.0, 1343.0, 1344.0),
(2026, '2019-06-23 21:52:17', 1343.0, 1344.0, 1345.0),
(2027, '2019-06-23 21:52:17', 1344.0, 1345.0, 1346.0),
(2028, '2019-06-23 21:52:17', 1345.0, 1346.0, 1347.0),
(2029, '2019-06-23 21:52:18', 1346.0, 1347.0, 1348.0),
(2030, '2019-06-23 21:52:18', 1347.0, 1348.0, 1349.0),
(2031, '2019-06-23 21:52:18', 1348.0, 1349.0, 1350.0),
(2032, '2019-06-23 21:52:19', 1349.0, 1350.0, 1351.0),
(2033, '2019-06-23 21:52:19', 1350.0, 1351.0, 1352.0),
(2034, '2019-06-23 21:52:20', 1351.0, 1352.0, 1353.0),
(2035, '2019-06-23 21:52:20', 1352.0, 1353.0, 1354.0),
(2036, '2019-06-23 21:52:21', 1353.0, 1354.0, 1355.0),
(2037, '2019-06-23 21:52:21', 1354.0, 1355.0, 1356.0),
(2038, '2019-06-23 21:52:22', 1355.0, 1356.0, 1357.0),
(2039, '2019-06-23 21:52:22', 1356.0, 1357.0, 1358.0),
(2040, '2019-06-23 21:52:23', 1357.0, 1358.0, 1359.0),
(2041, '2019-06-23 21:52:24', 1358.0, 1359.0, 1360.0),
(2042, '2019-06-23 21:52:24', 1359.0, 1360.0, 1361.0),
(2043, '2019-06-23 21:52:24', 1360.0, 1361.0, 1362.0),
(2044, '2019-06-23 21:52:25', 1361.0, 1362.0, 1363.0),
(2045, '2019-06-23 21:52:25', 1362.0, 1363.0, 1364.0),
(2046, '2019-06-23 21:52:26', 1363.0, 1364.0, 1365.0),
(2047, '2019-06-23 21:52:26', 1364.0, 1365.0, 1366.0),
(2048, '2019-06-23 21:52:27', 1365.0, 1366.0, 1367.0),
(2049, '2019-06-23 21:52:27', 1366.0, 1367.0, 1368.0),
(2050, '2019-06-23 21:52:28', 1367.0, 1368.0, 1369.0),
(2051, '2019-06-23 21:52:28', 1368.0, 1369.0, 1370.0),
(2052, '2019-06-23 21:52:29', 1369.0, 1370.0, 1371.0),
(2053, '2019-06-23 21:52:29', 1370.0, 1371.0, 1372.0),
(2054, '2019-06-23 21:52:31', 1371.0, 1372.0, 1373.0),
(2055, '2019-06-23 21:52:31', 1372.0, 1373.0, 1374.0),
(2056, '2019-06-23 21:52:31', 1373.0, 1374.0, 1375.0),
(2057, '2019-06-23 21:52:31', 1374.0, 1375.0, 1376.0),
(2058, '2019-06-23 21:52:32', 1375.0, 1376.0, 1377.0),
(2059, '2019-06-23 21:52:32', 1376.0, 1377.0, 1378.0),
(2060, '2019-06-23 21:52:33', 1377.0, 1378.0, 1379.0),
(2061, '2019-06-23 21:52:33', 1378.0, 1379.0, 1380.0),
(2062, '2019-06-23 21:52:34', 1379.0, 1380.0, 1381.0),
(2063, '2019-06-23 21:52:34', 1380.0, 1381.0, 1382.0),
(2064, '2019-06-23 21:52:35', 1381.0, 1382.0, 1383.0),
(2065, '2019-06-23 21:52:35', 1382.0, 1383.0, 1384.0),
(2066, '2019-06-23 21:52:37', 1383.0, 1384.0, 1385.0),
(2067, '2019-06-23 21:52:37', 1384.0, 1385.0, 1386.0),
(2068, '2019-06-23 21:52:37', 1385.0, 1386.0, 1387.0),
(2069, '2019-06-23 21:52:38', 1386.0, 1387.0, 1388.0),
(2070, '2019-06-23 21:52:38', 1387.0, 1388.0, 1389.0),
(2071, '2019-06-23 21:52:40', 1388.0, 1389.0, 1390.0),
(2072, '2019-06-23 21:52:40', 1389.0, 1390.0, 1391.0),
(2073, '2019-06-23 21:52:40', 1390.0, 1391.0, 1392.0),
(2074, '2019-06-23 21:52:40', 1391.0, 1392.0, 1393.0),
(2075, '2019-06-23 21:52:41', 1392.0, 1393.0, 1394.0),
(2076, '2019-06-23 21:52:41', 1393.0, 1394.0, 1395.0),
(2077, '2019-06-23 21:52:42', 1394.0, 1395.0, 1396.0),
(2078, '2019-06-23 21:52:42', 1395.0, 1396.0, 1397.0),
(2079, '2019-06-23 21:52:42', 1396.0, 1397.0, 1398.0),
(2080, '2019-06-23 21:52:43', 1397.0, 1398.0, 1399.0),
(2081, '2019-06-23 21:52:43', 1398.0, 1399.0, 1400.0),
(2082, '2019-06-23 21:52:44', 1399.0, 1400.0, 1401.0),
(2083, '2019-06-23 21:52:44', 1400.0, 1401.0, 1402.0),
(2084, '2019-06-23 21:52:45', 1401.0, 1402.0, 1403.0),
(2085, '2019-06-23 21:52:45', 1402.0, 1403.0, 1404.0),
(2086, '2019-06-23 21:52:46', 1403.0, 1404.0, 1405.0),
(2087, '2019-06-23 21:52:46', 1404.0, 1405.0, 1406.0),
(2088, '2019-06-23 21:52:48', 1405.0, 1406.0, 1407.0),
(2089, '2019-06-23 21:52:48', 1406.0, 1407.0, 1408.0),
(2090, '2019-06-23 21:52:48', 1407.0, 1408.0, 1409.0),
(2091, '2019-06-23 21:52:48', 1408.0, 1409.0, 1410.0),
(2092, '2019-06-23 21:52:49', 1409.0, 1410.0, 1411.0),
(2093, '2019-06-23 21:52:49', 1410.0, 1411.0, 1412.0),
(2094, '2019-06-23 21:52:50', 1411.0, 1412.0, 1413.0),
(2095, '2019-06-23 21:52:50', 1412.0, 1413.0, 1414.0),
(2096, '2019-06-23 21:52:51', 1413.0, 1414.0, 1415.0),
(2097, '2019-06-23 21:52:51', 1414.0, 1415.0, 1416.0),
(2098, '2019-06-23 21:52:52', 1415.0, 1416.0, 1417.0),
(2099, '2019-06-23 21:52:52', 1416.0, 1417.0, 1418.0),
(2100, '2019-06-23 21:52:53', 1417.0, 1418.0, 1419.0),
(2101, '2019-06-23 21:52:53', 1418.0, 1419.0, 1420.0),
(2102, '2019-06-23 21:52:54', 1419.0, 1420.0, 1421.0),
(2103, '2019-06-23 21:52:54', 1420.0, 1421.0, 1422.0),
(2104, '2019-06-23 21:52:55', 1421.0, 1422.0, 1423.0),
(2105, '2019-06-23 21:52:55', 1422.0, 1423.0, 1424.0),
(2106, '2019-06-23 21:52:56', 1423.0, 1424.0, 1425.0),
(2107, '2019-06-23 21:52:56', 1424.0, 1425.0, 1426.0),
(2108, '2019-06-23 21:52:57', 1425.0, 1426.0, 1427.0),
(2109, '2019-06-23 21:52:59', 1426.0, 1427.0, 1428.0),
(2110, '2019-06-23 21:52:59', 1427.0, 1428.0, 1429.0),
(2111, '2019-06-23 21:52:59', 1428.0, 1429.0, 1430.0),
(2112, '2019-06-23 21:52:59', 1429.0, 1430.0, 1431.0),
(2113, '2019-06-23 21:52:59', 1430.0, 1431.0, 1432.0),
(2114, '2019-06-23 21:53:01', 1431.0, 1432.0, 1433.0),
(2115, '2019-06-23 21:53:01', 1432.0, 1433.0, 1434.0),
(2116, '2019-06-23 21:53:01', 1433.0, 1434.0, 1435.0),
(2117, '2019-06-23 21:53:02', 1434.0, 1435.0, 1436.0),
(2118, '2019-06-23 21:53:03', 1435.0, 1436.0, 1437.0),
(2119, '2019-06-23 21:53:03', 1436.0, 1437.0, 1438.0),
(2120, '2019-06-23 21:53:03', 1437.0, 1438.0, 1439.0),
(2121, '2019-06-23 21:53:04', 1438.0, 1439.0, 1440.0),
(2122, '2019-06-23 21:53:04', 1439.0, 1440.0, 1441.0),
(2123, '2019-06-23 21:53:05', 1440.0, 1441.0, 1442.0),
(2124, '2019-06-23 21:53:05', 1441.0, 1442.0, 1443.0),
(2125, '2019-06-23 21:53:06', 1442.0, 1443.0, 1444.0),
(2126, '2019-06-23 21:53:06', 1443.0, 1444.0, 1445.0),
(2127, '2019-06-23 21:53:07', 1444.0, 1445.0, 1446.0),
(2128, '2019-06-23 21:53:07', 1445.0, 1446.0, 1447.0),
(2129, '2019-06-23 21:53:08', 1446.0, 1447.0, 1448.0),
(2130, '2019-06-23 21:53:09', 1447.0, 1448.0, 1449.0),
(2131, '2019-06-23 21:53:10', 1448.0, 1449.0, 1450.0),
(2132, '2019-06-23 21:53:10', 1449.0, 1450.0, 1451.0),
(2133, '2019-06-23 21:53:10', 1450.0, 1451.0, 1452.0),
(2134, '2019-06-23 21:53:10', 1451.0, 1452.0, 1453.0),
(2135, '2019-06-23 21:53:11', 1452.0, 1453.0, 1454.0),
(2136, '2019-06-23 21:53:11', 1453.0, 1454.0, 1455.0),
(2137, '2019-06-23 21:53:12', 1454.0, 1455.0, 1456.0),
(2138, '2019-06-23 21:53:12', 1455.0, 1456.0, 1457.0),
(2139, '2019-06-23 21:53:14', 1456.0, 1457.0, 1458.0),
(2140, '2019-06-23 21:53:14', 1457.0, 1458.0, 1459.0),
(2141, '2019-06-23 21:53:14', 1458.0, 1459.0, 1460.0),
(2142, '2019-06-23 21:53:14', 1459.0, 1460.0, 1461.0),
(2143, '2019-06-23 21:53:15', 1460.0, 1461.0, 1462.0),
(2144, '2019-06-23 21:53:15', 1461.0, 1462.0, 1463.0),
(2145, '2019-06-23 21:53:16', 1462.0, 1463.0, 1464.0),
(2146, '2019-06-23 21:53:16', 1463.0, 1464.0, 1465.0),
(2147, '2019-06-23 21:53:17', 1464.0, 1465.0, 1466.0),
(2148, '2019-06-23 21:53:17', 1465.0, 1466.0, 1467.0),
(2149, '2019-06-23 21:53:18', 1466.0, 1467.0, 1468.0),
(2150, '2019-06-23 21:53:18', 1467.0, 1468.0, 1469.0),
(2151, '2019-06-23 21:53:19', 1468.0, 1469.0, 1470.0),
(2152, '2019-06-23 21:53:19', 1469.0, 1470.0, 1471.0),
(2153, '2019-06-23 21:53:20', 1470.0, 1471.0, 1472.0),
(2154, '2019-06-23 21:53:20', 1471.0, 1472.0, 1473.0),
(2155, '2019-06-23 21:53:21', 1472.0, 1473.0, 1474.0),
(2156, '2019-06-23 21:53:21', 1473.0, 1474.0, 1475.0),
(2157, '2019-06-23 21:53:22', 1474.0, 1475.0, 1476.0),
(2158, '2019-06-23 21:53:22', 1475.0, 1476.0, 1477.0),
(2159, '2019-06-23 21:53:23', 1476.0, 1477.0, 1478.0),
(2160, '2019-06-23 21:53:23', 1477.0, 1478.0, 1479.0),
(2161, '2019-06-23 21:53:24', 1478.0, 1479.0, 1480.0),
(2162, '2019-06-23 21:53:24', 1479.0, 1480.0, 1481.0),
(2163, '2019-06-23 21:53:25', 1480.0, 1481.0, 1482.0),
(2164, '2019-06-23 21:53:25', 1481.0, 1482.0, 1483.0),
(2165, '2019-06-23 21:53:26', 1482.0, 1483.0, 1484.0),
(2166, '2019-06-23 21:53:26', 1483.0, 1484.0, 1485.0),
(2167, '2019-06-23 21:53:27', 1484.0, 1485.0, 1486.0),
(2168, '2019-06-23 21:53:27', 1485.0, 1486.0, 1487.0),
(2169, '2019-06-23 21:53:28', 1486.0, 1487.0, 1488.0),
(2170, '2019-06-23 21:53:28', 1487.0, 1488.0, 1489.0),
(2171, '2019-06-23 21:53:29', 1488.0, 1489.0, 1490.0),
(2172, '2019-06-23 21:53:29', 1489.0, 1490.0, 1491.0),
(2173, '2019-06-23 21:53:30', 1490.0, 1491.0, 1492.0),
(2174, '2019-06-23 21:53:30', 1491.0, 1492.0, 1493.0),
(2175, '2019-06-23 21:53:31', 1492.0, 1493.0, 1494.0),
(2176, '2019-06-23 21:53:31', 1493.0, 1494.0, 1495.0),
(2177, '2019-06-23 21:53:32', 1494.0, 1495.0, 1496.0),
(2178, '2019-06-23 21:53:32', 1495.0, 1496.0, 1497.0),
(2179, '2019-06-23 21:53:33', 1496.0, 1497.0, 1498.0),
(2180, '2019-06-23 21:53:33', 1497.0, 1498.0, 1499.0),
(2181, '2019-06-23 21:53:34', 1498.0, 1499.0, 1500.0),
(2182, '2019-06-23 21:53:34', 1499.0, 1500.0, 1501.0),
(2183, '2019-06-23 21:53:35', 1500.0, 1501.0, 1502.0),
(2184, '2019-06-23 21:53:35', 1501.0, 1502.0, 1503.0),
(2185, '2019-06-23 21:53:36', 1502.0, 1503.0, 1504.0),
(2186, '2019-06-23 21:53:36', 1503.0, 1504.0, 1505.0),
(2187, '2019-06-23 21:53:37', 1504.0, 1505.0, 1506.0),
(2188, '2019-06-23 21:53:37', 1505.0, 1506.0, 1507.0),
(2189, '2019-06-23 21:53:38', 1506.0, 1507.0, 1508.0),
(2190, '2019-06-23 21:53:38', 1507.0, 1508.0, 1509.0),
(2191, '2019-06-23 21:53:39', 1508.0, 1509.0, 1510.0),
(2192, '2019-06-23 21:53:39', 1509.0, 1510.0, 1511.0),
(2193, '2019-06-23 21:53:40', 1510.0, 1511.0, 1512.0),
(2194, '2019-06-23 21:53:40', 1511.0, 1512.0, 1513.0),
(2195, '2019-06-23 21:53:41', 1512.0, 1513.0, 1514.0),
(2196, '2019-06-23 21:53:41', 1513.0, 1514.0, 1515.0),
(2197, '2019-06-23 21:53:42', 1514.0, 1515.0, 1516.0),
(2198, '2019-06-23 21:53:42', 1515.0, 1516.0, 1517.0),
(2199, '2019-06-23 21:53:43', 1516.0, 1517.0, 1518.0),
(2200, '2019-06-23 21:53:43', 1517.0, 1518.0, 1519.0),
(2201, '2019-06-23 21:53:44', 1518.0, 1519.0, 1520.0),
(2202, '2019-06-23 21:53:44', 1519.0, 1520.0, 1521.0),
(2203, '2019-06-23 21:53:45', 1520.0, 1521.0, 1522.0),
(2204, '2021-02-28 07:13:34', 52134.0, 52135.0, 52136.0),
(2205, '2021-02-28 07:13:35', 52135.0, 52136.0, 52137.0),
(2206, '2021-02-28 07:13:35', 52136.0, 52137.0, 52138.0),
(2207, '2021-02-28 07:13:36', 52137.0, 52138.0, 52139.0),
(2208, '2021-02-28 07:13:36', 52138.0, 52139.0, 52140.0),
(2209, '2021-02-28 07:13:37', 52139.0, 52140.0, 52141.0),
(2210, '2021-02-28 07:13:37', 52140.0, 52141.0, 52142.0),
(2211, '2021-02-28 07:13:38', 52141.0, 52142.0, 52143.0),
(2212, '2021-02-28 07:13:38', 52142.0, 52143.0, 52144.0),
(2213, '2021-02-28 07:13:39', 52143.0, 52144.0, 52145.0),
(2214, '2021-02-28 07:13:39', 52144.0, 52145.0, 52146.0),
(2215, '2021-02-28 07:13:40', 52145.0, 52146.0, 52147.0),
(2216, '2021-02-28 07:13:40', 52146.0, 52147.0, 52148.0),
(2217, '2021-02-28 07:13:41', 52147.0, 52148.0, 52149.0),
(2218, '2021-02-28 07:13:41', 52148.0, 52149.0, 52150.0),
(2219, '2021-02-28 07:13:42', 52149.0, 52150.0, 52151.0),
(2220, '2021-02-28 07:13:42', 52150.0, 52151.0, 52152.0),
(2221, '2021-02-28 07:13:43', 52151.0, 52152.0, 52153.0),
(2222, '2021-02-28 07:13:43', 52152.0, 52153.0, 52154.0),
(2223, '2021-02-28 07:13:44', 52153.0, 52154.0, 52155.0),
(2224, '2021-02-28 07:13:44', 52154.0, 52155.0, 52156.0),
(2225, '2021-02-28 07:13:45', 52155.0, 52156.0, 52157.0),
(2226, '2021-02-28 07:13:45', 52156.0, 52157.0, 52158.0),
(2227, '2021-02-28 07:13:46', 52157.0, 52158.0, 52159.0),
(2228, '2021-02-28 07:13:46', 52158.0, 52159.0, 52160.0),
(2229, '2021-02-28 07:13:47', 52159.0, 52160.0, 52161.0),
(2230, '2021-02-28 07:13:47', 52160.0, 52161.0, 52162.0),
(2231, '2021-02-28 07:13:48', 52161.0, 52162.0, 52163.0),
(2232, '2021-02-28 07:13:48', 52162.0, 52163.0, 52164.0),
(2233, '2021-02-28 07:13:49', 52163.0, 52164.0, 52165.0),
(2234, '2021-02-28 07:13:49', 52164.0, 52165.0, 52166.0),
(2235, '2021-02-28 07:13:50', 52165.0, 52166.0, 52167.0),
(2236, '2021-02-28 07:13:50', 52166.0, 52167.0, 52168.0),
(2237, '2021-02-28 07:13:51', 52167.0, 52168.0, 52169.0),
(2238, '2021-02-28 07:13:51', 52168.0, 52169.0, 52170.0),
(2239, '2021-02-28 07:13:52', 52169.0, 52170.0, 52171.0),
(2240, '2021-02-28 07:13:52', 52170.0, 52171.0, 52172.0),
(2241, '2021-02-28 07:13:53', 52171.0, 52172.0, 52173.0),
(2242, '2021-02-28 07:13:53', 52172.0, 52173.0, 52174.0),
(2243, '2021-02-28 07:13:54', 52173.0, 52174.0, 52175.0),
(2244, '2021-02-28 07:13:54', 52174.0, 52175.0, 52176.0),
(2245, '2021-02-28 07:13:55', 52175.0, 52176.0, 52177.0),
(2246, '2021-02-28 07:13:55', 52176.0, 52177.0, 52178.0),
(2247, '2021-02-28 07:13:56', 52177.0, 52178.0, 52179.0),
(2248, '2021-02-28 07:13:56', 52178.0, 52179.0, 52180.0),
(2249, '2021-02-28 07:13:57', 52179.0, 52180.0, 52181.0),
(2250, '2021-02-28 07:13:57', 52180.0, 52181.0, 52182.0),
(2251, '2021-02-28 07:13:58', 52181.0, 52182.0, 52183.0),
(2252, '2021-02-28 07:13:58', 52182.0, 52183.0, 52184.0),
(2253, '2021-02-28 07:13:59', 52183.0, 52184.0, 52185.0),
(2254, '2021-02-28 07:13:59', 52184.0, 52185.0, 52186.0),
(2255, '2021-02-28 07:14:00', 52185.0, 52186.0, 52187.0),
(2256, '2021-02-28 07:14:00', 52186.0, 52187.0, 52188.0),
(2257, '2021-02-28 07:14:01', 52187.0, 52188.0, 52189.0),
(2258, '2021-02-28 07:14:01', 52188.0, 52189.0, 52190.0),
(2259, '2021-02-28 07:14:02', 52189.0, 52190.0, 52191.0),
(2260, '2021-02-28 07:14:02', 52190.0, 52191.0, 52192.0),
(2261, '2021-02-28 07:14:03', 52191.0, 52192.0, 52193.0),
(2262, '2021-02-28 07:14:03', 52192.0, 52193.0, 52194.0),
(2263, '2021-02-28 07:14:04', 52193.0, 52194.0, 52195.0),
(2264, '2021-02-28 07:14:04', 52194.0, 52195.0, 52196.0),
(2265, '2021-02-28 07:14:05', 52195.0, 52196.0, 52197.0),
(2266, '2021-02-28 07:14:05', 52196.0, 52197.0, 52198.0),
(2267, '2021-02-28 07:14:06', 52197.0, 52198.0, 52199.0),
(2268, '2021-02-28 07:14:06', 52198.0, 52199.0, 52200.0),
(2269, '2021-02-28 07:14:07', 52199.0, 52200.0, 52201.0),
(2270, '2021-02-28 07:14:07', 52200.0, 52201.0, 52202.0),
(2271, '2021-02-28 07:14:08', 52201.0, 52202.0, 52203.0),
(2272, '2021-02-28 07:14:08', 52202.0, 52203.0, 52204.0),
(2273, '2021-02-28 07:14:09', 52203.0, 52204.0, 52205.0),
(2274, '2021-02-28 07:14:09', 52204.0, 52205.0, 52206.0),
(2275, '2021-02-28 07:14:10', 52205.0, 52206.0, 52207.0),
(2276, '2021-02-28 07:14:10', 52206.0, 52207.0, 52208.0),
(2277, '2021-02-28 07:14:11', 52207.0, 52208.0, 52209.0),
(2278, '2021-02-28 07:14:11', 52208.0, 52209.0, 52210.0),
(2279, '2021-02-28 07:14:12', 52209.0, 52210.0, 52211.0),
(2280, '2021-02-28 07:14:12', 52210.0, 52211.0, 52212.0),
(2281, '2021-02-28 07:14:13', 52211.0, 52212.0, 52213.0),
(2282, '2021-02-28 07:14:13', 52212.0, 52213.0, 52214.0),
(2283, '2021-02-28 07:14:14', 52213.0, 52214.0, 52215.0),
(2284, '2021-02-28 07:14:14', 52214.0, 52215.0, 52216.0),
(2285, '2021-02-28 07:14:15', 52215.0, 52216.0, 52217.0),
(2286, '2021-02-28 07:14:15', 52216.0, 52217.0, 52218.0),
(2287, '2021-02-28 07:14:16', 52217.0, 52218.0, 52219.0),
(2288, '2021-02-28 07:14:16', 52218.0, 52219.0, 52220.0),
(2289, '2021-02-28 07:14:17', 52219.0, 52220.0, 52221.0),
(2290, '2021-02-28 07:14:17', 52220.0, 52221.0, 52222.0),
(2291, '2021-02-28 07:14:18', 52221.0, 52222.0, 52223.0),
(2292, '2021-02-28 07:14:18', 52222.0, 52223.0, 52224.0),
(2293, '2021-02-28 07:14:19', 52223.0, 52224.0, 52225.0),
(2294, '2021-02-28 07:14:19', 52224.0, 52225.0, 52226.0),
(2295, '2021-02-28 07:14:20', 52225.0, 52226.0, 52227.0),
(2296, '2021-02-28 07:14:20', 52226.0, 52227.0, 52228.0),
(2297, '2021-02-28 07:14:21', 52227.0, 52228.0, 52229.0),
(2298, '2021-02-28 07:14:21', 52228.0, 52229.0, 52230.0),
(2299, '2021-02-28 07:14:22', 52229.0, 52230.0, 52231.0),
(2300, '2021-02-28 07:14:22', 52230.0, 52231.0, 52232.0),
(2301, '2021-02-28 07:14:23', 52231.0, 52232.0, 52233.0),
(2302, '2021-02-28 07:14:23', 52232.0, 52233.0, 52234.0),
(2303, '2021-02-28 07:14:24', 52233.0, 52234.0, 52235.0),
(2304, '2021-02-28 07:14:24', 52234.0, 52235.0, 52236.0),
(2305, '2021-02-28 07:14:25', 52235.0, 52236.0, 52237.0),
(2306, '2021-02-28 07:14:25', 52236.0, 52237.0, 52238.0),
(2307, '2021-02-28 07:14:26', 52237.0, 52238.0, 52239.0),
(2308, '2021-02-28 07:14:26', 52238.0, 52239.0, 52240.0),
(2309, '2021-02-28 07:14:27', 52239.0, 52240.0, 52241.0),
(2310, '2021-02-28 07:14:27', 52240.0, 52241.0, 52242.0),
(2311, '2021-02-28 07:14:28', 52241.0, 52242.0, 52243.0),
(2312, '2021-02-28 07:14:28', 52242.0, 52243.0, 52244.0),
(2313, '2021-02-28 07:14:29', 52243.0, 52244.0, 52245.0),
(2314, '2021-02-28 07:14:29', 52244.0, 52245.0, 52246.0),
(2315, '2021-02-28 07:14:30', 52245.0, 52246.0, 52247.0),
(2316, '2021-02-28 07:14:30', 52246.0, 52247.0, 52248.0),
(2317, '2021-02-28 07:14:31', 52247.0, 52248.0, 52249.0),
(2318, '2021-02-28 07:14:31', 52248.0, 52249.0, 52250.0),
(2319, '2021-02-28 07:14:32', 52249.0, 52250.0, 52251.0),
(2320, '2021-02-28 07:14:32', 52250.0, 52251.0, 52252.0),
(2321, '2021-02-28 07:14:33', 52251.0, 52252.0, 52253.0),
(2322, '2021-02-28 07:14:33', 52252.0, 52253.0, 52254.0),
(2323, '2021-02-28 07:14:34', 52253.0, 52254.0, 52255.0),
(2324, '2021-02-28 07:14:34', 52254.0, 52255.0, 52256.0),
(2325, '2021-02-28 07:14:35', 52255.0, 52256.0, 52257.0),
(2326, '2021-02-28 07:14:35', 52256.0, 52257.0, 52258.0),
(2327, '2021-02-28 07:14:36', 52257.0, 52258.0, 52259.0),
(2328, '2021-02-28 07:14:36', 52258.0, 52259.0, 52260.0),
(2329, '2021-02-28 07:14:37', 52259.0, 52260.0, 52261.0),
(2330, '2021-02-28 07:14:37', 52260.0, 52261.0, 52262.0),
(2331, '2021-02-28 07:14:38', 52261.0, 52262.0, 52263.0),
(2332, '2021-02-28 07:14:38', 52262.0, 52263.0, 52264.0),
(2333, '2021-02-28 07:14:39', 52263.0, 52264.0, 52265.0),
(2334, '2021-02-28 07:14:39', 52264.0, 52265.0, 52266.0),
(2335, '2021-02-28 07:14:40', 52265.0, 52266.0, 52267.0),
(2336, '2021-02-28 07:14:40', 52266.0, 52267.0, 52268.0),
(2337, '2021-02-28 07:14:41', 52267.0, 52268.0, 52269.0),
(2338, '2021-02-28 07:14:41', 52268.0, 52269.0, 52270.0),
(2339, '2021-02-28 07:14:42', 52269.0, 52270.0, 52271.0),
(2340, '2021-02-28 07:14:42', 52270.0, 52271.0, 52272.0),
(2341, '2021-02-28 07:14:43', 52271.0, 52272.0, 52273.0),
(2342, '2021-02-28 07:14:43', 52272.0, 52273.0, 52274.0),
(2343, '2021-02-28 07:14:44', 52273.0, 52274.0, 52275.0),
(2344, '2021-02-28 07:14:44', 52274.0, 52275.0, 52276.0),
(2345, '2021-02-28 07:14:45', 52275.0, 52276.0, 52277.0),
(2346, '2021-02-28 07:14:45', 52276.0, 52277.0, 52278.0),
(2347, '2021-02-28 07:14:46', 52277.0, 52278.0, 52279.0),
(2348, '2021-02-28 07:14:46', 52278.0, 52279.0, 52280.0),
(2349, '2021-02-28 07:14:47', 52279.0, 52280.0, 52281.0),
(2350, '2021-02-28 07:14:47', 52280.0, 52281.0, 52282.0),
(2351, '2021-02-28 07:14:48', 52281.0, 52282.0, 52283.0),
(2352, '2021-02-28 07:14:48', 52282.0, 52283.0, 52284.0),
(2353, '2021-02-28 07:14:49', 52283.0, 52284.0, 52285.0),
(2354, '2021-02-28 07:14:49', 52284.0, 52285.0, 52286.0),
(2355, '2021-02-28 07:14:50', 52285.0, 52286.0, 52287.0),
(2356, '2021-02-28 07:14:50', 52286.0, 52287.0, 52288.0),
(2357, '2021-02-28 07:14:51', 52287.0, 52288.0, 52289.0),
(2358, '2021-02-28 07:14:51', 52288.0, 52289.0, 52290.0),
(2359, '2021-02-28 07:14:52', 52289.0, 52290.0, 52291.0),
(2360, '2021-02-28 07:14:52', 52290.0, 52291.0, 52292.0),
(2361, '2021-02-28 07:14:57', 52299.0, 52300.0, 52301.0),
(2362, '2021-02-28 07:14:57', 52300.0, 52301.0, 52302.0),
(2363, '2021-02-28 07:14:58', 52301.0, 52302.0, 52303.0),
(2364, '2021-02-28 07:14:58', 52302.0, 52303.0, 52304.0),
(2365, '2021-02-28 07:14:59', 52303.0, 52304.0, 52305.0),
(2366, '2021-02-28 07:14:59', 52304.0, 52305.0, 52306.0),
(2367, '2021-02-28 07:15:00', 52305.0, 52306.0, 52307.0),
(2368, '2021-02-28 07:15:00', 52306.0, 52307.0, 52308.0),
(2369, '2021-02-28 07:15:01', 52307.0, 52308.0, 52309.0),
(2370, '2021-02-28 07:15:01', 52308.0, 52309.0, 52310.0),
(2371, '2021-02-28 07:15:02', 52309.0, 52310.0, 52311.0),
(2372, '2021-02-28 07:15:02', 52310.0, 52311.0, 52312.0),
(2373, '2021-02-28 07:15:03', 52311.0, 52312.0, 52313.0),
(2374, '2021-02-28 07:15:03', 52312.0, 52313.0, 52314.0),
(2375, '2021-02-28 07:15:04', 52313.0, 52314.0, 52315.0),
(2376, '2021-02-28 07:15:04', 52314.0, 52315.0, 52316.0),
(2377, '2021-02-28 07:15:05', 52315.0, 52316.0, 52317.0),
(2378, '2021-02-28 07:15:06', 52316.0, 52317.0, 52318.0),
(2379, '2021-02-28 07:15:06', 52317.0, 52318.0, 52319.0),
(2380, '2021-02-28 07:15:06', 52318.0, 52319.0, 52320.0),
(2381, '2021-02-28 07:15:07', 52319.0, 52320.0, 52321.0),
(2382, '2021-02-28 07:15:07', 52320.0, 52321.0, 52322.0),
(2383, '2021-02-28 07:15:08', 52321.0, 52322.0, 52323.0),
(2384, '2021-02-28 07:15:08', 52322.0, 52323.0, 52324.0),
(2385, '2021-02-28 07:15:09', 52323.0, 52324.0, 52325.0),
(2386, '2021-02-28 07:15:09', 52324.0, 52325.0, 52326.0),
(2387, '2021-02-28 07:15:10', 52325.0, 52326.0, 52327.0),
(2388, '2021-02-28 07:15:10', 52326.0, 52327.0, 52328.0),
(2389, '2021-02-28 07:15:11', 52327.0, 52328.0, 52329.0),
(2390, '2021-02-28 07:15:11', 52328.0, 52329.0, 52330.0),
(2391, '2021-02-28 07:15:12', 52329.0, 52330.0, 52331.0),
(2392, '2021-02-28 07:15:12', 52330.0, 52331.0, 52332.0),
(2393, '2021-02-28 07:15:13', 52331.0, 52332.0, 52333.0),
(2394, '2021-02-28 07:15:13', 52332.0, 52333.0, 52334.0),
(2395, '2021-02-28 07:15:14', 52333.0, 52334.0, 52335.0),
(2396, '2021-02-28 07:15:14', 52334.0, 52335.0, 52336.0),
(2397, '2021-02-28 07:15:15', 52335.0, 52336.0, 52337.0),
(2398, '2021-02-28 07:15:15', 52336.0, 52337.0, 52338.0),
(2399, '2021-02-28 07:15:16', 52337.0, 52338.0, 52339.0),
(2400, '2021-02-28 07:15:16', 52338.0, 52339.0, 52340.0),
(2401, '2021-02-28 07:15:17', 52339.0, 52340.0, 52341.0),
(2402, '2021-02-28 07:15:17', 52340.0, 52341.0, 52342.0),
(2403, '2021-02-28 07:15:18', 52341.0, 52342.0, 52343.0),
(2404, '2021-02-28 07:15:18', 52342.0, 52343.0, 52344.0),
(2405, '2021-02-28 07:15:19', 52343.0, 52344.0, 52345.0),
(2406, '2021-02-28 07:15:19', 52344.0, 52345.0, 52346.0),
(2407, '2021-02-28 07:15:20', 52345.0, 52346.0, 52347.0),
(2408, '2021-02-28 07:15:20', 52346.0, 52347.0, 52348.0),
(2409, '2021-02-28 07:15:21', 52347.0, 52348.0, 52349.0),
(2410, '2021-02-28 07:15:21', 52348.0, 52349.0, 52350.0),
(2411, '2021-02-28 07:15:22', 52349.0, 52350.0, 52351.0),
(2412, '2021-02-28 07:15:22', 52350.0, 52351.0, 52352.0),
(2413, '2021-02-28 07:15:23', 52351.0, 52352.0, 52353.0),
(2414, '2021-02-28 07:15:23', 52352.0, 52353.0, 52354.0),
(2415, '2021-02-28 07:15:24', 52353.0, 52354.0, 52355.0),
(2416, '2021-02-28 07:15:24', 52354.0, 52355.0, 52356.0),
(2417, '2021-02-28 07:15:25', 52355.0, 52356.0, 52357.0),
(2418, '2021-02-28 07:15:25', 52356.0, 52357.0, 52358.0),
(2419, '2021-02-28 07:15:26', 52357.0, 52358.0, 52359.0),
(2420, '2021-02-28 07:15:26', 52358.0, 52359.0, 52360.0),
(2421, '2021-02-28 07:15:27', 52359.0, 52360.0, 52361.0),
(2422, '2021-02-28 07:15:27', 52360.0, 52361.0, 52362.0),
(2423, '2021-02-28 07:15:28', 52361.0, 52362.0, 52363.0),
(2424, '2021-02-28 07:15:28', 52362.0, 52363.0, 52364.0),
(2425, '2021-02-28 07:15:29', 52363.0, 52364.0, 52365.0),
(2426, '2021-02-28 07:15:29', 52364.0, 52365.0, 52366.0),
(2427, '2021-02-28 07:15:30', 52365.0, 52366.0, 52367.0),
(2428, '2021-02-28 07:15:30', 52366.0, 52367.0, 52368.0),
(2429, '2021-02-28 07:15:31', 52367.0, 52368.0, 52369.0),
(2430, '2021-02-28 07:15:31', 52368.0, 52369.0, 52370.0),
(2431, '2021-02-28 07:15:32', 52369.0, 52370.0, 52371.0),
(2432, '2021-02-28 07:15:32', 52370.0, 52371.0, 52372.0),
(2433, '2021-02-28 07:15:33', 52371.0, 52372.0, 52373.0),
(2434, '2021-02-28 07:15:33', 52372.0, 52373.0, 52374.0),
(2435, '2021-02-28 07:15:34', 52373.0, 52374.0, 52375.0),
(2436, '2021-02-28 07:15:34', 52374.0, 52375.0, 52376.0),
(2437, '2021-02-28 07:15:35', 52375.0, 52376.0, 52377.0),
(2438, '2021-02-28 07:15:35', 52376.0, 52377.0, 52378.0),
(2439, '2021-02-28 07:15:36', 52377.0, 52378.0, 52379.0),
(2440, '2021-02-28 07:15:37', 52378.0, 52379.0, 52380.0),
(2441, '2021-02-28 07:15:37', 52379.0, 52380.0, 52381.0),
(2442, '2021-02-28 07:15:37', 52380.0, 52381.0, 52382.0),
(2443, '2021-02-28 07:15:38', 52381.0, 52382.0, 52383.0),
(2444, '2021-02-28 07:15:38', 52382.0, 52383.0, 52384.0),
(2445, '2021-02-28 07:15:39', 52383.0, 52384.0, 52385.0),
(2446, '2021-02-28 07:15:39', 52384.0, 52385.0, 52386.0),
(2447, '2021-02-28 07:15:40', 52385.0, 52386.0, 52387.0),
(2448, '2021-02-28 07:15:40', 52386.0, 52387.0, 52388.0),
(2449, '2021-02-28 07:15:41', 52387.0, 52388.0, 52389.0),
(2450, '2021-02-28 07:15:41', 52388.0, 52389.0, 52390.0),
(2451, '2021-02-28 07:15:42', 52389.0, 52390.0, 52391.0),
(2452, '2021-02-28 07:15:42', 52390.0, 52391.0, 52392.0),
(2453, '2021-02-28 07:15:43', 52391.0, 52392.0, 52393.0),
(2454, '2021-02-28 07:15:43', 52392.0, 52393.0, 52394.0),
(2455, '2021-02-28 07:15:44', 52393.0, 52394.0, 52395.0),
(2456, '2021-02-28 07:15:45', 52394.0, 52395.0, 52396.0),
(2457, '2021-02-28 07:15:45', 52395.0, 52396.0, 52397.0),
(2458, '2021-02-28 07:15:46', 52396.0, 52397.0, 52398.0),
(2459, '2021-02-28 07:15:46', 52397.0, 52398.0, 52399.0),
(2460, '2021-02-28 07:15:47', 52398.0, 52399.0, 52400.0),
(2461, '2021-02-28 07:15:47', 52399.0, 52400.0, 52401.0),
(2462, '2021-02-28 07:15:48', 52400.0, 52401.0, 52402.0),
(2463, '2021-02-28 07:15:48', 52401.0, 52402.0, 52403.0),
(2464, '2021-02-28 07:15:49', 52402.0, 52403.0, 52404.0),
(2465, '2021-02-28 07:15:49', 52403.0, 52404.0, 52405.0),
(2466, '2021-02-28 07:15:50', 52404.0, 52405.0, 52406.0),
(2467, '2021-02-28 07:15:50', 52405.0, 52406.0, 52407.0),
(2468, '2021-02-28 07:15:51', 52406.0, 52407.0, 52408.0),
(2469, '2021-02-28 07:15:51', 52407.0, 52408.0, 52409.0),
(2470, '2021-02-28 07:15:52', 52408.0, 52409.0, 52410.0),
(2471, '2021-02-28 07:15:52', 52409.0, 52410.0, 52411.0),
(2472, '2021-02-28 07:15:53', 52410.0, 52411.0, 52412.0),
(2473, '2021-02-28 07:15:53', 52411.0, 52412.0, 52413.0),
(2474, '2021-02-28 07:15:54', 52412.0, 52413.0, 52414.0),
(2475, '2021-02-28 07:15:54', 52413.0, 52414.0, 52415.0),
(2476, '2021-02-28 07:15:55', 52414.0, 52415.0, 52416.0),
(2477, '2021-02-28 07:15:55', 52415.0, 52416.0, 52417.0),
(2478, '2021-02-28 07:15:56', 52416.0, 52417.0, 52418.0),
(2479, '2021-02-28 07:15:56', 52417.0, 52418.0, 52419.0),
(2480, '2021-02-28 07:15:57', 52418.0, 52419.0, 52420.0),
(2481, '2021-02-28 07:15:57', 52419.0, 52420.0, 52421.0),
(2482, '2021-02-28 07:15:58', 52420.0, 52421.0, 52422.0),
(2483, '2021-02-28 07:15:58', 52421.0, 52422.0, 52423.0),
(2484, '2021-02-28 07:15:59', 52422.0, 52423.0, 52424.0),
(2485, '2021-02-28 07:15:59', 52423.0, 52424.0, 52425.0),
(2486, '2021-02-28 07:16:00', 52424.0, 52425.0, 52426.0),
(2487, '2021-02-28 07:16:00', 52425.0, 52426.0, 52427.0),
(2488, '2021-02-28 07:16:01', 52426.0, 52427.0, 52428.0),
(2489, '2021-02-28 07:16:01', 52427.0, 52428.0, 52429.0),
(2490, '2021-02-28 07:16:02', 52428.0, 52429.0, 52430.0),
(2491, '2021-02-28 07:16:02', 52429.0, 52430.0, 52431.0),
(2492, '2021-02-28 07:16:03', 52430.0, 52431.0, 52432.0),
(2493, '2021-02-28 07:16:03', 52431.0, 52432.0, 52433.0),
(2494, '2021-02-28 07:16:04', 52432.0, 52433.0, 52434.0),
(2495, '2021-02-28 07:16:04', 52433.0, 52434.0, 52435.0),
(2496, '2021-02-28 07:16:05', 52434.0, 52435.0, 52436.0),
(2497, '2021-02-28 07:16:05', 52435.0, 52436.0, 52437.0),
(2498, '2021-02-28 07:16:06', 52436.0, 52437.0, 52438.0),
(2499, '2021-02-28 07:16:06', 52437.0, 52438.0, 52439.0),
(2500, '2021-02-28 07:16:07', 52438.0, 52439.0, 52440.0),
(2501, '2021-02-28 07:16:07', 52439.0, 52440.0, 52441.0),
(2502, '2021-02-28 07:16:08', 52440.0, 52441.0, 52442.0),
(2503, '2021-02-28 07:39:56', 55103.0, 55104.0, 55105.0),
(2504, '2021-02-28 07:39:56', 55104.0, 55105.0, 55106.0),
(2505, '2021-02-28 07:39:57', 55105.0, 55106.0, 55107.0),
(2506, '2021-02-28 07:39:57', 55106.0, 55107.0, 55108.0),
(2507, '2021-02-28 07:39:58', 55107.0, 55108.0, 55109.0),
(2508, '2021-02-28 07:39:58', 55108.0, 55109.0, 55110.0),
(2509, '2021-02-28 07:39:59', 55109.0, 55110.0, 55111.0),
(2510, '2021-02-28 07:39:59', 55110.0, 55111.0, 55112.0),
(2511, '2021-02-28 07:40:00', 55111.0, 55112.0, 55113.0),
(2512, '2021-02-28 07:40:00', 55112.0, 55113.0, 55114.0),
(2513, '2021-02-28 07:40:01', 55113.0, 55114.0, 55115.0),
(2514, '2021-02-28 07:40:01', 55114.0, 55115.0, 55116.0),
(2515, '2021-02-28 07:40:02', 55115.0, 55116.0, 55117.0),
(2516, '2021-02-28 07:40:02', 55116.0, 55117.0, 55118.0),
(2517, '2021-02-28 07:40:03', 55117.0, 55118.0, 55119.0),
(2518, '2021-02-28 07:40:03', 55118.0, 55119.0, 55120.0),
(2519, '2021-02-28 07:40:04', 55119.0, 55120.0, 55121.0),
(2520, '2021-02-28 07:40:04', 55120.0, 55121.0, 55122.0),
(2521, '2021-02-28 07:40:05', 55121.0, 55122.0, 55123.0),
(2522, '2021-02-28 07:40:05', 55122.0, 55123.0, 55124.0),
(2523, '2021-02-28 07:40:06', 55123.0, 55124.0, 55125.0),
(2524, '2021-02-28 07:40:06', 55124.0, 55125.0, 55126.0),
(2525, '2021-02-28 07:40:07', 55125.0, 55126.0, 55127.0),
(2526, '2021-02-28 07:40:07', 55126.0, 55127.0, 55128.0),
(2527, '2021-02-28 07:40:08', 55127.0, 55128.0, 55129.0),
(2528, '2021-02-28 07:40:46', 55203.0, 55204.0, 55205.0),
(2529, '2021-02-28 07:40:46', 55204.0, 55205.0, 55206.0),
(2530, '2021-02-28 07:40:47', 55205.0, 55206.0, 55207.0),
(2531, '2021-02-28 07:40:47', 55206.0, 55207.0, 55208.0),
(2532, '2021-02-28 07:40:48', 55207.0, 55208.0, 55209.0),
(2533, '2021-02-28 07:40:48', 55208.0, 55209.0, 55210.0),
(2534, '2021-02-28 07:40:49', 55209.0, 55210.0, 55211.0),
(2535, '2021-02-28 07:40:49', 55210.0, 55211.0, 55212.0),
(2536, '2021-02-28 07:40:50', 55211.0, 55212.0, 55213.0),
(2537, '2021-02-28 07:40:50', 55212.0, 55213.0, 55214.0),
(2538, '2021-02-28 07:40:51', 55213.0, 55214.0, 55215.0),
(2539, '2021-02-28 07:40:51', 55214.0, 55215.0, 55216.0),
(2540, '2021-02-28 07:40:52', 55215.0, 55216.0, 55217.0),
(2541, '2021-02-28 07:40:52', 55216.0, 55217.0, 55218.0),
(2542, '2021-02-28 07:40:53', 55217.0, 55218.0, 55219.0),
(2543, '2021-02-28 07:40:53', 55218.0, 55219.0, 55220.0),
(2544, '2021-02-28 07:40:54', 55219.0, 55220.0, 55221.0),
(2545, '2021-02-28 07:40:54', 55220.0, 55221.0, 55222.0),
(2546, '2021-02-28 07:40:55', 55221.0, 55222.0, 55223.0),
(2547, '2021-02-28 07:40:55', 55222.0, 55223.0, 55224.0),
(2548, '2021-02-28 07:40:56', 55223.0, 55224.0, 55225.0),
(2549, '2021-02-28 07:40:56', 55224.0, 55225.0, 55226.0),
(2550, '2021-02-28 07:40:57', 55225.0, 55226.0, 55227.0),
(2551, '2021-02-28 07:40:57', 55226.0, 55227.0, 55228.0),
(2552, '2021-02-28 07:40:58', 55227.0, 55228.0, 55229.0),
(2553, '2021-02-28 07:40:58', 55228.0, 55229.0, 55230.0),
(2554, '2021-02-28 07:40:59', 55229.0, 55230.0, 55231.0),
(2555, '2021-02-28 07:40:59', 55230.0, 55231.0, 55232.0),
(2556, '2021-02-28 07:41:00', 55231.0, 55232.0, 55233.0),
(2557, '2021-02-28 07:41:00', 55232.0, 55233.0, 55234.0),
(2558, '2021-02-28 07:41:01', 55233.0, 55234.0, 55235.0),
(2559, '2021-02-28 07:41:01', 55234.0, 55235.0, 55236.0),
(2560, '2021-02-28 07:41:02', 55235.0, 55236.0, 55237.0),
(2561, '2021-02-28 07:41:02', 55236.0, 55237.0, 55238.0),
(2562, '2021-02-28 07:41:03', 55237.0, 55238.0, 55239.0),
(2563, '2021-02-28 07:41:03', 55238.0, 55239.0, 55240.0),
(2564, '2021-02-28 07:41:04', 55239.0, 55240.0, 55241.0),
(2565, '2021-02-28 07:41:04', 55240.0, 55241.0, 55242.0),
(2566, '2021-02-28 07:41:05', 55241.0, 55242.0, 55243.0),
(2567, '2021-02-28 07:41:05', 55242.0, 55243.0, 55244.0),
(2568, '2021-02-28 07:41:06', 55243.0, 55244.0, 55245.0),
(2569, '2021-02-28 07:41:06', 55244.0, 55245.0, 55246.0),
(2570, '2021-02-28 07:41:07', 55245.0, 55246.0, 55247.0),
(2571, '2021-02-28 07:41:07', 55246.0, 55247.0, 55248.0),
(2572, '2021-02-28 07:41:08', 55247.0, 55248.0, 55249.0),
(2573, '2021-02-28 07:41:08', 55248.0, 55249.0, 55250.0),
(2574, '2021-02-28 07:41:09', 55249.0, 55250.0, 55251.0),
(2575, '2021-02-28 07:41:09', 55250.0, 55251.0, 55252.0),
(2576, '2021-02-28 07:41:10', 55251.0, 55252.0, 55253.0),
(2577, '2021-02-28 07:41:10', 55252.0, 55253.0, 55254.0),
(2578, '2021-02-28 07:41:11', 55253.0, 55254.0, 55255.0),
(2579, '2021-02-28 07:41:11', 55254.0, 55255.0, 55256.0),
(2580, '2021-02-28 07:41:12', 55255.0, 55256.0, 55257.0),
(2581, '2021-02-28 07:41:12', 55256.0, 55257.0, 55258.0),
(2582, '2021-02-28 07:41:13', 55257.0, 55258.0, 55259.0),
(2583, '2021-02-28 07:41:13', 55258.0, 55259.0, 55260.0),
(2584, '2021-02-28 07:41:24', 55279.0, 55280.0, 55281.0),
(2585, '2021-02-28 07:41:24', 55280.0, 55281.0, 55282.0),
(2586, '2021-02-28 07:41:25', 55281.0, 55282.0, 55283.0),
(2587, '2021-02-28 07:41:25', 55282.0, 55283.0, 55284.0),
(2588, '2021-02-28 07:41:26', 55283.0, 55284.0, 55285.0),
(2589, '2021-02-28 07:41:26', 55284.0, 55285.0, 55286.0),
(2590, '2021-02-28 07:41:27', 55285.0, 55286.0, 55287.0),
(2591, '2021-02-28 07:41:27', 55286.0, 55287.0, 55288.0),
(2592, '2021-02-28 07:41:28', 55287.0, 55288.0, 55289.0),
(2593, '2021-02-28 07:41:28', 55288.0, 55289.0, 55290.0),
(2594, '2021-02-28 07:41:29', 55289.0, 55290.0, 55291.0),
(2595, '2021-02-28 07:41:29', 55290.0, 55291.0, 55292.0),
(2596, '2021-02-28 07:41:30', 55291.0, 55292.0, 55293.0),
(2597, '2021-02-28 07:41:30', 55292.0, 55293.0, 55294.0),
(2598, '2021-02-28 07:41:31', 55293.0, 55294.0, 55295.0),
(2599, '2021-02-28 07:41:31', 55294.0, 55295.0, 55296.0),
(2600, '2021-02-28 07:41:32', 55295.0, 55296.0, 55297.0),
(2601, '2021-02-28 07:41:32', 55296.0, 55297.0, 55298.0),
(2602, '2021-02-28 07:41:33', 55297.0, 55298.0, 55299.0),
(2603, '2021-02-28 07:56:24', 57018.0, 57019.0, 57020.0),
(2604, '2021-02-28 07:56:25', 57019.0, 57020.0, 57021.0),
(2605, '2021-02-28 07:56:25', 57020.0, 57021.0, 57022.0),
(2606, '2021-02-28 07:56:26', 57021.0, 57022.0, 57023.0),
(2607, '2021-02-28 07:56:26', 57022.0, 57023.0, 57024.0),
(2608, '2021-02-28 07:56:27', 57023.0, 57024.0, 57025.0),
(2609, '2021-02-28 07:56:27', 57024.0, 57025.0, 57026.0),
(2610, '2021-02-28 07:56:28', 57025.0, 57026.0, 57027.0),
(2611, '2021-02-28 07:56:28', 57026.0, 57027.0, 57028.0),
(2612, '2021-02-28 07:56:29', 57027.0, 57028.0, 57029.0),
(2613, '2021-02-28 07:56:29', 57028.0, 57029.0, 57030.0),
(2614, '2021-02-28 07:56:30', 57029.0, 57030.0, 57031.0),
(2615, '2021-02-28 07:56:30', 57030.0, 57031.0, 57032.0),
(2616, '2021-02-28 07:56:31', 57031.0, 57032.0, 57033.0),
(2617, '2021-02-28 07:56:31', 57032.0, 57033.0, 57034.0),
(2618, '2021-02-28 07:56:32', 57033.0, 57034.0, 57035.0),
(2619, '2021-02-28 07:56:32', 57034.0, 57035.0, 57036.0),
(2620, '2021-02-28 07:56:33', 57035.0, 57036.0, 57037.0),
(2621, '2021-02-28 07:56:33', 57036.0, 57037.0, 57038.0),
(2622, '2021-02-28 07:56:34', 57037.0, 57038.0, 57039.0),
(2623, '2021-02-28 07:56:34', 57038.0, 57039.0, 57040.0),
(2624, '2021-02-28 07:56:35', 57039.0, 57040.0, 57041.0),
(2625, '2021-02-28 07:56:35', 57040.0, 57041.0, 57042.0),
(2626, '2021-02-28 07:56:36', 57041.0, 57042.0, 57043.0),
(2627, '2021-02-28 07:56:36', 57042.0, 57043.0, 57044.0),
(2628, '2021-02-28 07:56:37', 57043.0, 57044.0, 57045.0),
(2629, '2021-02-28 07:56:37', 57044.0, 57045.0, 57046.0),
(2630, '2021-02-28 07:56:38', 57045.0, 57046.0, 57047.0),
(2631, '2021-02-28 07:56:38', 57046.0, 57047.0, 57048.0),
(2632, '2021-02-28 07:56:39', 57047.0, 57048.0, 57049.0),
(2633, '2021-02-28 07:56:39', 57048.0, 57049.0, 57050.0),
(2634, '2021-02-28 07:56:54', 57049.0, 57050.0, 57051.0),
(2635, '2021-02-28 07:57:02', 57053.0, 57054.0, 57055.0),
(2636, '2021-02-28 07:57:03', 57055.0, 57056.0, 57057.0),
(2637, '2021-02-28 07:57:04', 57056.0, 57057.0, 57058.0),
(2638, '2021-02-28 07:57:04', 57057.0, 57058.0, 57059.0),
(2639, '2021-02-28 07:57:05', 57058.0, 57059.0, 57060.0),
(2640, '2021-02-28 07:57:05', 57059.0, 57060.0, 57061.0),
(2641, '2021-02-28 07:57:06', 57060.0, 57061.0, 57062.0),
(2642, '2021-02-28 07:57:06', 57061.0, 57062.0, 57063.0),
(2643, '2021-02-28 07:57:07', 57062.0, 57063.0, 57064.0),
(2644, '2021-02-28 07:57:07', 57063.0, 57064.0, 57065.0),
(2645, '2021-02-28 07:57:08', 57064.0, 57065.0, 57066.0),
(2646, '2021-02-28 07:57:08', 57065.0, 57066.0, 57067.0),
(2647, '2021-02-28 07:57:09', 57066.0, 57067.0, 57068.0),
(2648, '2021-02-28 07:57:09', 57067.0, 57068.0, 57069.0),
(2649, '2021-02-28 07:57:10', 57068.0, 57069.0, 57070.0),
(2650, '2021-02-28 07:57:10', 57069.0, 57070.0, 57071.0),
(2651, '2021-02-28 07:57:13', 57074.0, 57075.0, 57076.0),
(2652, '2021-02-28 07:57:13', 57075.0, 57076.0, 57077.0),
(2653, '2021-02-28 07:57:14', 57076.0, 57077.0, 57078.0),
(2654, '2021-02-28 07:57:14', 57077.0, 57078.0, 57079.0),
(2655, '2021-02-28 07:57:15', 57078.0, 57079.0, 57080.0),
(2656, '2021-02-28 07:57:15', 57079.0, 57080.0, 57081.0),
(2657, '2021-02-28 07:57:16', 57080.0, 57081.0, 57082.0),
(2658, '2021-02-28 07:57:16', 57081.0, 57082.0, 57083.0),
(2659, '2021-02-28 07:57:17', 57082.0, 57083.0, 57084.0),
(2660, '2021-02-28 07:57:17', 57083.0, 57084.0, 57085.0),
(2661, '2021-02-28 07:57:18', 57084.0, 57085.0, 57086.0),
(2662, '2021-02-28 07:57:18', 57085.0, 57086.0, 57087.0),
(2663, '2021-02-28 07:57:19', 57086.0, 57087.0, 57088.0),
(2664, '2021-02-28 07:57:19', 57087.0, 57088.0, 57089.0),
(2665, '2021-02-28 07:57:20', 57088.0, 57089.0, 57090.0),
(2666, '2021-02-28 07:57:20', 57089.0, 57090.0, 57091.0),
(2667, '2021-02-28 07:57:21', 57090.0, 57091.0, 57092.0),
(2668, '2021-02-28 07:57:21', 57091.0, 57092.0, 57093.0),
(2669, '2021-02-28 07:57:22', 57092.0, 57093.0, 57094.0),
(2670, '2021-02-28 07:57:22', 57093.0, 57094.0, 57095.0),
(2671, '2021-02-28 07:57:23', 57094.0, 57095.0, 57096.0),
(2672, '2021-02-28 07:57:23', 57095.0, 57096.0, 57097.0),
(2673, '2021-02-28 07:57:24', 57096.0, 57097.0, 57098.0),
(2674, '2021-02-28 07:57:24', 57097.0, 57098.0, 57099.0),
(2675, '2021-02-28 07:57:25', 57098.0, 57099.0, 57100.0),
(2676, '2021-02-28 07:57:25', 57099.0, 57100.0, 57101.0),
(2677, '2021-02-28 07:57:26', 57100.0, 57101.0, 57102.0),
(2678, '2021-02-28 07:57:26', 57101.0, 57102.0, 57103.0),
(2679, '2021-02-28 07:57:27', 57102.0, 57103.0, 57104.0),
(2680, '2021-02-28 07:57:27', 57103.0, 57104.0, 57105.0),
(2681, '2021-02-28 07:57:28', 57104.0, 57105.0, 57106.0),
(2682, '2021-02-28 07:57:28', 57105.0, 57106.0, 57107.0),
(2683, '2021-02-28 07:57:29', 57106.0, 57107.0, 57108.0),
(2684, '2021-02-28 07:57:29', 57107.0, 57108.0, 57109.0),
(2685, '2021-02-28 07:57:30', 57108.0, 57109.0, 57110.0),
(2686, '2021-02-28 07:57:30', 57109.0, 57110.0, 57111.0),
(2687, '2021-02-28 07:57:31', 57110.0, 57111.0, 57112.0),
(2688, '2021-02-28 07:57:31', 57111.0, 57112.0, 57113.0),
(2689, '2021-02-28 07:57:32', 57112.0, 57113.0, 57114.0),
(2690, '2021-02-28 07:57:32', 57113.0, 57114.0, 57115.0),
(2691, '2021-02-28 07:57:33', 57114.0, 57115.0, 57116.0),
(2692, '2021-02-28 07:57:33', 57115.0, 57116.0, 57117.0),
(2693, '2021-02-28 07:57:34', 57116.0, 57117.0, 57118.0),
(2694, '2021-02-28 07:57:34', 57117.0, 57118.0, 57119.0),
(2695, '2021-02-28 07:57:35', 57118.0, 57119.0, 57120.0),
(2696, '2021-02-28 07:57:35', 57119.0, 57120.0, 57121.0),
(2697, '2021-02-28 07:57:36', 57120.0, 57121.0, 57122.0),
(2698, '2021-02-28 07:57:36', 57121.0, 57122.0, 57123.0),
(2699, '2021-02-28 07:57:37', 57122.0, 57123.0, 57124.0),
(2700, '2021-02-28 07:57:37', 57123.0, 57124.0, 57125.0),
(2701, '2021-02-28 07:57:38', 57124.0, 57125.0, 57126.0),
(2702, '2021-02-28 07:57:38', 57125.0, 57126.0, 57127.0),
(2703, '2021-02-28 07:57:39', 57126.0, 57127.0, 57128.0),
(2704, '2021-02-28 07:57:39', 57127.0, 57128.0, 57129.0),
(2705, '2021-02-28 07:57:40', 57128.0, 57129.0, 57130.0),
(2706, '2021-02-28 07:57:40', 57129.0, 57130.0, 57131.0),
(2707, '2021-02-28 07:57:41', 57130.0, 57131.0, 57132.0),
(2708, '2021-02-28 07:57:41', 57131.0, 57132.0, 57133.0),
(2709, '2021-02-28 07:57:42', 57132.0, 57133.0, 57134.0),
(2710, '2021-02-28 07:57:42', 57133.0, 57134.0, 57135.0),
(2711, '2021-02-28 07:57:43', 57134.0, 57135.0, 57136.0),
(2712, '2021-02-28 07:57:43', 57135.0, 57136.0, 57137.0),
(2713, '2021-02-28 07:57:44', 57136.0, 57137.0, 57138.0),
(2714, '2021-02-28 07:57:44', 57137.0, 57138.0, 57139.0),
(2715, '2021-02-28 07:57:45', 57138.0, 57139.0, 57140.0),
(2716, '2021-02-28 07:57:45', 57139.0, 57140.0, 57141.0),
(2717, '2021-02-28 07:57:46', 57140.0, 57141.0, 57142.0),
(2718, '2021-02-28 07:57:46', 57141.0, 57142.0, 57143.0),
(2719, '2021-02-28 07:57:47', 57142.0, 57143.0, 57144.0),
(2720, '2021-02-28 07:57:47', 57143.0, 57144.0, 57145.0),
(2721, '2021-02-28 07:57:48', 57144.0, 57145.0, 57146.0),
(2722, '2021-02-28 07:57:48', 57145.0, 57146.0, 57147.0),
(2723, '2021-02-28 07:57:49', 57146.0, 57147.0, 57148.0),
(2724, '2021-02-28 07:57:49', 57147.0, 57148.0, 57149.0),
(2725, '2021-02-28 07:57:50', 57148.0, 57149.0, 57150.0),
(2726, '2021-02-28 07:57:50', 57149.0, 57150.0, 57151.0),
(2727, '2021-02-28 07:57:51', 57150.0, 57151.0, 57152.0),
(2728, '2021-02-28 07:57:51', 57151.0, 57152.0, 57153.0),
(2729, '2021-02-28 07:57:52', 57152.0, 57153.0, 57154.0),
(2730, '2021-02-28 07:57:52', 57153.0, 57154.0, 57155.0),
(2731, '2021-02-28 07:57:53', 57154.0, 57155.0, 57156.0),
(2732, '2021-02-28 07:57:53', 57155.0, 57156.0, 57157.0),
(2733, '2021-02-28 07:57:54', 57156.0, 57157.0, 57158.0),
(2734, '2021-02-28 07:57:54', 57157.0, 57158.0, 57159.0),
(2735, '2021-02-28 07:57:55', 57158.0, 57159.0, 57160.0),
(2736, '2021-02-28 07:57:55', 57159.0, 57160.0, 57161.0),
(2737, '2021-02-28 07:57:56', 57160.0, 57161.0, 57162.0),
(2738, '2021-02-28 07:57:56', 57161.0, 57162.0, 57163.0),
(2739, '2021-02-28 07:57:57', 57162.0, 57163.0, 57164.0),
(2740, '2021-02-28 07:57:57', 57163.0, 57164.0, 57165.0),
(2741, '2021-02-28 07:57:58', 57164.0, 57165.0, 57166.0),
(2742, '2021-02-28 07:57:58', 57165.0, 57166.0, 57167.0),
(2743, '2021-02-28 07:57:59', 57166.0, 57167.0, 57168.0),
(2744, '2021-02-28 07:57:59', 57167.0, 57168.0, 57169.0),
(2745, '2021-02-28 07:58:00', 57168.0, 57169.0, 57170.0),
(2746, '2021-02-28 07:58:00', 57169.0, 57170.0, 57171.0),
(2747, '2021-02-28 07:58:01', 57170.0, 57171.0, 57172.0),
(2748, '2021-02-28 07:58:01', 57171.0, 57172.0, 57173.0),
(2749, '2021-02-28 07:58:02', 57172.0, 57173.0, 57174.0),
(2750, '2021-02-28 07:58:02', 57173.0, 57174.0, 57175.0),
(2751, '2021-02-28 07:58:03', 57174.0, 57175.0, 57176.0),
(2752, '2021-02-28 07:58:03', 57175.0, 57176.0, 57177.0),
(2753, '2021-02-28 07:58:04', 57176.0, 57177.0, 57178.0),
(2754, '2021-02-28 07:58:04', 57177.0, 57178.0, 57179.0),
(2755, '2021-02-28 07:58:05', 57178.0, 57179.0, 57180.0),
(2756, '2021-02-28 07:58:05', 57179.0, 57180.0, 57181.0),
(2757, '2021-02-28 07:58:06', 57180.0, 57181.0, 57182.0),
(2758, '2021-02-28 07:58:06', 57181.0, 57182.0, 57183.0),
(2759, '2021-02-28 07:58:07', 57182.0, 57183.0, 57184.0),
(2760, '2021-02-28 07:58:07', 57183.0, 57184.0, 57185.0),
(2761, '2021-02-28 07:58:08', 57184.0, 57185.0, 57186.0),
(2762, '2021-02-28 07:58:08', 57185.0, 57186.0, 57187.0),
(2763, '2021-02-28 07:58:09', 57186.0, 57187.0, 57188.0),
(2764, '2021-02-28 07:58:09', 57187.0, 57188.0, 57189.0),
(2765, '2021-02-28 07:58:10', 57188.0, 57189.0, 57190.0),
(2766, '2021-02-28 07:58:10', 57189.0, 57190.0, 57191.0),
(2767, '2021-02-28 07:58:11', 57190.0, 57191.0, 57192.0),
(2768, '2021-02-28 07:58:11', 57191.0, 57192.0, 57193.0),
(2769, '2021-02-28 07:58:12', 57192.0, 57193.0, 57194.0),
(2770, '2021-02-28 07:58:12', 57193.0, 57194.0, 57195.0),
(2771, '2021-02-28 07:58:13', 57194.0, 57195.0, 57196.0),
(2772, '2021-02-28 07:58:13', 57195.0, 57196.0, 57197.0),
(2773, '2021-02-28 07:58:14', 57196.0, 57197.0, 57198.0),
(2774, '2021-02-28 07:58:14', 57197.0, 57198.0, 57199.0),
(2775, '2021-02-28 07:58:15', 57198.0, 57199.0, 57200.0),
(2776, '2021-02-28 07:58:15', 57199.0, 57200.0, 57201.0),
(2777, '2021-02-28 07:58:16', 57200.0, 57201.0, 57202.0),
(2778, '2021-02-28 07:58:16', 57201.0, 57202.0, 57203.0),
(2779, '2021-02-28 07:58:17', 57202.0, 57203.0, 57204.0),
(2780, '2021-02-28 07:58:17', 57203.0, 57204.0, 57205.0),
(2781, '2021-02-28 07:58:18', 57204.0, 57205.0, 57206.0),
(2782, '2021-02-28 07:58:18', 57205.0, 57206.0, 57207.0),
(2783, '2021-02-28 07:58:19', 57206.0, 57207.0, 57208.0),
(2784, '2021-02-28 07:58:19', 57207.0, 57208.0, 57209.0),
(2785, '2021-02-28 07:58:20', 57208.0, 57209.0, 57210.0),
(2786, '2021-02-28 07:58:20', 57209.0, 57210.0, 57211.0),
(2787, '2021-02-28 07:58:21', 57210.0, 57211.0, 57212.0),
(2788, '2021-02-28 07:58:21', 57211.0, 57212.0, 57213.0),
(2789, '2021-02-28 07:58:22', 57212.0, 57213.0, 57214.0),
(2790, '2021-02-28 07:58:22', 57213.0, 57214.0, 57215.0),
(2791, '2021-02-28 07:58:23', 57214.0, 57215.0, 57216.0),
(2792, '2021-02-28 07:58:23', 57215.0, 57216.0, 57217.0),
(2793, '2021-02-28 07:58:24', 57216.0, 57217.0, 57218.0),
(2794, '2021-02-28 07:58:24', 57217.0, 57218.0, 57219.0),
(2795, '2021-02-28 07:58:25', 57218.0, 57219.0, 57220.0),
(2796, '2021-02-28 07:58:25', 57219.0, 57220.0, 57221.0),
(2797, '2021-02-28 07:58:26', 57220.0, 57221.0, 57222.0),
(2798, '2021-02-28 07:58:26', 57221.0, 57222.0, 57223.0),
(2799, '2021-02-28 07:58:27', 57222.0, 57223.0, 57224.0),
(2800, '2021-02-28 07:58:27', 57223.0, 57224.0, 57225.0),
(2801, '2021-02-28 07:58:28', 57224.0, 57225.0, 57226.0),
(2802, '2021-02-28 07:58:28', 57225.0, 57226.0, 57227.0),
(2803, '2021-02-28 07:58:29', 57226.0, 57227.0, 57228.0),
(2804, '2021-02-28 07:58:29', 57227.0, 57228.0, 57229.0),
(2805, '2021-02-28 07:58:30', 57228.0, 57229.0, 57230.0),
(2806, '2021-02-28 07:58:30', 57229.0, 57230.0, 57231.0),
(2807, '2021-02-28 07:58:31', 57230.0, 57231.0, 57232.0),
(2808, '2021-02-28 07:58:31', 57231.0, 57232.0, 57233.0),
(2809, '2021-02-28 07:58:32', 57232.0, 57233.0, 57234.0),
(2810, '2021-02-28 07:58:32', 57233.0, 57234.0, 57235.0),
(2811, '2021-02-28 07:58:33', 57234.0, 57235.0, 57236.0),
(2812, '2021-02-28 07:58:33', 57235.0, 57236.0, 57237.0),
(2813, '2021-02-28 07:58:34', 57236.0, 57237.0, 57238.0),
(2814, '2021-02-28 07:58:34', 57237.0, 57238.0, 57239.0),
(2815, '2021-02-28 07:58:35', 57238.0, 57239.0, 57240.0),
(2816, '2021-02-28 07:58:35', 57239.0, 57240.0, 57241.0),
(2817, '2021-02-28 07:58:36', 57240.0, 57241.0, 57242.0),
(2818, '2021-02-28 07:58:36', 57241.0, 57242.0, 57243.0),
(2819, '2021-02-28 07:58:37', 57242.0, 57243.0, 57244.0),
(2820, '2021-02-28 07:58:37', 57243.0, 57244.0, 57245.0),
(2821, '2021-02-28 07:58:38', 57244.0, 57245.0, 57246.0),
(2822, '2021-02-28 07:58:38', 57245.0, 57246.0, 57247.0),
(2823, '2021-02-28 07:58:39', 57246.0, 57247.0, 57248.0),
(2824, '2021-02-28 07:58:39', 57247.0, 57248.0, 57249.0),
(2825, '2021-02-28 07:58:40', 57248.0, 57249.0, 57250.0),
(2826, '2021-02-28 07:58:40', 57249.0, 57250.0, 57251.0),
(2827, '2021-02-28 07:58:41', 57250.0, 57251.0, 57252.0),
(2828, '2021-02-28 07:58:41', 57251.0, 57252.0, 57253.0),
(2829, '2021-02-28 07:58:42', 57252.0, 57253.0, 57254.0),
(2830, '2021-02-28 07:58:42', 57253.0, 57254.0, 57255.0),
(2831, '2021-02-28 07:58:43', 57254.0, 57255.0, 57256.0),
(2832, '2021-02-28 07:58:43', 57255.0, 57256.0, 57257.0),
(2833, '2021-02-28 07:58:44', 57256.0, 57257.0, 57258.0),
(2834, '2021-02-28 07:58:44', 57257.0, 57258.0, 57259.0),
(2835, '2021-02-28 07:58:45', 57258.0, 57259.0, 57260.0),
(2836, '2021-02-28 07:58:45', 57259.0, 57260.0, 57261.0),
(2837, '2021-02-28 07:58:46', 57260.0, 57261.0, 57262.0),
(2838, '2021-02-28 07:58:46', 57261.0, 57262.0, 57263.0),
(2839, '2021-02-28 07:58:47', 57262.0, 57263.0, 57264.0),
(2840, '2021-02-28 07:58:47', 57263.0, 57264.0, 57265.0),
(2841, '2021-02-28 07:58:48', 57264.0, 57265.0, 57266.0),
(2842, '2021-02-28 07:58:48', 57265.0, 57266.0, 57267.0),
(2843, '2021-02-28 07:58:49', 57266.0, 57267.0, 57268.0),
(2844, '2021-02-28 07:58:49', 57267.0, 57268.0, 57269.0),
(2845, '2021-02-28 07:58:50', 57268.0, 57269.0, 57270.0),
(2846, '2021-02-28 07:58:50', 57269.0, 57270.0, 57271.0),
(2847, '2021-02-28 07:58:51', 57270.0, 57271.0, 57272.0),
(2848, '2021-02-28 07:58:51', 57271.0, 57272.0, 57273.0),
(2849, '2021-02-28 07:58:52', 57272.0, 57273.0, 57274.0),
(2850, '2021-02-28 07:58:52', 57273.0, 57274.0, 57275.0),
(2851, '2021-02-28 07:58:53', 57274.0, 57275.0, 57276.0),
(2852, '2021-02-28 07:58:53', 57275.0, 57276.0, 57277.0),
(2853, '2021-02-28 07:58:54', 57276.0, 57277.0, 57278.0),
(2854, '2021-02-28 07:58:54', 57277.0, 57278.0, 57279.0),
(2855, '2021-02-28 07:58:55', 57278.0, 57279.0, 57280.0),
(2856, '2021-02-28 07:58:55', 57279.0, 57280.0, 57281.0),
(2857, '2021-02-28 07:58:56', 57280.0, 57281.0, 57282.0),
(2858, '2021-02-28 07:58:56', 57281.0, 57282.0, 57283.0),
(2859, '2021-02-28 07:58:57', 57282.0, 57283.0, 57284.0),
(2860, '2021-02-28 07:58:57', 57283.0, 57284.0, 57285.0),
(2861, '2021-02-28 07:58:58', 57284.0, 57285.0, 57286.0),
(2862, '2021-02-28 07:58:58', 57285.0, 57286.0, 57287.0),
(2863, '2021-02-28 07:58:59', 57286.0, 57287.0, 57288.0),
(2864, '2021-02-28 07:58:59', 57287.0, 57288.0, 57289.0),
(2865, '2021-02-28 07:59:00', 57288.0, 57289.0, 57290.0),
(2866, '2021-02-28 07:59:00', 57289.0, 57290.0, 57291.0),
(2867, '2021-02-28 07:59:01', 57290.0, 57291.0, 57292.0),
(2868, '2021-02-28 07:59:01', 57291.0, 57292.0, 57293.0),
(2869, '2021-02-28 07:59:02', 57292.0, 57293.0, 57294.0),
(2870, '2021-02-28 07:59:02', 57293.0, 57294.0, 57295.0),
(2871, '2021-02-28 07:59:03', 57294.0, 57295.0, 57296.0),
(2872, '2021-02-28 07:59:03', 57295.0, 57296.0, 57297.0),
(2873, '2021-02-28 07:59:04', 57296.0, 57297.0, 57298.0),
(2874, '2021-02-28 07:59:04', 57297.0, 57298.0, 57299.0),
(2875, '2021-02-28 07:59:05', 57298.0, 57299.0, 57300.0),
(2876, '2021-02-28 07:59:05', 57299.0, 57300.0, 57301.0),
(2877, '2021-02-28 07:59:06', 57300.0, 57301.0, 57302.0),
(2878, '2021-02-28 07:59:06', 57301.0, 57302.0, 57303.0),
(2879, '2021-02-28 07:59:07', 57302.0, 57303.0, 57304.0),
(2880, '2021-02-28 07:59:07', 57303.0, 57304.0, 57305.0),
(2881, '2021-02-28 07:59:08', 57304.0, 57305.0, 57306.0),
(2882, '2021-02-28 07:59:08', 57305.0, 57306.0, 57307.0),
(2883, '2021-02-28 07:59:09', 57306.0, 57307.0, 57308.0),
(2884, '2021-02-28 07:59:09', 57307.0, 57308.0, 57309.0),
(2885, '2021-02-28 07:59:10', 57308.0, 57309.0, 57310.0),
(2886, '2021-02-28 07:59:10', 57309.0, 57310.0, 57311.0),
(2887, '2021-02-28 07:59:11', 57310.0, 57311.0, 57312.0),
(2888, '2021-02-28 07:59:11', 57311.0, 57312.0, 57313.0),
(2889, '2021-02-28 07:59:12', 57312.0, 57313.0, 57314.0),
(2890, '2021-02-28 07:59:12', 57313.0, 57314.0, 57315.0),
(2891, '2021-02-28 07:59:13', 57314.0, 57315.0, 57316.0),
(2892, '2021-02-28 07:59:13', 57315.0, 57316.0, 57317.0),
(2893, '2021-02-28 07:59:14', 57316.0, 57317.0, 57318.0),
(2894, '2021-02-28 07:59:14', 57317.0, 57318.0, 57319.0),
(2895, '2021-02-28 07:59:15', 57318.0, 57319.0, 57320.0),
(2896, '2021-02-28 07:59:15', 57319.0, 57320.0, 57321.0),
(2897, '2021-02-28 07:59:16', 57320.0, 57321.0, 57322.0),
(2898, '2021-02-28 07:59:16', 57321.0, 57322.0, 57323.0),
(2899, '2021-02-28 07:59:17', 57322.0, 57323.0, 57324.0),
(2900, '2021-02-28 07:59:17', 57323.0, 57324.0, 57325.0),
(2901, '2021-02-28 07:59:18', 57324.0, 57325.0, 57326.0),
(2902, '2021-02-28 07:59:18', 57325.0, 57326.0, 57327.0),
(2903, '2021-02-28 07:59:19', 57326.0, 57327.0, 57328.0),
(2904, '2021-02-28 07:59:19', 57327.0, 57328.0, 57329.0),
(2905, '2021-02-28 07:59:20', 57328.0, 57329.0, 57330.0),
(2906, '2021-02-28 07:59:20', 57329.0, 57330.0, 57331.0),
(2907, '2021-02-28 07:59:21', 57330.0, 57331.0, 57332.0),
(2908, '2021-02-28 07:59:21', 57331.0, 57332.0, 57333.0),
(2909, '2021-02-28 07:59:22', 57332.0, 57333.0, 57334.0),
(2910, '2021-02-28 07:59:22', 57333.0, 57334.0, 57335.0),
(2911, '2021-02-28 07:59:23', 57334.0, 57335.0, 57336.0),
(2912, '2021-02-28 07:59:23', 57335.0, 57336.0, 57337.0),
(2913, '2021-02-28 07:59:24', 57336.0, 57337.0, 57338.0),
(2914, '2021-02-28 07:59:24', 57337.0, 57338.0, 57339.0),
(2915, '2021-02-28 07:59:25', 57338.0, 57339.0, 57340.0),
(2916, '2021-02-28 07:59:25', 57339.0, 57340.0, 57341.0),
(2917, '2021-02-28 07:59:26', 57340.0, 57341.0, 57342.0);
INSERT INTO `data` (`data_id`, `dada_date`, `data_temp1`, `data_temp2`, `data_volts`) VALUES
(2918, '2021-02-28 07:59:26', 57341.0, 57342.0, 57343.0),
(2919, '2021-02-28 07:59:27', 57342.0, 57343.0, 57344.0),
(2920, '2021-02-28 07:59:27', 57343.0, 57344.0, 57345.0),
(2921, '2021-02-28 07:59:28', 57344.0, 57345.0, 57346.0),
(2922, '2021-02-28 07:59:28', 57345.0, 57346.0, 57347.0),
(2923, '2021-02-28 07:59:29', 57346.0, 57347.0, 57348.0),
(2924, '2021-02-28 07:59:29', 57347.0, 57348.0, 57349.0),
(2925, '2021-02-28 07:59:30', 57348.0, 57349.0, 57350.0),
(2926, '2021-02-28 07:59:30', 57349.0, 57350.0, 57351.0),
(2927, '2021-02-28 07:59:31', 57350.0, 57351.0, 57352.0),
(2928, '2021-02-28 07:59:31', 57351.0, 57352.0, 57353.0),
(2929, '2021-02-28 07:59:32', 57352.0, 57353.0, 57354.0),
(2930, '2021-02-28 07:59:32', 57353.0, 57354.0, 57355.0),
(2931, '2021-02-28 07:59:33', 57354.0, 57355.0, 57356.0),
(2932, '2021-02-28 07:59:33', 57355.0, 57356.0, 57357.0),
(2933, '2021-02-28 07:59:34', 57356.0, 57357.0, 57358.0),
(2934, '2021-02-28 07:59:34', 57357.0, 57358.0, 57359.0),
(2935, '2021-02-28 07:59:35', 57358.0, 57359.0, 57360.0),
(2936, '2021-02-28 07:59:35', 57359.0, 57360.0, 57361.0),
(2937, '2021-02-28 07:59:36', 57360.0, 57361.0, 57362.0),
(2938, '2021-02-28 07:59:37', 57361.0, 57362.0, 57363.0),
(2939, '2021-02-28 07:59:37', 57362.0, 57363.0, 57364.0),
(2940, '2021-02-28 07:59:37', 57363.0, 57364.0, 57365.0),
(2941, '2021-02-28 07:59:38', 57364.0, 57365.0, 57366.0),
(2942, '2021-02-28 07:59:38', 57365.0, 57366.0, 57367.0),
(2943, '2021-02-28 07:59:39', 57366.0, 57367.0, 57368.0),
(2944, '2021-02-28 07:59:39', 57367.0, 57368.0, 57369.0),
(2945, '2021-02-28 07:59:40', 57368.0, 57369.0, 57370.0),
(2946, '2021-02-28 07:59:40', 57369.0, 57370.0, 57371.0),
(2947, '2021-02-28 07:59:41', 57370.0, 57371.0, 57372.0),
(2948, '2021-02-28 07:59:41', 57371.0, 57372.0, 57373.0),
(2949, '2021-02-28 07:59:42', 57372.0, 57373.0, 57374.0),
(2950, '2021-02-28 07:59:42', 57373.0, 57374.0, 57375.0),
(2951, '2021-02-28 07:59:43', 57374.0, 57375.0, 57376.0),
(2952, '2021-02-28 07:59:43', 57375.0, 57376.0, 57377.0),
(2953, '2021-02-28 07:59:44', 57376.0, 57377.0, 57378.0),
(2954, '2021-02-28 07:59:44', 57377.0, 57378.0, 57379.0),
(2955, '2021-02-28 07:59:45', 57378.0, 57379.0, 57380.0),
(2956, '2021-02-28 07:59:45', 57379.0, 57380.0, 57381.0),
(2957, '2021-02-28 07:59:46', 57380.0, 57381.0, 57382.0),
(2958, '2021-02-28 07:59:46', 57381.0, 57382.0, 57383.0),
(2959, '2021-02-28 07:59:47', 57382.0, 57383.0, 57384.0),
(2960, '2021-02-28 07:59:47', 57383.0, 57384.0, 57385.0),
(2961, '2021-02-28 07:59:48', 57384.0, 57385.0, 57386.0),
(2962, '2021-02-28 07:59:48', 57385.0, 57386.0, 57387.0),
(2963, '2021-02-28 07:59:49', 57386.0, 57387.0, 57388.0),
(2964, '2021-02-28 07:59:49', 57387.0, 57388.0, 57389.0),
(2965, '2021-02-28 07:59:50', 57388.0, 57389.0, 57390.0),
(2966, '2021-02-28 07:59:50', 57389.0, 57390.0, 57391.0),
(2967, '2021-02-28 07:59:51', 57390.0, 57391.0, 57392.0),
(2968, '2021-02-28 07:59:51', 57391.0, 57392.0, 57393.0),
(2969, '2021-02-28 07:59:52', 57392.0, 57393.0, 57394.0),
(2970, '2021-02-28 07:59:53', 57393.0, 57394.0, 57395.0),
(2971, '2021-02-28 07:59:53', 57394.0, 57395.0, 57396.0),
(2972, '2021-02-28 07:59:54', 57395.0, 57396.0, 57397.0),
(2973, '2021-02-28 07:59:54', 57396.0, 57397.0, 57398.0),
(2974, '2021-02-28 07:59:55', 57397.0, 57398.0, 57399.0),
(2975, '2021-02-28 07:59:55', 57398.0, 57399.0, 57400.0),
(2976, '2021-02-28 07:59:56', 57399.0, 57400.0, 57401.0),
(2977, '2021-02-28 07:59:56', 57400.0, 57401.0, 57402.0),
(2978, '2021-02-28 07:59:57', 57401.0, 57402.0, 57403.0),
(2979, '2021-02-28 07:59:57', 57402.0, 57403.0, 57404.0),
(2980, '2021-02-28 07:59:58', 57403.0, 57404.0, 57405.0),
(2981, '2021-02-28 07:59:58', 57404.0, 57405.0, 57406.0),
(2982, '2021-02-28 07:59:59', 57405.0, 57406.0, 57407.0),
(2983, '2021-02-28 07:59:59', 57406.0, 57407.0, 57408.0),
(2984, '2021-02-28 08:00:00', 57407.0, 57408.0, 57409.0),
(2985, '2021-02-28 08:00:00', 57408.0, 57409.0, 57410.0),
(2986, '2021-02-28 08:00:01', 57409.0, 57410.0, 57411.0),
(2987, '2021-02-28 08:00:01', 57410.0, 57411.0, 57412.0),
(2988, '2021-02-28 08:00:02', 57411.0, 57412.0, 57413.0),
(2989, '2021-02-28 08:00:02', 57412.0, 57413.0, 57414.0),
(2990, '2021-02-28 08:00:03', 57413.0, 57414.0, 57415.0),
(2991, '2021-02-28 08:00:03', 57414.0, 57415.0, 57416.0),
(2992, '2021-02-28 08:00:04', 57415.0, 57416.0, 57417.0),
(2993, '2021-02-28 08:00:04', 57416.0, 57417.0, 57418.0),
(2994, '2021-02-28 08:00:05', 57417.0, 57418.0, 57419.0),
(2995, '2021-02-28 08:00:05', 57418.0, 57419.0, 57420.0),
(2996, '2021-02-28 08:00:06', 57419.0, 57420.0, 57421.0),
(2997, '2021-02-28 08:00:06', 57420.0, 57421.0, 57422.0),
(2998, '2021-02-28 08:00:07', 57421.0, 57422.0, 57423.0),
(2999, '2021-02-28 08:00:07', 57422.0, 57423.0, 57424.0),
(3000, '2021-02-28 08:00:08', 57423.0, 57424.0, 57425.0),
(3001, '2021-02-28 08:00:08', 57424.0, 57425.0, 57426.0),
(3002, '2021-02-28 08:00:09', 57425.0, 57426.0, 57427.0),
(3003, '2021-02-28 08:00:09', 57426.0, 57427.0, 57428.0),
(3004, '2021-02-28 08:00:10', 57427.0, 57428.0, 57429.0),
(3005, '2021-02-28 08:00:10', 57428.0, 57429.0, 57430.0),
(3006, '2021-02-28 08:00:11', 57429.0, 57430.0, 57431.0),
(3007, '2021-02-28 08:00:11', 57430.0, 57431.0, 57432.0),
(3008, '2021-02-28 08:00:12', 57431.0, 57432.0, 57433.0),
(3009, '2021-02-28 08:00:12', 57432.0, 57433.0, 57434.0),
(3010, '2021-02-28 08:00:13', 57433.0, 57434.0, 57435.0),
(3011, '2021-02-28 08:00:13', 57434.0, 57435.0, 57436.0),
(3012, '2021-02-28 08:00:14', 57435.0, 57436.0, 57437.0),
(3013, '2021-02-28 08:00:14', 57436.0, 57437.0, 57438.0),
(3014, '2021-02-28 08:00:15', 57437.0, 57438.0, 57439.0),
(3015, '2021-02-28 08:03:21', 57810.0, 57811.0, 57812.0),
(3016, '2021-02-28 08:03:22', 57811.0, 57812.0, 57813.0),
(3017, '2021-02-28 08:03:22', 57812.0, 57813.0, 57814.0),
(3018, '2021-02-28 08:03:23', 57813.0, 57814.0, 57815.0),
(3019, '2021-02-28 08:03:23', 57814.0, 57815.0, 57816.0),
(3020, '2021-02-28 08:03:24', 57815.0, 57816.0, 57817.0),
(3021, '2021-02-28 08:03:24', 57816.0, 57817.0, 57818.0),
(3022, '2021-02-28 08:03:25', 57817.0, 57818.0, 57819.0),
(3023, '2021-02-28 08:03:25', 57818.0, 57819.0, 57820.0),
(3024, '2021-02-28 08:03:26', 57819.0, 57820.0, 57821.0),
(3025, '2021-02-28 08:03:26', 57820.0, 57821.0, 57822.0),
(3026, '2021-02-28 08:03:27', 57821.0, 57822.0, 57823.0),
(3027, '2021-02-28 08:03:27', 57822.0, 57823.0, 57824.0),
(3028, '2021-02-28 08:03:28', 57823.0, 57824.0, 57825.0),
(3029, '2021-02-28 08:03:28', 57824.0, 57825.0, 57826.0),
(3030, '2021-02-28 08:03:29', 57825.0, 57826.0, 57827.0),
(3031, '2021-02-28 08:03:29', 57826.0, 57827.0, 57828.0),
(3032, '2021-02-28 08:03:30', 57827.0, 57828.0, 57829.0),
(3033, '2021-02-28 08:03:30', 57828.0, 57829.0, 57830.0),
(3034, '2021-02-28 08:03:31', 57829.0, 57830.0, 57831.0),
(3035, '2021-02-28 08:03:31', 57830.0, 57831.0, 57832.0),
(3036, '2021-02-28 08:03:32', 57831.0, 57832.0, 57833.0),
(3037, '2021-02-28 08:03:32', 57832.0, 57833.0, 57834.0),
(3038, '2021-02-28 08:03:33', 57833.0, 57834.0, 57835.0),
(3039, '2021-02-28 08:03:33', 57834.0, 57835.0, 57836.0),
(3040, '2021-02-28 08:03:34', 57835.0, 57836.0, 57837.0),
(3041, '2021-02-28 08:03:34', 57836.0, 57837.0, 57838.0),
(3042, '2021-02-28 08:03:35', 57837.0, 57838.0, 57839.0),
(3043, '2021-02-28 08:03:35', 57838.0, 57839.0, 57840.0),
(3044, '2021-02-28 08:03:36', 57839.0, 57840.0, 57841.0),
(3045, '2021-02-28 08:03:36', 57840.0, 57841.0, 57842.0),
(3046, '2021-02-28 08:03:37', 57841.0, 57842.0, 57843.0),
(3047, '2021-02-28 08:03:37', 57842.0, 57843.0, 57844.0),
(3048, '2021-02-28 08:03:38', 57843.0, 57844.0, 57845.0),
(3049, '2021-02-28 08:03:38', 57844.0, 57845.0, 57846.0),
(3050, '2021-02-28 08:03:39', 57845.0, 57846.0, 57847.0),
(3051, '2021-02-28 08:03:39', 57846.0, 57847.0, 57848.0),
(3052, '2021-02-28 08:03:40', 57847.0, 57848.0, 57849.0),
(3053, '2021-02-28 08:03:40', 57848.0, 57849.0, 57850.0),
(3054, '2021-02-28 08:03:41', 57849.0, 57850.0, 57851.0),
(3055, '2021-02-28 08:03:41', 57850.0, 57851.0, 57852.0),
(3056, '2021-02-28 08:03:42', 57851.0, 57852.0, 57853.0),
(3057, '2021-02-28 08:03:42', 57852.0, 57853.0, 57854.0),
(3058, '2021-02-28 08:03:43', 57853.0, 57854.0, 57855.0),
(3059, '2021-02-28 08:03:43', 57854.0, 57855.0, 57856.0),
(3060, '2021-02-28 08:03:44', 57855.0, 57856.0, 57857.0),
(3061, '2021-02-28 08:03:44', 57856.0, 57857.0, 57858.0),
(3062, '2021-02-28 08:03:45', 57857.0, 57858.0, 57859.0),
(3063, '2021-02-28 08:03:45', 57858.0, 57859.0, 57860.0),
(3064, '2021-02-28 08:03:46', 57859.0, 57860.0, 57861.0),
(3065, '2021-02-28 08:03:46', 57860.0, 57861.0, 57862.0),
(3066, '2021-02-28 08:03:47', 57861.0, 57862.0, 57863.0),
(3067, '2021-02-28 08:03:47', 57862.0, 57863.0, 57864.0),
(3068, '2021-02-28 08:03:48', 57863.0, 57864.0, 57865.0),
(3069, '2021-02-28 08:03:48', 57864.0, 57865.0, 57866.0),
(3070, '2021-02-28 08:03:49', 57865.0, 57866.0, 57867.0),
(3071, '2021-02-28 08:03:49', 57866.0, 57867.0, 57868.0),
(3072, '2021-02-28 08:03:50', 57867.0, 57868.0, 57869.0),
(3073, '2021-02-28 08:03:50', 57868.0, 57869.0, 57870.0),
(3074, '2021-02-28 08:03:51', 57869.0, 57870.0, 57871.0),
(3075, '2021-02-28 08:03:51', 57870.0, 57871.0, 57872.0),
(3076, '2021-02-28 08:03:52', 57871.0, 57872.0, 57873.0),
(3077, '2021-02-28 08:03:52', 57872.0, 57873.0, 57874.0),
(3078, '2021-02-28 08:03:53', 57873.0, 57874.0, 57875.0),
(3079, '2021-02-28 08:03:53', 57874.0, 57875.0, 57876.0),
(3080, '2021-02-28 08:03:54', 57875.0, 57876.0, 57877.0),
(3081, '2021-02-28 08:03:54', 57876.0, 57877.0, 57878.0),
(3082, '2021-02-28 08:03:55', 57877.0, 57878.0, 57879.0),
(3083, '2021-02-28 08:03:55', 57878.0, 57879.0, 57880.0),
(3084, '2021-02-28 08:03:56', 57879.0, 57880.0, 57881.0),
(3085, '2021-02-28 08:03:56', 57880.0, 57881.0, 57882.0),
(3086, '2021-02-28 08:03:57', 57881.0, 57882.0, 57883.0),
(3087, '2021-02-28 08:03:57', 57882.0, 57883.0, 57884.0),
(3088, '2021-02-28 08:03:58', 57883.0, 57884.0, 57885.0),
(3089, '2021-02-28 08:03:58', 57884.0, 57885.0, 57886.0),
(3090, '2021-02-28 08:03:59', 57885.0, 57886.0, 57887.0),
(3091, '2021-02-28 08:03:59', 57886.0, 57887.0, 57888.0),
(3092, '2021-02-28 08:04:00', 57887.0, 57888.0, 57889.0),
(3093, '2021-02-28 08:04:01', 57888.0, 57889.0, 57890.0),
(3094, '2021-02-28 08:04:01', 57889.0, 57890.0, 57891.0),
(3095, '2021-02-28 08:04:01', 57890.0, 57891.0, 57892.0),
(3096, '2021-02-28 08:04:02', 57891.0, 57892.0, 57893.0),
(3097, '2021-02-28 08:04:02', 57892.0, 57893.0, 57894.0),
(3098, '2021-02-28 08:04:03', 57893.0, 57894.0, 57895.0),
(3099, '2021-02-28 08:04:03', 57894.0, 57895.0, 57896.0),
(3100, '2021-02-28 08:04:04', 57895.0, 57896.0, 57897.0),
(3101, '2021-02-28 08:04:04', 57896.0, 57897.0, 57898.0),
(3102, '2021-02-28 08:04:05', 57897.0, 57898.0, 57899.0),
(3103, '2021-02-28 08:04:06', 57898.0, 57899.0, 57900.0),
(3104, '2021-02-28 08:04:06', 57899.0, 57900.0, 57901.0),
(3105, '2021-02-28 08:04:07', 57900.0, 57901.0, 57902.0),
(3106, '2021-02-28 08:04:07', 57901.0, 57902.0, 57903.0),
(3107, '2021-02-28 08:04:08', 57902.0, 57903.0, 57904.0),
(3108, '2021-02-28 08:04:08', 57903.0, 57904.0, 57905.0),
(3109, '2021-02-28 08:04:09', 57904.0, 57905.0, 57906.0),
(3110, '2021-02-28 08:04:09', 57905.0, 57906.0, 57907.0),
(3111, '2021-02-28 08:04:10', 57906.0, 57907.0, 57908.0),
(3112, '2021-02-28 08:04:10', 57907.0, 57908.0, 57909.0),
(3113, '2021-02-28 08:04:11', 57908.0, 57909.0, 57910.0),
(3114, '2021-02-28 08:04:11', 57909.0, 57910.0, 57911.0),
(3115, '2021-02-28 08:04:12', 57910.0, 57911.0, 57912.0),
(3116, '2021-02-28 08:04:12', 57911.0, 57912.0, 57913.0),
(3117, '2021-02-28 08:04:13', 57912.0, 57913.0, 57914.0),
(3118, '2021-02-28 08:04:13', 57913.0, 57914.0, 57915.0),
(3119, '2021-02-28 08:04:14', 57914.0, 57915.0, 57916.0),
(3120, '2021-02-28 08:04:14', 57915.0, 57916.0, 57917.0),
(3121, '2021-02-28 08:04:15', 57916.0, 57917.0, 57918.0),
(3122, '2021-02-28 08:04:15', 57917.0, 57918.0, 57919.0),
(3123, '2021-02-28 08:04:16', 57918.0, 57919.0, 57920.0),
(3124, '2021-02-28 08:04:16', 57919.0, 57920.0, 57921.0),
(3125, '2021-02-28 08:04:17', 57920.0, 57921.0, 57922.0),
(3126, '2021-02-28 08:04:17', 57921.0, 57922.0, 57923.0),
(3127, '2021-02-28 08:04:18', 57922.0, 57923.0, 57924.0),
(3128, '2021-02-28 08:04:18', 57923.0, 57924.0, 57925.0),
(3129, '2021-02-28 08:04:19', 57924.0, 57925.0, 57926.0),
(3130, '2021-02-28 08:04:19', 57925.0, 57926.0, 57927.0),
(3131, '2021-02-28 08:04:20', 57926.0, 57927.0, 57928.0),
(3132, '2021-02-28 08:04:20', 57927.0, 57928.0, 57929.0),
(3133, '2021-02-28 08:04:21', 57928.0, 57929.0, 57930.0),
(3134, '2021-02-28 08:04:21', 57929.0, 57930.0, 57931.0),
(3135, '2021-02-28 08:04:22', 57930.0, 57931.0, 57932.0),
(3136, '2021-02-28 08:04:22', 57931.0, 57932.0, 57933.0),
(3137, '2021-02-28 08:04:23', 57932.0, 57933.0, 57934.0),
(3138, '2021-02-28 08:04:23', 57933.0, 57934.0, 57935.0),
(3139, '2021-02-28 08:04:24', 57934.0, 57935.0, 57936.0),
(3140, '2021-02-28 08:04:24', 57935.0, 57936.0, 57937.0),
(3141, '2021-02-28 08:04:25', 57936.0, 57937.0, 57938.0),
(3142, '2021-02-28 08:04:25', 57937.0, 57938.0, 57939.0),
(3143, '2021-02-28 08:04:26', 57938.0, 57939.0, 57940.0),
(3144, '2021-02-28 08:04:26', 57939.0, 57940.0, 57941.0),
(3145, '2021-02-28 08:04:27', 57940.0, 57941.0, 57942.0),
(3146, '2021-02-28 08:04:27', 57941.0, 57942.0, 57943.0),
(3147, '2021-02-28 08:04:28', 57942.0, 57943.0, 57944.0),
(3148, '2021-02-28 08:04:28', 57943.0, 57944.0, 57945.0),
(3149, '2021-02-28 08:04:29', 57944.0, 57945.0, 57946.0),
(3150, '2021-02-28 08:04:29', 57945.0, 57946.0, 57947.0),
(3151, '2021-02-28 08:04:30', 57946.0, 57947.0, 57948.0),
(3152, '2021-02-28 08:04:30', 57947.0, 57948.0, 57949.0),
(3153, '2021-02-28 08:04:31', 57948.0, 57949.0, 57950.0),
(3154, '2021-02-28 08:04:31', 57949.0, 57950.0, 57951.0),
(3155, '2021-02-28 08:04:32', 57950.0, 57951.0, 57952.0),
(3156, '2021-02-28 08:04:32', 57951.0, 57952.0, 57953.0),
(3157, '2021-02-28 08:04:33', 57952.0, 57953.0, 57954.0),
(3158, '2021-02-28 08:04:33', 57953.0, 57954.0, 57955.0),
(3159, '2021-02-28 08:04:34', 57954.0, 57955.0, 57956.0),
(3160, '2021-02-28 08:04:34', 57955.0, 57956.0, 57957.0),
(3161, '2021-02-28 08:04:35', 57956.0, 57957.0, 57958.0),
(3162, '2021-02-28 08:04:35', 57957.0, 57958.0, 57959.0),
(3163, '2021-02-28 08:04:36', 57958.0, 57959.0, 57960.0),
(3164, '2021-02-28 08:04:36', 57959.0, 57960.0, 57961.0),
(3165, '2021-02-28 08:04:37', 57960.0, 57961.0, 57962.0),
(3166, '2021-02-28 08:04:37', 57961.0, 57962.0, 57963.0),
(3167, '2021-02-28 08:04:38', 57962.0, 57963.0, 57964.0),
(3168, '2021-02-28 08:04:38', 57963.0, 57964.0, 57965.0),
(3169, '2021-02-28 08:04:39', 57964.0, 57965.0, 57966.0),
(3170, '2021-02-28 08:04:39', 57965.0, 57966.0, 57967.0),
(3171, '2021-02-28 08:04:40', 57966.0, 57967.0, 57968.0),
(3172, '2021-02-28 08:04:40', 57967.0, 57968.0, 57969.0),
(3173, '2021-02-28 08:04:41', 57968.0, 57969.0, 57970.0),
(3174, '2021-02-28 08:04:41', 57969.0, 57970.0, 57971.0),
(3175, '2021-02-28 08:04:42', 57970.0, 57971.0, 57972.0),
(3176, '2021-02-28 08:04:42', 57971.0, 57972.0, 57973.0),
(3177, '2021-02-28 08:04:43', 57972.0, 57973.0, 57974.0),
(3178, '2021-02-28 08:04:43', 57973.0, 57974.0, 57975.0),
(3179, '2021-02-28 08:04:44', 57974.0, 57975.0, 57976.0),
(3180, '2021-02-28 08:04:44', 57975.0, 57976.0, 57977.0),
(3181, '2021-02-28 08:04:45', 57976.0, 57977.0, 57978.0),
(3182, '2021-02-28 08:04:45', 57977.0, 57978.0, 57979.0),
(3183, '2021-02-28 08:04:46', 57978.0, 57979.0, 57980.0),
(3184, '2021-02-28 08:04:46', 57979.0, 57980.0, 57981.0),
(3185, '2021-02-28 08:04:47', 57980.0, 57981.0, 57982.0),
(3186, '2021-02-28 08:04:47', 57981.0, 57982.0, 57983.0),
(3187, '2021-02-28 08:04:48', 57982.0, 57983.0, 57984.0),
(3188, '2021-02-28 08:04:48', 57983.0, 57984.0, 57985.0),
(3189, '2021-02-28 08:04:49', 57984.0, 57985.0, 57986.0),
(3190, '2021-02-28 08:04:49', 57985.0, 57986.0, 57987.0),
(3191, '2021-02-28 08:04:50', 57986.0, 57987.0, 57988.0),
(3192, '2021-02-28 08:04:50', 57987.0, 57988.0, 57989.0),
(3193, '2021-02-28 08:04:51', 57988.0, 57989.0, 57990.0),
(3194, '2021-02-28 08:04:51', 57989.0, 57990.0, 57991.0),
(3195, '2021-02-28 08:04:52', 57990.0, 57991.0, 57992.0),
(3196, '2021-02-28 08:04:52', 57991.0, 57992.0, 57993.0),
(3197, '2021-02-28 08:04:53', 57992.0, 57993.0, 57994.0),
(3198, '2021-02-28 08:04:53', 57993.0, 57994.0, 57995.0),
(3199, '2021-02-28 08:04:54', 57994.0, 57995.0, 57996.0),
(3200, '2021-02-28 08:04:54', 57995.0, 57996.0, 57997.0),
(3201, '2021-02-28 08:04:55', 57996.0, 57997.0, 57998.0),
(3202, '2021-02-28 08:04:55', 57997.0, 57998.0, 57999.0),
(3203, '2021-02-28 08:04:56', 57998.0, 57999.0, 58000.0),
(3204, '2021-02-28 08:04:56', 57999.0, 58000.0, 58001.0),
(3205, '2021-02-28 08:04:57', 58000.0, 58001.0, 58002.0),
(3206, '2021-02-28 08:04:57', 58001.0, 58002.0, 58003.0),
(3207, '2021-02-28 08:04:58', 58002.0, 58003.0, 58004.0),
(3208, '2021-02-28 08:04:58', 58003.0, 58004.0, 58005.0),
(3209, '2021-02-28 08:04:59', 58004.0, 58005.0, 58006.0),
(3210, '2021-02-28 08:04:59', 58005.0, 58006.0, 58007.0),
(3211, '2021-02-28 08:05:00', 58006.0, 58007.0, 58008.0),
(3212, '2021-02-28 08:05:00', 58007.0, 58008.0, 58009.0),
(3213, '2021-02-28 08:05:01', 58008.0, 58009.0, 58010.0),
(3214, '2021-02-28 08:05:01', 58009.0, 58010.0, 58011.0),
(3215, '2021-02-28 08:05:02', 58010.0, 58011.0, 58012.0),
(3216, '2021-02-28 08:05:02', 58011.0, 58012.0, 58013.0),
(3217, '2021-02-28 08:05:03', 58012.0, 58013.0, 58014.0),
(3218, '2021-02-28 08:05:03', 58013.0, 58014.0, 58015.0),
(3219, '2021-02-28 08:05:04', 58014.0, 58015.0, 58016.0),
(3220, '2021-02-28 08:05:04', 58015.0, 58016.0, 58017.0),
(3221, '2021-02-28 08:05:05', 58016.0, 58017.0, 58018.0),
(3222, '2021-02-28 08:05:05', 58017.0, 58018.0, 58019.0),
(3223, '2021-02-28 08:05:06', 58018.0, 58019.0, 58020.0),
(3224, '2021-02-28 08:05:06', 58019.0, 58020.0, 58021.0),
(3225, '2021-02-28 08:05:07', 58020.0, 58021.0, 58022.0),
(3226, '2021-02-28 08:05:07', 58021.0, 58022.0, 58023.0),
(3227, '2021-02-28 08:05:08', 58022.0, 58023.0, 58024.0),
(3228, '2021-02-28 08:05:08', 58023.0, 58024.0, 58025.0),
(3229, '2021-02-28 08:05:09', 58024.0, 58025.0, 58026.0),
(3230, '2021-02-28 08:05:09', 58025.0, 58026.0, 58027.0),
(3231, '2021-02-28 08:05:10', 58026.0, 58027.0, 58028.0),
(3232, '2021-02-28 08:05:10', 58027.0, 58028.0, 58029.0),
(3233, '2021-02-28 08:05:11', 58028.0, 58029.0, 58030.0),
(3234, '2021-02-28 08:05:11', 58029.0, 58030.0, 58031.0),
(3235, '2021-02-28 08:05:12', 58030.0, 58031.0, 58032.0),
(3236, '2021-02-28 08:05:12', 58031.0, 58032.0, 58033.0),
(3237, '2021-02-28 08:05:13', 58032.0, 58033.0, 58034.0),
(3238, '2021-02-28 08:05:13', 58033.0, 58034.0, 58035.0),
(3239, '2021-02-28 08:05:14', 58034.0, 58035.0, 58036.0),
(3240, '2021-02-28 08:05:14', 58035.0, 58036.0, 58037.0),
(3241, '2021-02-28 08:05:15', 58036.0, 58037.0, 58038.0),
(3242, '2021-02-28 08:05:15', 58037.0, 58038.0, 58039.0),
(3243, '2021-02-28 08:05:16', 58038.0, 58039.0, 58040.0),
(3244, '2021-02-28 08:05:16', 58039.0, 58040.0, 58041.0),
(3245, '2021-02-28 08:05:17', 58040.0, 58041.0, 58042.0),
(3246, '2021-02-28 08:05:17', 58041.0, 58042.0, 58043.0),
(3247, '2021-02-28 08:05:18', 58042.0, 58043.0, 58044.0),
(3248, '2021-02-28 08:05:18', 58043.0, 58044.0, 58045.0),
(3249, '2021-02-28 08:05:19', 58044.0, 58045.0, 58046.0),
(3250, '2021-02-28 08:05:19', 58045.0, 58046.0, 58047.0),
(3251, '2021-02-28 08:05:20', 58046.0, 58047.0, 58048.0),
(3252, '2021-02-28 08:05:20', 58047.0, 58048.0, 58049.0),
(3253, '2021-02-28 08:05:21', 58048.0, 58049.0, 58050.0),
(3254, '2021-02-28 08:05:21', 58049.0, 58050.0, 58051.0),
(3255, '2021-02-28 08:05:22', 58050.0, 58051.0, 58052.0),
(3256, '2021-02-28 08:05:22', 58051.0, 58052.0, 58053.0),
(3257, '2021-02-28 08:05:23', 58052.0, 58053.0, 58054.0),
(3258, '2021-02-28 08:05:23', 58053.0, 58054.0, 58055.0),
(3259, '2021-02-28 08:05:24', 58054.0, 58055.0, 58056.0),
(3260, '2021-02-28 08:05:24', 58055.0, 58056.0, 58057.0),
(3261, '2021-02-28 08:05:25', 58056.0, 58057.0, 58058.0),
(3262, '2021-02-28 08:05:25', 58057.0, 58058.0, 58059.0),
(3263, '2021-02-28 08:05:26', 58058.0, 58059.0, 58060.0),
(3264, '2021-02-28 08:05:26', 58059.0, 58060.0, 58061.0),
(3265, '2021-02-28 08:05:27', 58060.0, 58061.0, 58062.0),
(3266, '2021-02-28 08:05:27', 58061.0, 58062.0, 58063.0),
(3267, '2021-02-28 08:05:28', 58062.0, 58063.0, 58064.0),
(3268, '2021-02-28 08:05:28', 58063.0, 58064.0, 58065.0),
(3269, '2021-02-28 08:05:29', 58064.0, 58065.0, 58066.0),
(3270, '2021-02-28 08:05:29', 58065.0, 58066.0, 58067.0),
(3271, '2021-02-28 08:05:30', 58066.0, 58067.0, 58068.0),
(3272, '2021-02-28 08:05:30', 58067.0, 58068.0, 58069.0),
(3273, '2021-02-28 08:05:31', 58068.0, 58069.0, 58070.0),
(3274, '2021-02-28 08:05:31', 58069.0, 58070.0, 58071.0),
(3275, '2021-02-28 08:05:32', 58070.0, 58071.0, 58072.0),
(3276, '2021-02-28 08:05:32', 58071.0, 58072.0, 58073.0),
(3277, '2021-02-28 08:05:33', 58072.0, 58073.0, 58074.0),
(3278, '2021-02-28 08:05:33', 58073.0, 58074.0, 58075.0),
(3279, '2021-02-28 08:05:34', 58074.0, 58075.0, 58076.0),
(3280, '2021-02-28 08:05:34', 58075.0, 58076.0, 58077.0),
(3281, '2021-02-28 08:05:35', 58076.0, 58077.0, 58078.0),
(3282, '2021-02-28 08:05:35', 58077.0, 58078.0, 58079.0),
(3283, '2021-02-28 08:05:36', 58078.0, 58079.0, 58080.0),
(3284, '2021-02-28 08:05:36', 58079.0, 58080.0, 58081.0),
(3285, '2021-02-28 08:05:37', 58080.0, 58081.0, 58082.0),
(3286, '2021-02-28 08:05:37', 58081.0, 58082.0, 58083.0),
(3287, '2021-02-28 08:05:38', 58082.0, 58083.0, 58084.0),
(3288, '2021-02-28 08:05:38', 58083.0, 58084.0, 58085.0),
(3289, '2021-02-28 08:05:39', 58084.0, 58085.0, 58086.0),
(3290, '2021-02-28 08:05:39', 58085.0, 58086.0, 58087.0),
(3291, '2021-02-28 08:05:40', 58086.0, 58087.0, 58088.0),
(3292, '2021-02-28 08:05:40', 58087.0, 58088.0, 58089.0),
(3293, '2021-02-28 08:05:41', 58088.0, 58089.0, 58090.0),
(3294, '2021-02-28 08:05:41', 58089.0, 58090.0, 58091.0),
(3295, '2021-02-28 08:05:42', 58090.0, 58091.0, 58092.0),
(3296, '2021-02-28 08:05:42', 58091.0, 58092.0, 58093.0),
(3297, '2021-02-28 08:05:43', 58092.0, 58093.0, 58094.0),
(3298, '2021-02-28 08:05:43', 58093.0, 58094.0, 58095.0),
(3299, '2021-02-28 08:05:44', 58094.0, 58095.0, 58096.0),
(3300, '2021-02-28 08:05:44', 58095.0, 58096.0, 58097.0),
(3301, '2021-02-28 08:05:45', 58096.0, 58097.0, 58098.0),
(3302, '2021-02-28 08:05:45', 58097.0, 58098.0, 58099.0),
(3303, '2021-02-28 08:05:46', 58098.0, 58099.0, 58100.0),
(3304, '2021-02-28 08:05:46', 58099.0, 58100.0, 58101.0),
(3305, '2021-02-28 08:05:47', 58100.0, 58101.0, 58102.0),
(3306, '2021-02-28 08:05:47', 58101.0, 58102.0, 58103.0),
(3307, '2021-02-28 08:05:48', 58102.0, 58103.0, 58104.0),
(3308, '2021-02-28 08:05:48', 58103.0, 58104.0, 58105.0),
(3309, '2021-02-28 08:05:49', 58104.0, 58105.0, 58106.0),
(3310, '2021-02-28 08:05:49', 58105.0, 58106.0, 58107.0),
(3311, '2021-02-28 08:05:50', 58106.0, 58107.0, 58108.0),
(3312, '2021-02-28 08:05:50', 58107.0, 58108.0, 58109.0),
(3313, '2021-02-28 08:05:51', 58108.0, 58109.0, 58110.0),
(3314, '2021-02-28 08:05:51', 58109.0, 58110.0, 58111.0),
(3315, '2021-02-28 08:05:52', 58110.0, 58111.0, 58112.0),
(3316, '2021-02-28 08:05:52', 58111.0, 58112.0, 58113.0),
(3317, '2021-02-28 08:05:53', 58112.0, 58113.0, 58114.0),
(3318, '2021-02-28 08:05:53', 58113.0, 58114.0, 58115.0),
(3319, '2021-02-28 08:05:54', 58114.0, 58115.0, 58116.0),
(3320, '2021-02-28 08:05:54', 58115.0, 58116.0, 58117.0),
(3321, '2021-02-28 08:05:55', 58116.0, 58117.0, 58118.0),
(3322, '2021-02-28 08:05:55', 58117.0, 58118.0, 58119.0),
(3323, '2021-02-28 08:05:56', 58118.0, 58119.0, 58120.0),
(3324, '2021-02-28 08:05:56', 58119.0, 58120.0, 58121.0),
(3325, '2021-02-28 08:05:57', 58120.0, 58121.0, 58122.0),
(3326, '2021-02-28 08:05:57', 58121.0, 58122.0, 58123.0),
(3327, '2021-02-28 08:05:58', 58122.0, 58123.0, 58124.0),
(3328, '2021-02-28 08:05:58', 58123.0, 58124.0, 58125.0),
(3329, '2021-02-28 08:05:59', 58124.0, 58125.0, 58126.0),
(3330, '2021-02-28 08:05:59', 58125.0, 58126.0, 58127.0),
(3331, '2021-02-28 08:06:00', 58126.0, 58127.0, 58128.0),
(3332, '2021-02-28 08:06:00', 58127.0, 58128.0, 58129.0),
(3333, '2021-02-28 08:06:01', 58128.0, 58129.0, 58130.0),
(3334, '2021-02-28 08:06:01', 58129.0, 58130.0, 58131.0),
(3335, '2021-02-28 08:06:02', 58130.0, 58131.0, 58132.0),
(3336, '2021-02-28 08:06:02', 58131.0, 58132.0, 58133.0),
(3337, '2021-02-28 08:06:03', 58132.0, 58133.0, 58134.0),
(3338, '2021-02-28 08:06:03', 58133.0, 58134.0, 58135.0),
(3339, '2021-02-28 08:06:04', 58134.0, 58135.0, 58136.0),
(3340, '2021-02-28 08:06:04', 58135.0, 58136.0, 58137.0),
(3341, '2021-02-28 08:06:05', 58136.0, 58137.0, 58138.0),
(3342, '2021-02-28 08:06:05', 58137.0, 58138.0, 58139.0),
(3343, '2021-02-28 08:06:06', 58138.0, 58139.0, 58140.0),
(3344, '2021-02-28 08:06:06', 58139.0, 58140.0, 58141.0),
(3345, '2021-02-28 08:06:07', 58140.0, 58141.0, 58142.0),
(3346, '2021-02-28 08:06:07', 58141.0, 58142.0, 58143.0),
(3347, '2021-02-28 08:06:08', 58142.0, 58143.0, 58144.0),
(3348, '2021-02-28 08:06:08', 58143.0, 58144.0, 58145.0),
(3349, '2021-02-28 08:06:09', 58144.0, 58145.0, 58146.0),
(3350, '2021-02-28 08:06:09', 58145.0, 58146.0, 58147.0),
(3351, '2021-02-28 08:06:10', 58146.0, 58147.0, 58148.0),
(3352, '2021-02-28 08:06:10', 58147.0, 58148.0, 58149.0),
(3353, '2021-02-28 08:06:11', 58148.0, 58149.0, 58150.0),
(3354, '2021-02-28 08:06:11', 58149.0, 58150.0, 58151.0),
(3355, '2021-02-28 08:06:12', 58150.0, 58151.0, 58152.0),
(3356, '2021-02-28 08:06:12', 58151.0, 58152.0, 58153.0),
(3357, '2021-02-28 08:06:13', 58152.0, 58153.0, 58154.0),
(3358, '2021-02-28 08:06:13', 58153.0, 58154.0, 58155.0),
(3359, '2021-02-28 08:06:14', 58154.0, 58155.0, 58156.0),
(3360, '2021-02-28 08:06:14', 58155.0, 58156.0, 58157.0),
(3361, '2021-02-28 08:06:15', 58156.0, 58157.0, 58158.0),
(3362, '2021-02-28 08:06:15', 58157.0, 58158.0, 58159.0),
(3363, '2021-02-28 08:06:16', 58158.0, 58159.0, 58160.0),
(3364, '2021-02-28 08:06:16', 58159.0, 58160.0, 58161.0),
(3365, '2021-02-28 08:06:17', 58160.0, 58161.0, 58162.0),
(3366, '2021-02-28 08:06:17', 58161.0, 58162.0, 58163.0),
(3367, '2021-02-28 08:06:18', 58162.0, 58163.0, 58164.0),
(3368, '2021-02-28 08:06:18', 58163.0, 58164.0, 58165.0),
(3369, '2021-02-28 08:06:19', 58164.0, 58165.0, 58166.0),
(3370, '2021-02-28 08:06:19', 58165.0, 58166.0, 58167.0),
(3371, '2021-02-28 08:06:20', 58166.0, 58167.0, 58168.0),
(3372, '2021-02-28 08:06:20', 58167.0, 58168.0, 58169.0),
(3373, '2021-02-28 08:06:21', 58168.0, 58169.0, 58170.0),
(3374, '2021-02-28 08:06:21', 58169.0, 58170.0, 58171.0),
(3375, '2021-02-28 08:06:22', 58170.0, 58171.0, 58172.0),
(3376, '2021-02-28 08:06:22', 58171.0, 58172.0, 58173.0),
(3377, '2021-02-28 08:06:23', 58172.0, 58173.0, 58174.0),
(3378, '2021-02-28 08:06:23', 58173.0, 58174.0, 58175.0),
(3379, '2021-02-28 08:06:24', 58174.0, 58175.0, 58176.0),
(3380, '2021-02-28 08:06:24', 58175.0, 58176.0, 58177.0),
(3381, '2021-02-28 08:06:25', 58176.0, 58177.0, 58178.0),
(3382, '2021-02-28 08:06:25', 58177.0, 58178.0, 58179.0),
(3383, '2021-02-28 08:06:26', 58178.0, 58179.0, 58180.0),
(3384, '2021-02-28 08:06:26', 58179.0, 58180.0, 58181.0),
(3385, '2021-02-28 08:06:27', 58180.0, 58181.0, 58182.0),
(3386, '2021-02-28 08:06:27', 58181.0, 58182.0, 58183.0),
(3387, '2021-02-28 08:06:28', 58182.0, 58183.0, 58184.0),
(3388, '2021-02-28 08:06:28', 58183.0, 58184.0, 58185.0),
(3389, '2021-02-28 08:06:29', 58184.0, 58185.0, 58186.0),
(3390, '2021-02-28 08:06:29', 58185.0, 58186.0, 58187.0),
(3391, '2021-02-28 08:06:30', 58186.0, 58187.0, 58188.0),
(3392, '2021-02-28 08:06:30', 58187.0, 58188.0, 58189.0),
(3393, '2021-02-28 08:06:31', 58188.0, 58189.0, 58190.0),
(3394, '2021-02-28 08:06:31', 58189.0, 58190.0, 58191.0),
(3395, '2021-02-28 08:06:32', 58190.0, 58191.0, 58192.0),
(3396, '2021-02-28 08:06:32', 58191.0, 58192.0, 58193.0),
(3397, '2021-02-28 08:06:33', 58192.0, 58193.0, 58194.0),
(3398, '2021-02-28 08:06:33', 58193.0, 58194.0, 58195.0),
(3399, '2021-02-28 08:06:34', 58194.0, 58195.0, 58196.0),
(3400, '2021-02-28 08:06:34', 58195.0, 58196.0, 58197.0),
(3401, '2021-02-28 08:06:35', 58196.0, 58197.0, 58198.0),
(3402, '2021-02-28 08:06:35', 58197.0, 58198.0, 58199.0),
(3403, '2021-02-28 08:06:36', 58198.0, 58199.0, 58200.0),
(3404, '2021-02-28 08:06:36', 58199.0, 58200.0, 58201.0),
(3405, '2021-02-28 08:06:37', 58200.0, 58201.0, 58202.0),
(3406, '2021-02-28 08:06:37', 58201.0, 58202.0, 58203.0),
(3407, '2021-02-28 08:06:38', 58202.0, 58203.0, 58204.0),
(3408, '2021-02-28 08:06:38', 58203.0, 58204.0, 58205.0),
(3409, '2021-02-28 08:06:39', 58204.0, 58205.0, 58206.0),
(3410, '2021-02-28 08:06:39', 58205.0, 58206.0, 58207.0),
(3411, '2021-02-28 08:06:40', 58206.0, 58207.0, 58208.0),
(3412, '2021-02-28 08:06:40', 58207.0, 58208.0, 58209.0),
(3413, '2021-02-28 08:06:41', 58208.0, 58209.0, 58210.0),
(3414, '2021-02-28 08:06:41', 58209.0, 58210.0, 58211.0),
(3415, '2021-02-28 08:06:42', 58210.0, 58211.0, 58212.0),
(3416, '2021-02-28 08:06:42', 58211.0, 58212.0, 58213.0),
(3417, '2021-02-28 08:06:43', 58212.0, 58213.0, 58214.0),
(3418, '2021-02-28 08:06:43', 58213.0, 58214.0, 58215.0),
(3419, '2021-02-28 08:06:44', 58214.0, 58215.0, 58216.0),
(3420, '2021-02-28 08:06:44', 58215.0, 58216.0, 58217.0),
(3421, '2021-02-28 08:06:45', 58216.0, 58217.0, 58218.0),
(3422, '2021-02-28 08:06:45', 58217.0, 58218.0, 58219.0),
(3423, '2021-02-28 08:06:46', 58218.0, 58219.0, 58220.0),
(3424, '2021-02-28 08:06:46', 58219.0, 58220.0, 58221.0),
(3425, '2021-02-28 08:06:47', 58220.0, 58221.0, 58222.0),
(3426, '2021-02-28 08:06:47', 58221.0, 58222.0, 58223.0),
(3427, '2021-02-28 08:06:48', 58222.0, 58223.0, 58224.0),
(3428, '2021-02-28 08:06:48', 58223.0, 58224.0, 58225.0),
(3429, '2021-02-28 08:06:49', 58224.0, 58225.0, 58226.0),
(3430, '2021-02-28 08:06:49', 58225.0, 58226.0, 58227.0),
(3431, '2021-02-28 08:06:50', 58226.0, 58227.0, 58228.0),
(3432, '2021-02-28 08:06:50', 58227.0, 58228.0, 58229.0),
(3433, '2021-02-28 08:06:51', 58228.0, 58229.0, 58230.0),
(3434, '2021-02-28 08:06:51', 58229.0, 58230.0, 58231.0),
(3435, '2021-02-28 08:06:52', 58230.0, 58231.0, 58232.0),
(3436, '2021-02-28 08:06:52', 58231.0, 58232.0, 58233.0),
(3437, '2021-02-28 08:06:53', 58232.0, 58233.0, 58234.0),
(3438, '2021-02-28 08:06:53', 58233.0, 58234.0, 58235.0),
(3439, '2021-02-28 08:06:54', 58234.0, 58235.0, 58236.0),
(3440, '2021-02-28 08:06:54', 58235.0, 58236.0, 58237.0),
(3441, '2021-02-28 08:06:55', 58236.0, 58237.0, 58238.0),
(3442, '2021-02-28 08:06:55', 58237.0, 58238.0, 58239.0),
(3443, '2021-02-28 08:06:56', 58238.0, 58239.0, 58240.0),
(3444, '2021-02-28 08:06:56', 58239.0, 58240.0, 58241.0),
(3445, '2021-02-28 08:06:57', 58240.0, 58241.0, 58242.0),
(3446, '2021-02-28 08:06:57', 58241.0, 58242.0, 58243.0),
(3447, '2021-02-28 08:06:58', 58242.0, 58243.0, 58244.0),
(3448, '2021-02-28 08:06:58', 58243.0, 58244.0, 58245.0),
(3449, '2021-02-28 08:06:59', 58244.0, 58245.0, 58246.0),
(3450, '2021-02-28 08:06:59', 58245.0, 58246.0, 58247.0),
(3451, '2021-02-28 08:07:00', 58246.0, 58247.0, 58248.0),
(3452, '2021-02-28 08:07:00', 58247.0, 58248.0, 58249.0),
(3453, '2021-02-28 08:07:01', 58248.0, 58249.0, 58250.0),
(3454, '2021-02-28 08:07:01', 58249.0, 58250.0, 58251.0),
(3455, '2021-02-28 08:07:02', 58250.0, 58251.0, 58252.0),
(3456, '2021-02-28 08:07:02', 58251.0, 58252.0, 58253.0),
(3457, '2021-02-28 08:07:03', 58252.0, 58253.0, 58254.0),
(3458, '2021-02-28 08:07:03', 58253.0, 58254.0, 58255.0),
(3459, '2021-02-28 08:07:04', 58254.0, 58255.0, 58256.0),
(3460, '2021-02-28 08:07:04', 58255.0, 58256.0, 58257.0),
(3461, '2021-02-28 08:07:05', 58256.0, 58257.0, 58258.0),
(3462, '2021-02-28 08:07:05', 58257.0, 58258.0, 58259.0),
(3463, '2021-02-28 08:07:06', 58258.0, 58259.0, 58260.0),
(3464, '2021-02-28 08:07:06', 58259.0, 58260.0, 58261.0),
(3465, '2021-02-28 08:07:07', 58260.0, 58261.0, 58262.0),
(3466, '2021-02-28 08:07:07', 58261.0, 58262.0, 58263.0),
(3467, '2021-02-28 08:07:08', 58262.0, 58263.0, 58264.0),
(3468, '2021-02-28 08:07:08', 58263.0, 58264.0, 58265.0),
(3469, '2021-02-28 08:07:09', 58264.0, 58265.0, 58266.0),
(3470, '2021-02-28 08:07:09', 58265.0, 58266.0, 58267.0),
(3471, '2021-02-28 08:07:10', 58266.0, 58267.0, 58268.0),
(3472, '2021-02-28 08:07:10', 58267.0, 58268.0, 58269.0),
(3473, '2021-02-28 08:07:11', 58268.0, 58269.0, 58270.0),
(3474, '2021-02-28 08:07:11', 58269.0, 58270.0, 58271.0),
(3475, '2021-02-28 08:07:12', 58270.0, 58271.0, 58272.0),
(3476, '2021-02-28 08:07:12', 58271.0, 58272.0, 58273.0),
(3477, '2021-02-28 08:07:13', 58272.0, 58273.0, 58274.0),
(3478, '2021-02-28 08:07:13', 58273.0, 58274.0, 58275.0),
(3479, '2021-02-28 08:07:14', 58274.0, 58275.0, 58276.0),
(3480, '2021-02-28 08:07:14', 58275.0, 58276.0, 58277.0),
(3481, '2021-02-28 08:07:15', 58276.0, 58277.0, 58278.0),
(3482, '2021-02-28 08:07:15', 58277.0, 58278.0, 58279.0),
(3483, '2021-02-28 08:07:16', 58278.0, 58279.0, 58280.0),
(3484, '2021-02-28 08:07:16', 58279.0, 58280.0, 58281.0),
(3485, '2021-02-28 08:07:17', 58280.0, 58281.0, 58282.0),
(3486, '2021-02-28 08:07:17', 58281.0, 58282.0, 58283.0),
(3487, '2021-02-28 08:07:18', 58282.0, 58283.0, 58284.0),
(3488, '2021-02-28 08:07:18', 58283.0, 58284.0, 58285.0),
(3489, '2021-02-28 08:07:19', 58284.0, 58285.0, 58286.0),
(3490, '2021-02-28 08:07:19', 58285.0, 58286.0, 58287.0),
(3491, '2021-02-28 08:07:20', 58286.0, 58287.0, 58288.0),
(3492, '2021-02-28 08:07:20', 58287.0, 58288.0, 58289.0),
(3493, '2021-02-28 08:07:21', 58288.0, 58289.0, 58290.0),
(3494, '2021-02-28 08:07:21', 58289.0, 58290.0, 58291.0),
(3495, '2021-02-28 08:07:22', 58290.0, 58291.0, 58292.0),
(3496, '2021-02-28 08:07:23', 58291.0, 58292.0, 58293.0),
(3497, '2021-02-28 08:07:23', 58292.0, 58293.0, 58294.0),
(3498, '2021-02-28 08:07:23', 58293.0, 58294.0, 58295.0),
(3499, '2021-02-28 08:07:24', 58294.0, 58295.0, 58296.0),
(3500, '2021-02-28 08:07:24', 58295.0, 58296.0, 58297.0),
(3501, '2021-02-28 08:07:25', 58296.0, 58297.0, 58298.0),
(3502, '2021-02-28 08:07:25', 58297.0, 58298.0, 58299.0),
(3503, '2021-02-28 08:07:26', 58298.0, 58299.0, 58300.0),
(3504, '2021-02-28 08:07:26', 58299.0, 58300.0, 58301.0),
(3505, '2021-02-28 08:07:27', 58300.0, 58301.0, 58302.0),
(3506, '2021-02-28 08:07:27', 58301.0, 58302.0, 58303.0),
(3507, '2021-02-28 08:07:28', 58302.0, 58303.0, 58304.0),
(3508, '2021-02-28 08:07:28', 58303.0, 58304.0, 58305.0),
(3509, '2021-02-28 08:07:29', 58304.0, 58305.0, 58306.0),
(3510, '2021-02-28 08:07:29', 58305.0, 58306.0, 58307.0),
(3511, '2021-02-28 08:07:30', 58306.0, 58307.0, 58308.0),
(3512, '2021-02-28 08:07:30', 58307.0, 58308.0, 58309.0),
(3513, '2021-02-28 08:07:31', 58308.0, 58309.0, 58310.0),
(3514, '2021-02-28 08:07:31', 58309.0, 58310.0, 58311.0),
(3515, '2021-02-28 08:07:32', 58310.0, 58311.0, 58312.0),
(3516, '2021-02-28 08:07:32', 58311.0, 58312.0, 58313.0),
(3517, '2021-02-28 08:07:33', 58312.0, 58313.0, 58314.0),
(3518, '2021-02-28 08:07:33', 58313.0, 58314.0, 58315.0),
(3519, '2021-02-28 08:07:34', 58314.0, 58315.0, 58316.0),
(3520, '2021-02-28 08:07:34', 58315.0, 58316.0, 58317.0),
(3521, '2021-02-28 08:07:35', 58316.0, 58317.0, 58318.0),
(3522, '2021-02-28 08:07:35', 58317.0, 58318.0, 58319.0),
(3523, '2021-02-28 08:07:36', 58318.0, 58319.0, 58320.0),
(3524, '2021-02-28 08:07:36', 58319.0, 58320.0, 58321.0),
(3525, '2021-02-28 08:07:37', 58320.0, 58321.0, 58322.0),
(3526, '2021-02-28 08:07:37', 58321.0, 58322.0, 58323.0),
(3527, '2021-02-28 08:07:38', 58322.0, 58323.0, 58324.0),
(3528, '2021-02-28 08:07:38', 58323.0, 58324.0, 58325.0),
(3529, '2021-02-28 08:07:39', 58324.0, 58325.0, 58326.0),
(3530, '2021-02-28 08:07:39', 58325.0, 58326.0, 58327.0),
(3531, '2021-02-28 08:07:40', 58326.0, 58327.0, 58328.0),
(3532, '2021-02-28 08:07:40', 58327.0, 58328.0, 58329.0),
(3533, '2021-02-28 08:07:41', 58328.0, 58329.0, 58330.0),
(3534, '2021-02-28 08:07:41', 58329.0, 58330.0, 58331.0),
(3535, '2021-02-28 08:07:42', 58330.0, 58331.0, 58332.0),
(3536, '2021-02-28 08:07:42', 58331.0, 58332.0, 58333.0),
(3537, '2021-02-28 08:07:43', 58332.0, 58333.0, 58334.0),
(3538, '2021-02-28 08:07:43', 58333.0, 58334.0, 58335.0),
(3539, '2021-02-28 08:07:44', 58334.0, 58335.0, 58336.0),
(3540, '2021-02-28 08:07:44', 58335.0, 58336.0, 58337.0),
(3541, '2021-02-28 08:07:45', 58336.0, 58337.0, 58338.0),
(3542, '2021-02-28 08:07:45', 58337.0, 58338.0, 58339.0),
(3543, '2021-02-28 08:07:46', 58338.0, 58339.0, 58340.0),
(3544, '2021-02-28 08:07:46', 58339.0, 58340.0, 58341.0),
(3545, '2021-02-28 08:07:47', 58340.0, 58341.0, 58342.0),
(3546, '2021-02-28 08:07:47', 58341.0, 58342.0, 58343.0),
(3547, '2021-02-28 08:07:48', 58342.0, 58343.0, 58344.0),
(3548, '2021-02-28 08:07:48', 58343.0, 58344.0, 58345.0),
(3549, '2021-02-28 08:07:49', 58344.0, 58345.0, 58346.0),
(3550, '2021-02-28 08:07:49', 58345.0, 58346.0, 58347.0),
(3551, '2021-02-28 08:07:50', 58346.0, 58347.0, 58348.0),
(3552, '2021-02-28 08:07:50', 58347.0, 58348.0, 58349.0),
(3553, '2021-02-28 08:07:51', 58348.0, 58349.0, 58350.0),
(3554, '2021-02-28 08:07:51', 58349.0, 58350.0, 58351.0),
(3555, '2021-02-28 08:07:52', 58350.0, 58351.0, 58352.0),
(3556, '2021-02-28 08:07:52', 58351.0, 58352.0, 58353.0),
(3557, '2021-02-28 08:07:53', 58352.0, 58353.0, 58354.0),
(3558, '2021-02-28 08:07:54', 58353.0, 58354.0, 58355.0),
(3559, '2021-02-28 08:07:54', 58354.0, 58355.0, 58356.0),
(3560, '2021-02-28 08:07:54', 58355.0, 58356.0, 58357.0),
(3561, '2021-02-28 08:07:55', 58356.0, 58357.0, 58358.0),
(3562, '2021-02-28 08:07:55', 58357.0, 58358.0, 58359.0),
(3563, '2021-02-28 08:07:56', 58358.0, 58359.0, 58360.0),
(3564, '2021-02-28 08:07:56', 58359.0, 58360.0, 58361.0),
(3565, '2021-02-28 08:07:57', 58360.0, 58361.0, 58362.0),
(3566, '2021-02-28 08:07:57', 58361.0, 58362.0, 58363.0),
(3567, '2021-02-28 08:07:58', 58362.0, 58363.0, 58364.0),
(3568, '2021-02-28 08:07:58', 58363.0, 58364.0, 58365.0),
(3569, '2021-02-28 08:07:59', 58364.0, 58365.0, 58366.0),
(3570, '2021-02-28 08:07:59', 58365.0, 58366.0, 58367.0),
(3571, '2021-02-28 08:08:00', 58366.0, 58367.0, 58368.0),
(3572, '2021-02-28 08:08:00', 58367.0, 58368.0, 58369.0),
(3573, '2021-02-28 08:08:01', 58368.0, 58369.0, 58370.0),
(3574, '2021-02-28 08:08:01', 58369.0, 58370.0, 58371.0),
(3575, '2021-02-28 08:08:02', 58370.0, 58371.0, 58372.0),
(3576, '2021-02-28 08:08:02', 58371.0, 58372.0, 58373.0),
(3577, '2021-02-28 08:08:03', 58372.0, 58373.0, 58374.0),
(3578, '2021-02-28 08:08:03', 58373.0, 58374.0, 58375.0),
(3579, '2021-02-28 08:08:04', 58374.0, 58375.0, 58376.0),
(3580, '2021-02-28 08:08:04', 58375.0, 58376.0, 58377.0),
(3581, '2021-02-28 08:08:05', 58376.0, 58377.0, 58378.0),
(3582, '2021-02-28 08:08:05', 58377.0, 58378.0, 58379.0),
(3583, '2021-03-01 03:07:46', 190812.0, 190813.0, 190814.0),
(3584, '2021-03-01 03:07:46', 31797.0, 31798.0, 31799.0),
(3585, '2021-03-01 03:07:46', 190813.0, 190814.0, 190815.0),
(3586, '2021-03-01 03:07:47', 190814.0, 190815.0, 190816.0),
(3587, '2021-03-01 03:07:47', 31798.0, 31799.0, 31800.0),
(3588, '2021-03-01 03:07:47', 190815.0, 190816.0, 190817.0),
(3589, '2021-03-01 03:07:48', 190816.0, 190817.0, 190818.0),
(3590, '2021-03-01 03:07:48', 31799.0, 31800.0, 31801.0),
(3591, '2021-03-01 03:07:48', 190817.0, 190818.0, 190819.0),
(3592, '2021-03-01 03:07:49', 190818.0, 190819.0, 190820.0),
(3593, '2021-03-01 03:07:49', 31800.0, 31801.0, 31802.0),
(3594, '2021-03-01 03:07:49', 190819.0, 190820.0, 190821.0),
(3595, '2021-03-01 03:07:50', 190820.0, 190821.0, 190822.0),
(3596, '2021-03-01 03:07:50', 190821.0, 190822.0, 190823.0),
(3597, '2021-03-01 03:07:51', 31801.0, 31802.0, 31803.0),
(3598, '2021-03-01 03:07:51', 190822.0, 190823.0, 190824.0),
(3599, '2021-03-01 03:07:51', 190823.0, 190824.0, 190825.0),
(3600, '2021-03-01 03:07:52', 31802.0, 31803.0, 31804.0),
(3601, '2021-03-01 03:07:52', 190824.0, 190825.0, 190826.0),
(3602, '2021-03-01 03:07:52', 190825.0, 190826.0, 190827.0),
(3603, '2021-03-01 03:07:53', 31803.0, 31804.0, 31805.0),
(3604, '2021-03-01 03:07:53', 190826.0, 190827.0, 190828.0),
(3605, '2021-03-01 03:07:53', 190827.0, 190828.0, 190829.0),
(3606, '2021-03-01 03:07:54', 31804.0, 31805.0, 31806.0),
(3607, '2021-03-01 03:07:54', 190828.0, 190829.0, 190830.0),
(3608, '2021-03-01 03:07:54', 190829.0, 190830.0, 190831.0),
(3609, '2021-03-01 03:07:55', 190830.0, 190831.0, 190832.0),
(3610, '2021-03-01 03:07:55', 31805.0, 31806.0, 31807.0),
(3611, '2021-03-01 03:07:55', 190831.0, 190832.0, 190833.0),
(3612, '2021-03-01 03:07:56', 31806.0, 31807.0, 31808.0),
(3613, '2021-03-01 03:07:56', 190832.0, 190833.0, 190834.0),
(3614, '2021-03-01 03:07:56', 190833.0, 190834.0, 190835.0),
(3615, '2021-03-01 03:07:57', 31807.0, 31808.0, 31809.0),
(3616, '2021-03-01 03:07:57', 190834.0, 190835.0, 190836.0),
(3617, '2021-03-01 03:07:57', 190835.0, 190836.0, 190837.0),
(3618, '2021-03-01 03:07:58', 190836.0, 190837.0, 190838.0),
(3619, '2021-03-01 03:07:58', 31808.0, 31809.0, 31810.0),
(3620, '2021-03-01 03:07:58', 190837.0, 190838.0, 190839.0),
(3621, '2021-03-01 03:07:59', 190838.0, 190839.0, 190840.0),
(3622, '2021-03-01 03:07:59', 31809.0, 31810.0, 31811.0),
(3623, '2021-03-01 03:07:59', 190839.0, 190840.0, 190841.0),
(3624, '2021-03-01 03:08:00', 190840.0, 190841.0, 190842.0),
(3625, '2021-03-01 03:08:00', 31810.0, 31811.0, 31812.0),
(3626, '2021-03-01 03:08:00', 190841.0, 190842.0, 190843.0),
(3627, '2021-03-01 03:08:01', 190842.0, 190843.0, 190844.0),
(3628, '2021-03-01 03:08:01', 31811.0, 31812.0, 31813.0),
(3629, '2021-03-01 03:08:01', 190843.0, 190844.0, 190845.0),
(3630, '2021-03-01 03:08:02', 190844.0, 190845.0, 190846.0),
(3631, '2021-03-01 03:08:02', 31812.0, 31813.0, 31814.0),
(3632, '2021-03-01 03:08:02', 190845.0, 190846.0, 190847.0),
(3633, '2021-03-01 03:08:03', 190846.0, 190847.0, 190848.0),
(3634, '2021-03-01 03:08:03', 31813.0, 31814.0, 31815.0),
(3635, '2021-03-01 03:08:03', 190847.0, 190848.0, 190849.0),
(3636, '2021-03-01 03:08:04', 190848.0, 190849.0, 190850.0),
(3637, '2021-03-01 03:08:04', 31814.0, 31815.0, 31816.0),
(3638, '2021-03-01 03:08:04', 190849.0, 190850.0, 190851.0),
(3639, '2021-03-01 03:08:05', 190850.0, 190851.0, 190852.0),
(3640, '2021-03-01 03:08:05', 31815.0, 31816.0, 31817.0),
(3641, '2021-03-01 03:08:05', 190851.0, 190852.0, 190853.0),
(3642, '2021-03-01 03:08:06', 190852.0, 190853.0, 190854.0),
(3643, '2021-03-01 03:08:06', 31816.0, 31817.0, 31818.0),
(3644, '2021-03-01 03:08:06', 190853.0, 190854.0, 190855.0),
(3645, '2021-03-01 03:08:07', 190854.0, 190855.0, 190856.0),
(3646, '2021-03-01 03:08:07', 190855.0, 190856.0, 190857.0),
(3647, '2021-03-01 03:08:07', 31817.0, 31818.0, 31819.0),
(3648, '2021-03-01 03:08:08', 190856.0, 190857.0, 190858.0),
(3649, '2021-03-01 03:08:08', 190857.0, 190858.0, 190859.0),
(3650, '2021-03-01 03:08:09', 31818.0, 31819.0, 31820.0),
(3651, '2021-03-01 03:08:09', 190858.0, 190859.0, 190860.0),
(3652, '2021-03-01 03:08:09', 190859.0, 190860.0, 190861.0),
(3653, '2021-03-01 03:08:10', 31819.0, 31820.0, 31821.0),
(3654, '2021-03-01 03:08:10', 190860.0, 190861.0, 190862.0),
(3655, '2021-03-01 03:08:10', 190861.0, 190862.0, 190863.0),
(3656, '2021-03-01 03:08:11', 31820.0, 31821.0, 31822.0),
(3657, '2021-03-01 03:08:11', 190862.0, 190863.0, 190864.0),
(3658, '2021-03-01 03:08:11', 190863.0, 190864.0, 190865.0),
(3659, '2021-03-01 03:08:12', 190864.0, 190865.0, 190866.0),
(3660, '2021-03-01 03:08:12', 31821.0, 31822.0, 31823.0),
(3661, '2021-03-01 03:08:12', 190865.0, 190866.0, 190867.0),
(3662, '2021-03-01 03:08:13', 31822.0, 31823.0, 31824.0),
(3663, '2021-03-01 03:08:13', 190866.0, 190867.0, 190868.0),
(3664, '2021-03-01 03:08:13', 190867.0, 190868.0, 190869.0),
(3665, '2021-03-01 03:08:14', 31823.0, 31824.0, 31825.0),
(3666, '2021-03-01 03:08:14', 190868.0, 190869.0, 190870.0),
(3667, '2021-03-01 03:08:14', 190869.0, 190870.0, 190871.0),
(3668, '2021-03-01 03:08:15', 31824.0, 31825.0, 31826.0),
(3669, '2021-03-01 03:08:15', 190870.0, 190871.0, 190872.0),
(3670, '2021-03-01 03:08:15', 190871.0, 190872.0, 190873.0),
(3671, '2021-03-01 03:08:16', 190872.0, 190873.0, 190874.0),
(3672, '2021-03-01 03:08:16', 31825.0, 31826.0, 31827.0),
(3673, '2021-03-01 03:08:16', 190873.0, 190874.0, 190875.0),
(3674, '2021-03-01 03:08:17', 190874.0, 190875.0, 190876.0),
(3675, '2021-03-01 03:08:17', 31826.0, 31827.0, 31828.0),
(3676, '2021-03-01 03:08:17', 190875.0, 190876.0, 190877.0),
(3677, '2021-03-01 03:08:18', 190876.0, 190877.0, 190878.0),
(3678, '2021-03-01 03:08:18', 31827.0, 31828.0, 31829.0),
(3679, '2021-03-01 03:08:18', 190877.0, 190878.0, 190879.0),
(3680, '2021-03-01 03:08:19', 190878.0, 190879.0, 190880.0),
(3681, '2021-03-01 03:08:19', 190879.0, 190880.0, 190881.0),
(3682, '2021-03-01 03:08:20', 190880.0, 190881.0, 190882.0),
(3683, '2021-03-01 03:08:21', 190881.0, 190882.0, 190883.0),
(3684, '2021-03-01 03:08:21', 190882.0, 190883.0, 190884.0),
(3685, '2021-03-01 03:08:21', 190883.0, 190884.0, 190885.0),
(3686, '2021-03-01 03:08:22', 190884.0, 190885.0, 190886.0),
(3687, '2021-03-01 03:08:22', 190885.0, 190886.0, 190887.0),
(3688, '2021-03-01 03:08:23', 190886.0, 190887.0, 190888.0),
(3689, '2021-03-01 03:08:23', 190887.0, 190888.0, 190889.0),
(3690, '2021-03-01 03:08:24', 190888.0, 190889.0, 190890.0),
(3691, '2021-03-01 03:08:24', 190889.0, 190890.0, 190891.0),
(3692, '2021-03-01 03:08:25', 190890.0, 190891.0, 190892.0),
(3693, '2021-03-01 03:08:25', 190891.0, 190892.0, 190893.0),
(3694, '2021-03-01 03:08:26', 190892.0, 190893.0, 190894.0),
(3695, '2021-03-01 03:08:26', 190893.0, 190894.0, 190895.0),
(3696, '2021-03-01 03:08:27', 190894.0, 190895.0, 190896.0),
(3697, '2021-03-01 03:08:27', 190895.0, 190896.0, 190897.0),
(3698, '2021-03-01 03:08:28', 190896.0, 190897.0, 190898.0),
(3699, '2021-03-01 03:08:28', 190897.0, 190898.0, 190899.0),
(3700, '2021-03-01 03:08:29', 190898.0, 190899.0, 190900.0),
(3701, '2021-03-01 03:08:29', 190899.0, 190900.0, 190901.0),
(3702, '2021-03-01 03:08:30', 190900.0, 190901.0, 190902.0),
(3703, '2021-03-01 03:08:30', 190901.0, 190902.0, 190903.0),
(3704, '2021-03-01 03:08:31', 190902.0, 190903.0, 190904.0),
(3705, '2021-03-01 03:08:32', 190903.0, 190904.0, 190905.0),
(3706, '2021-03-01 03:08:32', 190904.0, 190905.0, 190906.0),
(3707, '2021-03-01 03:08:32', 190905.0, 190906.0, 190907.0),
(3708, '2021-03-01 03:08:33', 190906.0, 190907.0, 190908.0),
(3709, '2021-03-01 03:08:33', 190907.0, 190908.0, 190909.0),
(3710, '2021-03-01 03:08:34', 190908.0, 190909.0, 190910.0),
(3711, '2021-03-01 03:08:35', 190909.0, 190910.0, 190911.0),
(3712, '2021-03-01 03:08:35', 190910.0, 190911.0, 190912.0),
(3713, '2021-03-01 03:08:36', 190911.0, 190912.0, 190913.0),
(3714, '2021-03-01 03:08:36', 190912.0, 190913.0, 190914.0),
(3715, '2021-03-01 03:08:37', 190913.0, 190914.0, 190915.0),
(3716, '2021-03-01 03:08:37', 190914.0, 190915.0, 190916.0),
(3717, '2021-03-01 03:08:38', 190915.0, 190916.0, 190917.0),
(3718, '2021-03-01 03:08:38', 190916.0, 190917.0, 190918.0),
(3719, '2021-03-01 03:08:39', 190917.0, 190918.0, 190919.0),
(3720, '2021-03-01 03:08:39', 190918.0, 190919.0, 190920.0),
(3721, '2021-03-01 03:08:40', 190919.0, 190920.0, 190921.0),
(3722, '2021-03-01 03:08:40', 190920.0, 190921.0, 190922.0),
(3723, '2021-03-01 03:08:41', 190921.0, 190922.0, 190923.0),
(3724, '2021-03-01 03:08:41', 190922.0, 190923.0, 190924.0),
(3725, '2021-03-01 03:08:42', 190923.0, 190924.0, 190925.0),
(3726, '2021-03-01 03:08:42', 190924.0, 190925.0, 190926.0),
(3727, '2021-03-01 03:08:43', 190925.0, 190926.0, 190927.0),
(3728, '2021-03-01 03:08:43', 190926.0, 190927.0, 190928.0),
(3729, '2021-03-01 03:08:44', 190927.0, 190928.0, 190929.0),
(3730, '2021-03-01 03:08:44', 190928.0, 190929.0, 190930.0),
(3731, '2021-03-01 03:08:45', 190929.0, 190930.0, 190931.0),
(3732, '2021-03-01 03:08:45', 190930.0, 190931.0, 190932.0),
(3733, '2021-03-01 03:08:46', 190931.0, 190932.0, 190933.0),
(3734, '2021-03-01 03:08:46', 190932.0, 190933.0, 190934.0),
(3735, '2021-03-01 03:08:47', 190933.0, 190934.0, 190935.0),
(3736, '2021-03-01 03:08:47', 190934.0, 190935.0, 190936.0),
(3737, '2021-03-01 03:08:48', 190935.0, 190936.0, 190937.0),
(3738, '2021-03-01 03:08:48', 190936.0, 190937.0, 190938.0),
(3739, '2021-03-01 03:08:49', 190937.0, 190938.0, 190939.0),
(3740, '2021-03-01 03:08:49', 190938.0, 190939.0, 190940.0),
(3741, '2021-03-01 03:08:50', 190939.0, 190940.0, 190941.0),
(3742, '2021-03-01 03:08:50', 190940.0, 190941.0, 190942.0),
(3743, '2021-03-01 03:08:51', 190941.0, 190942.0, 190943.0),
(3744, '2021-03-01 03:08:51', 190942.0, 190943.0, 190944.0),
(3745, '2021-03-01 03:08:52', 190943.0, 190944.0, 190945.0),
(3746, '2021-03-01 03:08:52', 190944.0, 190945.0, 190946.0),
(3747, '2021-03-01 03:08:53', 190945.0, 190946.0, 190947.0),
(3748, '2021-03-01 03:08:53', 190946.0, 190947.0, 190948.0),
(3749, '2021-03-01 03:08:54', 190947.0, 190948.0, 190949.0),
(3750, '2021-03-01 03:08:54', 190948.0, 190949.0, 190950.0),
(3751, '2021-03-01 03:08:55', 190949.0, 190950.0, 190951.0),
(3752, '2021-03-01 03:08:55', 190950.0, 190951.0, 190952.0),
(3753, '2021-03-01 03:08:56', 190951.0, 190952.0, 190953.0),
(3754, '2021-03-01 03:08:56', 190952.0, 190953.0, 190954.0),
(3755, '2021-03-01 03:08:57', 190953.0, 190954.0, 190955.0),
(3756, '2021-03-01 03:08:57', 190954.0, 190955.0, 190956.0),
(3757, '2021-03-01 03:08:58', 190955.0, 190956.0, 190957.0),
(3758, '2021-03-01 03:08:58', 190956.0, 190957.0, 190958.0),
(3759, '2021-03-01 03:08:59', 190957.0, 190958.0, 190959.0),
(3760, '2021-03-01 03:08:59', 1.0, 2.0, 3.0),
(3761, '2021-03-01 03:08:59', 190958.0, 190959.0, 190960.0),
(3762, '2021-03-01 03:09:00', 190959.0, 190960.0, 190961.0),
(3763, '2021-03-01 03:09:00', 2.0, 3.0, 4.0),
(3764, '2021-03-01 03:09:00', 190960.0, 190961.0, 190962.0),
(3765, '2021-03-01 03:09:01', 190961.0, 190962.0, 190963.0),
(3766, '2021-03-01 03:09:01', 3.0, 4.0, 5.0),
(3767, '2021-03-01 03:09:01', 190962.0, 190963.0, 190964.0),
(3768, '2021-03-01 03:09:02', 190963.0, 190964.0, 190965.0),
(3769, '2021-03-01 03:09:02', 4.0, 5.0, 6.0),
(3770, '2021-03-01 03:09:02', 190964.0, 190965.0, 190966.0),
(3771, '2021-03-01 03:09:03', 190965.0, 190966.0, 190967.0),
(3772, '2021-03-01 03:09:03', 5.0, 6.0, 7.0),
(3773, '2021-03-01 03:09:03', 190966.0, 190967.0, 190968.0),
(3774, '2021-03-01 03:09:04', 190967.0, 190968.0, 190969.0),
(3775, '2021-03-01 03:09:04', 6.0, 7.0, 8.0),
(3776, '2021-03-01 03:09:04', 190968.0, 190969.0, 190970.0),
(3777, '2021-03-01 03:09:05', 190969.0, 190970.0, 190971.0),
(3778, '2021-03-01 03:09:05', 7.0, 8.0, 9.0),
(3779, '2021-03-01 03:09:05', 190970.0, 190971.0, 190972.0),
(3780, '2021-03-01 03:09:06', 190971.0, 190972.0, 190973.0),
(3781, '2021-03-01 03:09:06', 8.0, 9.0, 10.0),
(3782, '2021-03-01 03:09:06', 190972.0, 190973.0, 190974.0),
(3783, '2021-03-01 03:09:07', 190973.0, 190974.0, 190975.0),
(3784, '2021-03-01 03:09:07', 9.0, 10.0, 11.0),
(3785, '2021-03-01 03:09:07', 190974.0, 190975.0, 190976.0),
(3786, '2021-03-01 03:09:08', 190975.0, 190976.0, 190977.0),
(3787, '2021-03-01 03:09:08', 190976.0, 190977.0, 190978.0),
(3788, '2021-03-01 03:09:08', 10.0, 11.0, 12.0),
(3789, '2021-03-01 03:09:09', 190977.0, 190978.0, 190979.0),
(3790, '2021-03-01 03:09:09', 190978.0, 190979.0, 190980.0),
(3791, '2021-03-01 03:09:09', 11.0, 12.0, 13.0),
(3792, '2021-03-01 03:09:10', 190979.0, 190980.0, 190981.0),
(3793, '2021-03-01 03:09:10', 190980.0, 190981.0, 190982.0),
(3794, '2021-03-01 03:09:10', 12.0, 13.0, 14.0),
(3795, '2021-03-01 03:09:11', 190981.0, 190982.0, 190983.0),
(3796, '2021-03-01 03:09:11', 190982.0, 190983.0, 190984.0),
(3797, '2021-03-01 03:09:11', 13.0, 14.0, 15.0),
(3798, '2021-03-01 03:09:12', 190983.0, 190984.0, 190985.0),
(3799, '2021-03-01 03:09:12', 190984.0, 190985.0, 190986.0),
(3800, '2021-03-01 03:09:12', 14.0, 15.0, 16.0),
(3801, '2021-03-01 03:09:13', 190985.0, 190986.0, 190987.0);
INSERT INTO `data` (`data_id`, `dada_date`, `data_temp1`, `data_temp2`, `data_volts`) VALUES
(3802, '2021-03-01 03:09:13', 190986.0, 190987.0, 190988.0),
(3803, '2021-03-01 03:09:13', 15.0, 16.0, 17.0),
(3804, '2021-03-01 03:09:14', 190987.0, 190988.0, 190989.0),
(3805, '2021-03-01 03:09:14', 190988.0, 190989.0, 190990.0),
(3806, '2021-03-01 03:09:15', 16.0, 17.0, 18.0),
(3807, '2021-03-01 03:09:15', 190989.0, 190990.0, 190991.0),
(3808, '2021-03-01 03:09:15', 190990.0, 190991.0, 190992.0),
(3809, '2021-03-01 03:09:16', 17.0, 18.0, 19.0),
(3810, '2021-03-01 03:09:16', 190991.0, 190992.0, 190993.0),
(3811, '2021-03-01 03:09:16', 190992.0, 190993.0, 190994.0),
(3812, '2021-03-01 03:09:17', 190993.0, 190994.0, 190995.0),
(3813, '2021-03-01 03:09:17', 18.0, 19.0, 20.0),
(3814, '2021-03-01 03:09:17', 190994.0, 190995.0, 190996.0),
(3815, '2021-03-01 03:09:18', 190995.0, 190996.0, 190997.0),
(3816, '2021-03-01 03:09:18', 19.0, 20.0, 21.0),
(3817, '2021-03-01 03:09:18', 190996.0, 190997.0, 190998.0),
(3818, '2021-03-01 03:09:19', 190997.0, 190998.0, 190999.0),
(3819, '2021-03-01 03:09:19', 20.0, 21.0, 22.0),
(3820, '2021-03-01 03:09:19', 190998.0, 190999.0, 191000.0),
(3821, '2021-03-01 03:09:20', 190999.0, 191000.0, 191001.0),
(3822, '2021-03-01 03:09:20', 21.0, 22.0, 23.0),
(3823, '2021-03-01 03:09:20', 191000.0, 191001.0, 191002.0),
(3824, '2021-03-01 03:09:21', 191001.0, 191002.0, 191003.0),
(3825, '2021-03-01 03:09:21', 22.0, 23.0, 24.0),
(3826, '2021-03-01 03:09:21', 191002.0, 191003.0, 191004.0),
(3827, '2021-03-01 03:09:22', 191003.0, 191004.0, 191005.0),
(3828, '2021-03-01 03:09:22', 23.0, 24.0, 25.0),
(3829, '2021-03-01 03:09:22', 191004.0, 191005.0, 191006.0),
(3830, '2021-03-01 03:09:23', 191005.0, 191006.0, 191007.0),
(3831, '2021-03-01 03:09:23', 24.0, 25.0, 26.0),
(3832, '2021-03-01 03:09:23', 191006.0, 191007.0, 191008.0),
(3833, '2021-03-01 03:09:24', 191007.0, 191008.0, 191009.0),
(3834, '2021-03-01 03:09:24', 25.0, 26.0, 27.0),
(3835, '2021-03-01 03:09:24', 191008.0, 191009.0, 191010.0),
(3836, '2021-03-01 03:09:25', 191009.0, 191010.0, 191011.0),
(3837, '2021-03-01 03:09:25', 191010.0, 191011.0, 191012.0),
(3838, '2021-03-01 03:09:25', 26.0, 27.0, 28.0),
(3839, '2021-03-01 03:09:26', 191011.0, 191012.0, 191013.0),
(3840, '2021-03-01 03:09:26', 191012.0, 191013.0, 191014.0),
(3841, '2021-03-01 03:09:26', 27.0, 28.0, 29.0),
(3842, '2021-03-01 03:09:27', 191013.0, 191014.0, 191015.0),
(3843, '2021-03-01 03:09:27', 191014.0, 191015.0, 191016.0),
(3844, '2021-03-01 03:09:27', 28.0, 29.0, 30.0),
(3845, '2021-03-01 03:09:28', 191015.0, 191016.0, 191017.0),
(3846, '2021-03-01 03:09:28', 191016.0, 191017.0, 191018.0),
(3847, '2021-03-01 03:09:28', 29.0, 30.0, 31.0),
(3848, '2021-03-01 03:09:29', 191017.0, 191018.0, 191019.0),
(3849, '2021-03-01 03:09:29', 191018.0, 191019.0, 191020.0),
(3850, '2021-03-01 03:09:29', 30.0, 31.0, 32.0),
(3851, '2021-03-01 03:09:30', 191019.0, 191020.0, 191021.0),
(3852, '2021-03-01 03:09:30', 191020.0, 191021.0, 191022.0),
(3853, '2021-03-01 03:09:30', 31.0, 32.0, 33.0),
(3854, '2021-03-01 03:09:31', 191021.0, 191022.0, 191023.0),
(3855, '2021-03-01 03:09:31', 191022.0, 191023.0, 191024.0),
(3856, '2021-03-01 03:09:31', 32.0, 33.0, 34.0),
(3857, '2021-03-01 03:09:32', 191023.0, 191024.0, 191025.0),
(3858, '2021-03-01 03:09:32', 191024.0, 191025.0, 191026.0),
(3859, '2021-03-01 03:09:33', 33.0, 34.0, 35.0),
(3860, '2021-03-01 03:09:33', 191025.0, 191026.0, 191027.0),
(3861, '2021-03-01 03:09:33', 191026.0, 191027.0, 191028.0),
(3862, '2021-03-01 03:09:34', 191027.0, 191028.0, 191029.0),
(3863, '2021-03-01 03:09:34', 34.0, 35.0, 36.0),
(3864, '2021-03-01 03:09:34', 191028.0, 191029.0, 191030.0),
(3865, '2021-03-01 03:09:35', 191029.0, 191030.0, 191031.0),
(3866, '2021-03-01 03:09:35', 35.0, 36.0, 37.0),
(3867, '2021-03-01 03:09:35', 191030.0, 191031.0, 191032.0),
(3868, '2021-03-01 03:09:36', 191031.0, 191032.0, 191033.0),
(3869, '2021-03-01 03:09:36', 36.0, 37.0, 38.0),
(3870, '2021-03-01 03:09:36', 191032.0, 191033.0, 191034.0),
(3871, '2021-03-01 03:09:37', 191033.0, 191034.0, 191035.0),
(3872, '2021-03-01 03:09:37', 37.0, 38.0, 39.0),
(3873, '2021-03-01 03:09:37', 191034.0, 191035.0, 191036.0),
(3874, '2021-03-01 03:09:38', 191035.0, 191036.0, 191037.0),
(3875, '2021-03-01 03:09:38', 38.0, 39.0, 40.0),
(3876, '2021-03-01 03:09:38', 191036.0, 191037.0, 191038.0),
(3877, '2021-03-01 03:09:39', 191037.0, 191038.0, 191039.0),
(3878, '2021-03-01 03:09:39', 39.0, 40.0, 41.0),
(3879, '2021-03-01 03:09:39', 191038.0, 191039.0, 191040.0),
(3880, '2021-03-01 03:09:40', 191039.0, 191040.0, 191041.0),
(3881, '2021-03-01 03:09:40', 40.0, 41.0, 42.0),
(3882, '2021-03-01 03:09:40', 191040.0, 191041.0, 191042.0),
(3883, '2021-03-01 03:09:41', 191041.0, 191042.0, 191043.0),
(3884, '2021-03-01 03:09:41', 41.0, 42.0, 43.0),
(3885, '2021-03-01 03:09:41', 191042.0, 191043.0, 191044.0),
(3886, '2021-03-01 03:09:42', 191043.0, 191044.0, 191045.0),
(3887, '2021-03-01 03:09:42', 42.0, 43.0, 44.0),
(3888, '2021-03-01 03:09:42', 191044.0, 191045.0, 191046.0),
(3889, '2021-03-01 03:09:43', 191045.0, 191046.0, 191047.0),
(3890, '2021-03-01 03:09:43', 191046.0, 191047.0, 191048.0),
(3891, '2021-03-01 03:09:43', 43.0, 44.0, 45.0),
(3892, '2021-03-01 03:09:44', 191047.0, 191048.0, 191049.0),
(3893, '2021-03-01 03:09:44', 191048.0, 191049.0, 191050.0),
(3894, '2021-03-01 03:09:44', 44.0, 45.0, 46.0),
(3895, '2021-03-01 03:09:45', 191049.0, 191050.0, 191051.0),
(3896, '2021-03-01 03:09:45', 191050.0, 191051.0, 191052.0),
(3897, '2021-03-01 03:09:45', 45.0, 46.0, 47.0),
(3898, '2021-03-01 03:09:46', 191051.0, 191052.0, 191053.0),
(3899, '2021-03-01 03:09:46', 191052.0, 191053.0, 191054.0),
(3900, '2021-03-01 03:09:46', 46.0, 47.0, 48.0),
(3901, '2021-03-01 03:09:47', 191053.0, 191054.0, 191055.0),
(3902, '2021-03-01 03:09:47', 191054.0, 191055.0, 191056.0),
(3903, '2021-03-01 03:09:47', 47.0, 48.0, 49.0),
(3904, '2021-03-01 03:09:48', 191055.0, 191056.0, 191057.0),
(3905, '2021-03-01 03:09:48', 191056.0, 191057.0, 191058.0),
(3906, '2021-03-01 03:09:48', 48.0, 49.0, 50.0),
(3907, '2021-03-01 03:09:49', 191057.0, 191058.0, 191059.0),
(3908, '2021-03-01 03:09:49', 191058.0, 191059.0, 191060.0),
(3909, '2021-03-01 03:09:50', 49.0, 50.0, 51.0),
(3910, '2021-03-01 03:09:50', 191059.0, 191060.0, 191061.0),
(3911, '2021-03-01 03:09:50', 191060.0, 191061.0, 191062.0),
(3912, '2021-03-01 03:09:51', 191061.0, 191062.0, 191063.0),
(3913, '2021-03-01 03:09:51', 50.0, 51.0, 52.0),
(3914, '2021-03-01 03:09:51', 191062.0, 191063.0, 191064.0),
(3915, '2021-03-01 03:09:52', 51.0, 52.0, 53.0),
(3916, '2021-03-01 03:09:52', 191063.0, 191064.0, 191065.0),
(3917, '2021-03-01 03:09:52', 191064.0, 191065.0, 191066.0),
(3918, '2021-03-01 03:09:53', 191065.0, 191066.0, 191067.0),
(3919, '2021-03-01 03:09:53', 52.0, 53.0, 54.0),
(3920, '2021-03-01 03:09:53', 191066.0, 191067.0, 191068.0),
(3921, '2021-03-01 03:09:54', 191067.0, 191068.0, 191069.0),
(3922, '2021-03-01 03:09:54', 53.0, 54.0, 55.0),
(3923, '2021-03-01 03:09:54', 191068.0, 191069.0, 191070.0),
(3924, '2021-03-01 03:09:55', 191069.0, 191070.0, 191071.0),
(3925, '2021-03-01 03:09:55', 54.0, 55.0, 56.0),
(3926, '2021-03-01 03:09:55', 191070.0, 191071.0, 191072.0),
(3927, '2021-03-01 03:09:56', 191071.0, 191072.0, 191073.0),
(3928, '2021-03-01 03:09:56', 55.0, 56.0, 57.0),
(3929, '2021-03-01 03:09:56', 191072.0, 191073.0, 191074.0),
(3930, '2021-03-01 03:09:57', 191073.0, 191074.0, 191075.0),
(3931, '2021-03-01 03:09:57', 56.0, 57.0, 58.0),
(3932, '2021-03-01 03:09:57', 191074.0, 191075.0, 191076.0),
(3933, '2021-03-01 03:09:58', 191075.0, 191076.0, 191077.0),
(3934, '2021-03-01 03:09:58', 57.0, 58.0, 59.0),
(3935, '2021-03-01 03:09:58', 191076.0, 191077.0, 191078.0),
(3936, '2021-03-01 03:09:59', 191077.0, 191078.0, 191079.0),
(3937, '2021-03-01 03:09:59', 58.0, 59.0, 60.0),
(3938, '2021-03-01 03:09:59', 191078.0, 191079.0, 191080.0),
(3939, '2021-03-01 03:10:00', 191079.0, 191080.0, 191081.0),
(3940, '2021-03-01 03:10:00', 59.0, 60.0, 61.0),
(3941, '2021-03-01 03:10:00', 191080.0, 191081.0, 191082.0),
(3942, '2021-03-01 03:10:01', 191081.0, 191082.0, 191083.0),
(3943, '2021-03-01 03:10:01', 60.0, 61.0, 62.0),
(3944, '2021-03-01 03:10:01', 191082.0, 191083.0, 191084.0),
(3945, '2021-03-01 03:10:02', 191083.0, 191084.0, 191085.0),
(3946, '2021-03-01 03:10:02', 191084.0, 191085.0, 191086.0),
(3947, '2021-03-01 03:10:02', 61.0, 62.0, 63.0),
(3948, '2021-03-01 03:10:03', 191085.0, 191086.0, 191087.0),
(3949, '2021-03-01 03:10:03', 191086.0, 191087.0, 191088.0),
(3950, '2021-03-01 03:10:03', 62.0, 63.0, 64.0),
(3951, '2021-03-01 03:10:04', 191087.0, 191088.0, 191089.0),
(3952, '2021-03-01 03:10:04', 191088.0, 191089.0, 191090.0),
(3953, '2021-03-01 03:10:04', 63.0, 64.0, 65.0),
(3954, '2021-03-01 03:10:05', 191089.0, 191090.0, 191091.0),
(3955, '2021-03-01 03:10:05', 191090.0, 191091.0, 191092.0),
(3956, '2021-03-01 03:10:05', 64.0, 65.0, 66.0),
(3957, '2021-03-01 03:10:06', 191091.0, 191092.0, 191093.0),
(3958, '2021-03-01 03:10:06', 191092.0, 191093.0, 191094.0),
(3959, '2021-03-01 03:10:06', 65.0, 66.0, 67.0),
(3960, '2021-03-01 03:10:07', 191093.0, 191094.0, 191095.0),
(3961, '2021-03-01 03:10:07', 191094.0, 191095.0, 191096.0),
(3962, '2021-03-01 03:10:08', 191095.0, 191096.0, 191097.0),
(3963, '2021-03-01 03:10:08', 66.0, 67.0, 68.0),
(3964, '2021-03-01 03:10:08', 191096.0, 191097.0, 191098.0),
(3965, '2021-03-01 03:10:09', 67.0, 68.0, 69.0),
(3966, '2021-03-01 03:10:09', 191097.0, 191098.0, 191099.0),
(3967, '2021-03-01 03:10:09', 191098.0, 191099.0, 191100.0),
(3968, '2021-03-01 03:10:10', 68.0, 69.0, 70.0),
(3969, '2021-03-01 03:10:10', 191099.0, 191100.0, 191101.0),
(3970, '2021-03-01 03:10:10', 191100.0, 191101.0, 191102.0),
(3971, '2021-03-01 03:10:11', 191101.0, 191102.0, 191103.0),
(3972, '2021-03-01 03:10:11', 69.0, 70.0, 71.0),
(3973, '2021-03-01 03:10:11', 191102.0, 191103.0, 191104.0),
(3974, '2021-03-01 03:10:12', 191103.0, 191104.0, 191105.0),
(3975, '2021-03-01 03:10:12', 70.0, 71.0, 72.0),
(3976, '2021-03-01 03:10:12', 191104.0, 191105.0, 191106.0),
(3977, '2021-03-01 03:10:13', 191105.0, 191106.0, 191107.0),
(3978, '2021-03-01 03:10:13', 71.0, 72.0, 73.0),
(3979, '2021-03-01 03:10:13', 191106.0, 191107.0, 191108.0),
(3980, '2021-03-01 03:10:14', 191107.0, 191108.0, 191109.0),
(3981, '2021-03-01 03:10:14', 72.0, 73.0, 74.0),
(3982, '2021-03-01 03:10:14', 191108.0, 191109.0, 191110.0),
(3983, '2021-03-01 03:10:15', 191109.0, 191110.0, 191111.0),
(3984, '2021-03-01 03:10:15', 73.0, 74.0, 75.0),
(3985, '2021-03-01 03:10:15', 191110.0, 191111.0, 191112.0),
(3986, '2021-03-01 03:10:16', 191111.0, 191112.0, 191113.0),
(3987, '2021-03-01 03:10:16', 74.0, 75.0, 76.0),
(3988, '2021-03-01 03:10:16', 191112.0, 191113.0, 191114.0),
(3989, '2021-03-01 03:10:17', 191113.0, 191114.0, 191115.0),
(3990, '2021-03-01 03:10:17', 75.0, 76.0, 77.0),
(3991, '2021-03-01 03:10:17', 191114.0, 191115.0, 191116.0),
(3992, '2021-03-01 03:10:18', 191115.0, 191116.0, 191117.0),
(3993, '2021-03-01 03:10:18', 76.0, 77.0, 78.0),
(3994, '2021-03-01 03:10:18', 191116.0, 191117.0, 191118.0),
(3995, '2021-03-01 03:10:19', 191117.0, 191118.0, 191119.0),
(3996, '2021-03-01 03:10:19', 77.0, 78.0, 79.0),
(3997, '2021-03-01 03:10:19', 191118.0, 191119.0, 191120.0),
(3998, '2021-03-01 03:10:20', 191119.0, 191120.0, 191121.0),
(3999, '2021-03-01 03:10:20', 191120.0, 191121.0, 191122.0),
(4000, '2021-03-01 03:10:20', 78.0, 79.0, 80.0),
(4001, '2021-03-01 03:10:21', 191121.0, 191122.0, 191123.0),
(4002, '2021-03-01 03:10:21', 191122.0, 191123.0, 191124.0),
(4003, '2021-03-01 03:10:21', 79.0, 80.0, 81.0),
(4004, '2021-03-01 03:10:22', 191123.0, 191124.0, 191125.0),
(4005, '2021-03-01 03:10:22', 191124.0, 191125.0, 191126.0),
(4006, '2021-03-01 03:10:22', 80.0, 81.0, 82.0),
(4007, '2021-03-01 03:10:23', 191125.0, 191126.0, 191127.0),
(4008, '2021-03-01 03:10:23', 191126.0, 191127.0, 191128.0),
(4009, '2021-03-01 03:10:23', 81.0, 82.0, 83.0),
(4010, '2021-03-01 03:10:24', 191127.0, 191128.0, 191129.0),
(4011, '2021-03-01 03:10:24', 191128.0, 191129.0, 191130.0),
(4012, '2021-03-01 03:10:25', 82.0, 83.0, 84.0),
(4013, '2021-03-01 03:10:25', 191129.0, 191130.0, 191131.0),
(4014, '2021-03-01 03:10:25', 191130.0, 191131.0, 191132.0),
(4015, '2021-03-01 03:10:26', 83.0, 84.0, 85.0),
(4016, '2021-03-01 03:10:26', 191131.0, 191132.0, 191133.0),
(4017, '2021-03-01 03:10:26', 191132.0, 191133.0, 191134.0),
(4018, '2021-03-01 03:10:27', 84.0, 85.0, 86.0),
(4019, '2021-03-01 03:10:27', 191133.0, 191134.0, 191135.0),
(4020, '2021-03-01 03:10:27', 191134.0, 191135.0, 191136.0),
(4021, '2021-03-01 03:10:28', 85.0, 86.0, 87.0),
(4022, '2021-03-01 03:10:28', 191135.0, 191136.0, 191137.0),
(4023, '2021-03-01 03:10:28', 191136.0, 191137.0, 191138.0),
(4024, '2021-03-01 03:10:29', 191137.0, 191138.0, 191139.0),
(4025, '2021-03-01 03:10:29', 86.0, 87.0, 88.0),
(4026, '2021-03-01 03:10:29', 191138.0, 191139.0, 191140.0),
(4027, '2021-03-01 03:10:30', 191139.0, 191140.0, 191141.0),
(4028, '2021-03-01 03:10:30', 87.0, 88.0, 89.0),
(4029, '2021-03-01 03:10:30', 191140.0, 191141.0, 191142.0),
(4030, '2021-03-01 03:10:31', 191141.0, 191142.0, 191143.0),
(4031, '2021-03-01 03:10:31', 88.0, 89.0, 90.0),
(4032, '2021-03-01 03:10:31', 191142.0, 191143.0, 191144.0),
(4033, '2021-03-01 03:10:32', 191143.0, 191144.0, 191145.0),
(4034, '2021-03-01 03:10:32', 89.0, 90.0, 91.0),
(4035, '2021-03-01 03:10:32', 191144.0, 191145.0, 191146.0),
(4036, '2021-03-01 03:10:33', 191145.0, 191146.0, 191147.0),
(4037, '2021-03-01 03:10:33', 90.0, 91.0, 92.0),
(4038, '2021-03-01 03:10:33', 191146.0, 191147.0, 191148.0),
(4039, '2021-03-01 03:10:34', 191147.0, 191148.0, 191149.0),
(4040, '2021-03-01 03:10:34', 91.0, 92.0, 93.0),
(4041, '2021-03-01 03:10:34', 191148.0, 191149.0, 191150.0),
(4042, '2021-03-01 03:10:35', 191149.0, 191150.0, 191151.0),
(4043, '2021-03-01 03:10:35', 92.0, 93.0, 94.0),
(4044, '2021-03-01 03:10:35', 191150.0, 191151.0, 191152.0),
(4045, '2021-03-01 03:10:36', 191151.0, 191152.0, 191153.0),
(4046, '2021-03-01 03:10:36', 93.0, 94.0, 95.0),
(4047, '2021-03-01 03:10:36', 191152.0, 191153.0, 191154.0),
(4048, '2021-03-01 03:10:37', 191153.0, 191154.0, 191155.0),
(4049, '2021-03-01 03:10:37', 94.0, 95.0, 96.0),
(4050, '2021-03-01 03:10:37', 191154.0, 191155.0, 191156.0),
(4051, '2021-03-01 03:10:38', 191155.0, 191156.0, 191157.0),
(4052, '2021-03-01 03:10:38', 191156.0, 191157.0, 191158.0),
(4053, '2021-03-01 03:10:38', 95.0, 96.0, 97.0),
(4054, '2021-03-01 03:10:39', 191157.0, 191158.0, 191159.0),
(4055, '2021-03-01 03:10:39', 191158.0, 191159.0, 191160.0),
(4056, '2021-03-01 03:10:39', 96.0, 97.0, 98.0),
(4057, '2021-03-01 03:10:40', 191159.0, 191160.0, 191161.0),
(4058, '2021-03-01 03:10:40', 191160.0, 191161.0, 191162.0),
(4059, '2021-03-01 03:10:40', 97.0, 98.0, 99.0),
(4060, '2021-03-01 03:10:41', 191161.0, 191162.0, 191163.0),
(4061, '2021-03-01 03:10:41', 191162.0, 191163.0, 191164.0),
(4062, '2021-03-01 03:10:42', 98.0, 99.0, 100.0),
(4063, '2021-03-01 03:10:42', 191163.0, 191164.0, 191165.0),
(4064, '2021-03-01 03:10:42', 191164.0, 191165.0, 191166.0),
(4065, '2021-03-01 03:10:43', 99.0, 100.0, 101.0),
(4066, '2021-03-01 03:10:43', 191165.0, 191166.0, 191167.0),
(4067, '2021-03-01 03:10:43', 191166.0, 191167.0, 191168.0),
(4068, '2021-03-01 03:10:44', 100.0, 101.0, 102.0),
(4069, '2021-03-01 03:10:44', 191167.0, 191168.0, 191169.0),
(4070, '2021-03-01 03:10:44', 191168.0, 191169.0, 191170.0),
(4071, '2021-03-01 03:10:45', 101.0, 102.0, 103.0),
(4072, '2021-03-01 03:10:45', 191169.0, 191170.0, 191171.0),
(4073, '2021-03-01 03:10:45', 191170.0, 191171.0, 191172.0),
(4074, '2021-03-01 03:10:46', 102.0, 103.0, 104.0),
(4075, '2021-03-01 03:10:46', 191171.0, 191172.0, 191173.0),
(4076, '2021-03-01 03:10:46', 191172.0, 191173.0, 191174.0),
(4077, '2021-03-01 03:10:47', 191173.0, 191174.0, 191175.0),
(4078, '2021-03-01 03:10:47', 103.0, 104.0, 105.0),
(4079, '2021-03-01 03:10:47', 191174.0, 191175.0, 191176.0),
(4080, '2021-03-01 03:10:48', 191175.0, 191176.0, 191177.0),
(4081, '2021-03-01 03:10:48', 104.0, 105.0, 106.0),
(4082, '2021-03-01 03:10:48', 191176.0, 191177.0, 191178.0),
(4083, '2021-03-01 03:10:49', 191177.0, 191178.0, 191179.0),
(4084, '2021-03-01 03:10:49', 105.0, 106.0, 107.0),
(4085, '2021-03-01 03:10:49', 191178.0, 191179.0, 191180.0),
(4086, '2021-03-01 03:10:50', 191179.0, 191180.0, 191181.0),
(4087, '2021-03-01 03:10:50', 106.0, 107.0, 108.0),
(4088, '2021-03-01 03:10:50', 191180.0, 191181.0, 191182.0),
(4089, '2021-03-01 03:10:51', 191181.0, 191182.0, 191183.0),
(4090, '2021-03-01 03:10:51', 107.0, 108.0, 109.0),
(4091, '2021-03-01 03:10:51', 191182.0, 191183.0, 191184.0),
(4092, '2021-03-01 03:10:52', 191183.0, 191184.0, 191185.0),
(4093, '2021-03-01 03:10:52', 108.0, 109.0, 110.0),
(4094, '2021-03-01 03:10:52', 191184.0, 191185.0, 191186.0),
(4095, '2021-03-01 03:10:53', 191185.0, 191186.0, 191187.0),
(4096, '2021-03-01 03:10:53', 109.0, 110.0, 111.0),
(4097, '2021-03-01 03:10:53', 191186.0, 191187.0, 191188.0),
(4098, '2021-03-01 03:10:54', 191187.0, 191188.0, 191189.0),
(4099, '2021-03-01 03:10:54', 110.0, 111.0, 112.0),
(4100, '2021-03-01 03:10:54', 191188.0, 191189.0, 191190.0),
(4101, '2021-03-01 03:10:55', 191189.0, 191190.0, 191191.0),
(4102, '2021-03-01 03:10:55', 111.0, 112.0, 113.0),
(4103, '2021-03-01 03:10:55', 191190.0, 191191.0, 191192.0),
(4104, '2021-03-01 03:10:56', 191191.0, 191192.0, 191193.0),
(4105, '2021-03-01 03:10:56', 191192.0, 191193.0, 191194.0),
(4106, '2021-03-01 03:10:56', 112.0, 113.0, 114.0),
(4107, '2021-03-01 03:10:57', 191193.0, 191194.0, 191195.0),
(4108, '2021-03-01 03:10:57', 191194.0, 191195.0, 191196.0),
(4109, '2021-03-01 03:10:57', 113.0, 114.0, 115.0),
(4110, '2021-03-01 03:10:58', 191195.0, 191196.0, 191197.0),
(4111, '2021-03-01 03:10:58', 191196.0, 191197.0, 191198.0),
(4112, '2021-03-01 03:10:59', 114.0, 115.0, 116.0),
(4113, '2021-03-01 03:10:59', 191197.0, 191198.0, 191199.0),
(4114, '2021-03-01 03:10:59', 191198.0, 191199.0, 191200.0),
(4115, '2021-03-01 03:10:59', 115.0, 116.0, 117.0),
(4116, '2021-03-01 03:11:00', 191199.0, 191200.0, 191201.0),
(4117, '2021-03-01 03:11:00', 191200.0, 191201.0, 191202.0),
(4118, '2021-03-01 03:11:01', 116.0, 117.0, 118.0),
(4119, '2021-03-01 03:11:01', 191201.0, 191202.0, 191203.0),
(4120, '2021-03-01 03:11:01', 191202.0, 191203.0, 191204.0),
(4121, '2021-03-01 03:11:02', 117.0, 118.0, 119.0),
(4122, '2021-03-01 03:11:02', 191203.0, 191204.0, 191205.0),
(4123, '2021-03-01 03:11:02', 191204.0, 191205.0, 191206.0),
(4124, '2021-03-01 03:11:03', 118.0, 119.0, 120.0),
(4125, '2021-03-01 03:11:03', 191205.0, 191206.0, 191207.0),
(4126, '2021-03-01 03:11:03', 191206.0, 191207.0, 191208.0),
(4127, '2021-03-01 03:11:04', 119.0, 120.0, 121.0),
(4128, '2021-03-01 03:11:04', 191207.0, 191208.0, 191209.0),
(4129, '2021-03-01 03:11:04', 191208.0, 191209.0, 191210.0),
(4130, '2021-03-01 03:11:05', 120.0, 121.0, 122.0),
(4131, '2021-03-01 03:11:05', 191209.0, 191210.0, 191211.0),
(4132, '2021-03-01 03:11:05', 191210.0, 191211.0, 191212.0),
(4133, '2021-03-01 03:11:06', 191211.0, 191212.0, 191213.0),
(4134, '2021-03-01 03:11:06', 121.0, 122.0, 123.0),
(4135, '2021-03-01 03:11:06', 191212.0, 191213.0, 191214.0),
(4136, '2021-03-01 03:11:07', 191213.0, 191214.0, 191215.0),
(4137, '2021-03-01 03:11:07', 122.0, 123.0, 124.0),
(4138, '2021-03-01 03:11:07', 191214.0, 191215.0, 191216.0),
(4139, '2021-03-01 03:11:08', 191215.0, 191216.0, 191217.0),
(4140, '2021-03-01 03:11:08', 123.0, 124.0, 125.0),
(4141, '2021-03-01 03:11:08', 191216.0, 191217.0, 191218.0),
(4142, '2021-03-01 03:11:09', 191217.0, 191218.0, 191219.0),
(4143, '2021-03-01 03:11:09', 124.0, 125.0, 126.0),
(4144, '2021-03-01 03:11:09', 191218.0, 191219.0, 191220.0),
(4145, '2021-03-01 03:11:10', 191219.0, 191220.0, 191221.0),
(4146, '2021-03-01 03:11:10', 125.0, 126.0, 127.0),
(4147, '2021-03-01 03:11:10', 191220.0, 191221.0, 191222.0),
(4148, '2021-03-01 03:11:11', 191221.0, 191222.0, 191223.0),
(4149, '2021-03-01 03:11:11', 126.0, 127.0, 128.0),
(4150, '2021-03-01 03:11:11', 191222.0, 191223.0, 191224.0),
(4151, '2021-03-01 03:11:12', 191223.0, 191224.0, 191225.0),
(4152, '2021-03-01 03:11:12', 127.0, 128.0, 129.0),
(4153, '2021-03-01 03:11:12', 191224.0, 191225.0, 191226.0),
(4154, '2021-03-01 03:11:13', 191225.0, 191226.0, 191227.0),
(4155, '2021-03-01 03:11:13', 128.0, 129.0, 130.0),
(4156, '2021-03-01 03:11:13', 191226.0, 191227.0, 191228.0),
(4157, '2021-03-01 03:11:14', 191227.0, 191228.0, 191229.0),
(4158, '2021-03-01 03:11:14', 191228.0, 191229.0, 191230.0),
(4159, '2021-03-01 03:11:14', 129.0, 130.0, 131.0),
(4160, '2021-03-01 03:11:15', 191229.0, 191230.0, 191231.0),
(4161, '2021-03-01 03:11:15', 191230.0, 191231.0, 191232.0),
(4162, '2021-03-01 03:11:16', 130.0, 131.0, 132.0),
(4163, '2021-03-01 03:11:16', 191231.0, 191232.0, 191233.0),
(4164, '2021-03-01 03:11:16', 191232.0, 191233.0, 191234.0),
(4165, '2021-03-01 03:11:16', 131.0, 132.0, 133.0),
(4166, '2021-03-01 03:11:17', 191233.0, 191234.0, 191235.0),
(4167, '2021-03-01 03:11:17', 191234.0, 191235.0, 191236.0),
(4168, '2021-03-01 03:11:18', 132.0, 133.0, 134.0),
(4169, '2021-03-01 03:11:18', 191235.0, 191236.0, 191237.0),
(4170, '2021-03-01 03:11:18', 191236.0, 191237.0, 191238.0),
(4171, '2021-03-01 03:11:19', 133.0, 134.0, 135.0),
(4172, '2021-03-01 03:11:19', 191237.0, 191238.0, 191239.0),
(4173, '2021-03-01 03:11:19', 191238.0, 191239.0, 191240.0),
(4174, '2021-03-01 03:11:20', 134.0, 135.0, 136.0),
(4175, '2021-03-01 03:11:20', 191239.0, 191240.0, 191241.0),
(4176, '2021-03-01 03:11:20', 191240.0, 191241.0, 191242.0),
(4177, '2021-03-01 03:11:21', 135.0, 136.0, 137.0),
(4178, '2021-03-01 03:11:21', 191241.0, 191242.0, 191243.0),
(4179, '2021-03-01 03:11:21', 191242.0, 191243.0, 191244.0),
(4180, '2021-03-01 03:11:22', 136.0, 137.0, 138.0),
(4181, '2021-03-01 03:11:22', 191243.0, 191244.0, 191245.0),
(4182, '2021-03-01 03:11:22', 191244.0, 191245.0, 191246.0),
(4183, '2021-03-01 03:11:23', 137.0, 138.0, 139.0),
(4184, '2021-03-01 03:11:23', 191245.0, 191246.0, 191247.0),
(4185, '2021-03-01 03:11:23', 191246.0, 191247.0, 191248.0),
(4186, '2021-03-01 03:11:24', 191247.0, 191248.0, 191249.0),
(4187, '2021-03-01 03:11:24', 138.0, 139.0, 140.0),
(4188, '2021-03-01 03:11:24', 191248.0, 191249.0, 191250.0),
(4189, '2021-03-01 03:11:25', 191249.0, 191250.0, 191251.0),
(4190, '2021-03-01 03:11:25', 139.0, 140.0, 141.0),
(4191, '2021-03-01 03:11:25', 191250.0, 191251.0, 191252.0),
(4192, '2021-03-01 03:11:26', 191251.0, 191252.0, 191253.0),
(4193, '2021-03-01 03:11:26', 140.0, 141.0, 142.0),
(4194, '2021-03-01 03:11:26', 191252.0, 191253.0, 191254.0),
(4195, '2021-03-01 03:11:27', 191253.0, 191254.0, 191255.0),
(4196, '2021-03-01 03:11:27', 141.0, 142.0, 143.0),
(4197, '2021-03-01 03:11:27', 191254.0, 191255.0, 191256.0),
(4198, '2021-03-01 03:11:28', 191255.0, 191256.0, 191257.0),
(4199, '2021-03-01 03:11:28', 142.0, 143.0, 144.0),
(4200, '2021-03-01 03:11:28', 191256.0, 191257.0, 191258.0),
(4201, '2021-03-01 03:11:29', 191257.0, 191258.0, 191259.0),
(4202, '2021-03-01 03:11:29', 143.0, 144.0, 145.0),
(4203, '2021-03-01 03:11:29', 191258.0, 191259.0, 191260.0),
(4204, '2021-03-01 03:11:30', 191259.0, 191260.0, 191261.0),
(4205, '2021-03-01 03:11:30', 144.0, 145.0, 146.0),
(4206, '2021-03-01 03:11:30', 191260.0, 191261.0, 191262.0),
(4207, '2021-03-01 03:11:31', 191261.0, 191262.0, 191263.0),
(4208, '2021-03-01 03:11:31', 145.0, 146.0, 147.0),
(4209, '2021-03-01 03:11:31', 191262.0, 191263.0, 191264.0),
(4210, '2021-03-01 03:11:32', 191263.0, 191264.0, 191265.0),
(4211, '2021-03-01 03:11:32', 191264.0, 191265.0, 191266.0),
(4212, '2021-03-01 03:11:33', 146.0, 147.0, 148.0),
(4213, '2021-03-01 03:11:33', 191265.0, 191266.0, 191267.0),
(4214, '2021-03-01 03:11:33', 191266.0, 191267.0, 191268.0),
(4215, '2021-03-01 03:11:33', 147.0, 148.0, 149.0),
(4216, '2021-03-01 03:11:34', 191267.0, 191268.0, 191269.0),
(4217, '2021-03-01 03:11:34', 191268.0, 191269.0, 191270.0),
(4218, '2021-03-01 03:11:34', 148.0, 149.0, 150.0),
(4219, '2021-03-01 03:11:35', 191269.0, 191270.0, 191271.0),
(4220, '2021-03-01 03:11:35', 191270.0, 191271.0, 191272.0),
(4221, '2021-03-01 03:11:36', 149.0, 150.0, 151.0),
(4222, '2021-03-01 03:11:36', 191271.0, 191272.0, 191273.0),
(4223, '2021-03-01 03:11:36', 191272.0, 191273.0, 191274.0),
(4224, '2021-03-01 03:11:37', 150.0, 151.0, 152.0),
(4225, '2021-03-01 03:11:37', 191273.0, 191274.0, 191275.0),
(4226, '2021-03-01 03:11:37', 191274.0, 191275.0, 191276.0),
(4227, '2021-03-01 03:11:52', 191304.0, 191305.0, 191306.0),
(4228, '2021-03-01 03:11:53', 165.0, 166.0, 167.0),
(4229, '2021-03-01 03:11:53', 191305.0, 191306.0, 191307.0),
(4230, '2021-03-01 03:11:53', 191306.0, 191307.0, 191308.0),
(4231, '2021-03-01 03:11:54', 166.0, 167.0, 168.0),
(4232, '2021-03-01 03:11:54', 191307.0, 191308.0, 191309.0),
(4233, '2021-03-01 03:11:54', 191308.0, 191309.0, 191310.0),
(4234, '2021-03-01 03:11:55', 167.0, 168.0, 169.0),
(4235, '2021-03-01 03:11:55', 191309.0, 191310.0, 191311.0),
(4236, '2021-03-01 03:11:55', 191310.0, 191311.0, 191312.0),
(4237, '2021-03-01 03:11:56', 168.0, 169.0, 170.0),
(4238, '2021-03-01 03:11:56', 191311.0, 191312.0, 191313.0),
(4239, '2021-03-01 03:11:56', 191312.0, 191313.0, 191314.0),
(4240, '2021-03-01 03:11:57', 169.0, 170.0, 171.0),
(4241, '2021-03-01 03:11:57', 191313.0, 191314.0, 191315.0),
(4242, '2021-03-01 03:11:57', 191314.0, 191315.0, 191316.0),
(4243, '2021-03-01 03:11:58', 170.0, 171.0, 172.0),
(4244, '2021-03-01 03:11:58', 191315.0, 191316.0, 191317.0),
(4245, '2021-03-01 03:11:58', 191316.0, 191317.0, 191318.0),
(4246, '2021-03-01 03:11:59', 171.0, 172.0, 173.0),
(4247, '2021-03-01 03:11:59', 191317.0, 191318.0, 191319.0),
(4248, '2021-03-01 03:11:59', 191318.0, 191319.0, 191320.0),
(4249, '2021-03-01 03:12:00', 191319.0, 191320.0, 191321.0),
(4250, '2021-03-01 03:12:00', 172.0, 173.0, 174.0),
(4251, '2021-03-01 03:12:00', 191320.0, 191321.0, 191322.0),
(4252, '2021-03-01 03:12:01', 191321.0, 191322.0, 191323.0),
(4253, '2021-03-01 03:12:01', 173.0, 174.0, 175.0),
(4254, '2021-03-01 03:12:01', 191322.0, 191323.0, 191324.0),
(4255, '2021-03-01 03:12:02', 191323.0, 191324.0, 191325.0),
(4256, '2021-03-01 03:12:02', 174.0, 175.0, 176.0),
(4257, '2021-03-01 03:12:02', 191324.0, 191325.0, 191326.0),
(4258, '2021-03-01 03:12:03', 191325.0, 191326.0, 191327.0),
(4259, '2021-03-01 03:12:03', 175.0, 176.0, 177.0),
(4260, '2021-03-01 03:12:03', 191326.0, 191327.0, 191328.0),
(4261, '2021-03-01 03:12:04', 191327.0, 191328.0, 191329.0),
(4262, '2021-03-01 03:12:04', 176.0, 177.0, 178.0),
(4263, '2021-03-01 03:12:04', 191328.0, 191329.0, 191330.0),
(4264, '2021-03-01 03:12:05', 191329.0, 191330.0, 191331.0),
(4265, '2021-03-01 03:12:05', 177.0, 178.0, 179.0),
(4266, '2021-03-01 03:12:05', 191330.0, 191331.0, 191332.0),
(4267, '2021-03-01 03:12:06', 191331.0, 191332.0, 191333.0),
(4268, '2021-03-01 03:12:06', 191332.0, 191333.0, 191334.0),
(4269, '2021-03-01 03:12:07', 178.0, 179.0, 180.0),
(4270, '2021-03-01 03:12:07', 191333.0, 191334.0, 191335.0),
(4271, '2021-03-01 03:12:07', 179.0, 180.0, 181.0),
(4272, '2021-03-01 03:12:07', 191334.0, 191335.0, 191336.0),
(4273, '2021-03-01 03:12:08', 191335.0, 191336.0, 191337.0),
(4274, '2021-03-01 03:12:08', 180.0, 181.0, 182.0),
(4275, '2021-03-01 03:12:08', 191336.0, 191337.0, 191338.0),
(4276, '2021-03-01 03:12:09', 191337.0, 191338.0, 191339.0),
(4277, '2021-03-01 03:12:09', 191338.0, 191339.0, 191340.0),
(4278, '2021-03-01 03:12:09', 181.0, 182.0, 183.0),
(4279, '2021-03-01 03:12:10', 191339.0, 191340.0, 191341.0),
(4280, '2021-03-01 03:12:10', 191340.0, 191341.0, 191342.0),
(4281, '2021-03-01 03:12:11', 182.0, 183.0, 184.0),
(4282, '2021-03-01 03:12:11', 191341.0, 191342.0, 191343.0),
(4283, '2021-03-01 03:12:11', 191342.0, 191343.0, 191344.0),
(4284, '2021-03-01 03:12:12', 183.0, 184.0, 185.0),
(4285, '2021-03-01 03:12:12', 191343.0, 191344.0, 191345.0),
(4286, '2021-03-01 03:12:12', 191344.0, 191345.0, 191346.0),
(4287, '2021-03-01 03:12:13', 184.0, 185.0, 186.0),
(4288, '2021-03-01 03:12:13', 191345.0, 191346.0, 191347.0),
(4289, '2021-03-01 03:12:13', 191346.0, 191347.0, 191348.0),
(4290, '2021-03-01 03:12:14', 185.0, 186.0, 187.0),
(4291, '2021-03-01 03:12:14', 191347.0, 191348.0, 191349.0),
(4292, '2021-03-01 03:12:14', 191348.0, 191349.0, 191350.0),
(4293, '2021-03-01 03:12:15', 186.0, 187.0, 188.0),
(4294, '2021-03-01 03:12:15', 191349.0, 191350.0, 191351.0),
(4295, '2021-03-01 03:12:15', 191350.0, 191351.0, 191352.0),
(4296, '2021-03-01 03:12:16', 187.0, 188.0, 189.0),
(4297, '2021-03-01 03:12:16', 191351.0, 191352.0, 191353.0),
(4298, '2021-03-01 03:12:16', 191352.0, 191353.0, 191354.0),
(4299, '2021-03-01 03:12:17', 188.0, 189.0, 190.0),
(4300, '2021-03-01 03:12:17', 191353.0, 191354.0, 191355.0),
(4301, '2021-03-01 03:12:17', 191354.0, 191355.0, 191356.0),
(4302, '2021-03-01 03:12:18', 191355.0, 191356.0, 191357.0),
(4303, '2021-03-01 03:12:18', 189.0, 190.0, 191.0),
(4304, '2021-03-02 01:39:50', 348161.0, 348162.0, 348163.0),
(4305, '2021-03-02 01:39:51', 894.0, 895.0, 896.0),
(4306, '2021-03-02 01:39:51', 348162.0, 348163.0, 348164.0),
(4307, '2021-03-02 01:39:51', 348163.0, 348164.0, 348165.0),
(4308, '2021-03-02 01:39:52', 895.0, 896.0, 897.0),
(4309, '2021-03-02 01:39:52', 348164.0, 348165.0, 348166.0),
(4310, '2021-03-02 01:39:52', 348165.0, 348166.0, 348167.0),
(4311, '2021-03-02 01:39:53', 896.0, 897.0, 898.0),
(4312, '2021-03-02 01:39:53', 348166.0, 348167.0, 348168.0),
(4313, '2021-03-02 01:39:53', 348167.0, 348168.0, 348169.0),
(4314, '2021-03-02 01:39:54', 348168.0, 348169.0, 348170.0),
(4315, '2021-03-02 01:39:54', 897.0, 898.0, 899.0),
(4316, '2021-03-02 01:39:54', 348169.0, 348170.0, 348171.0),
(4317, '2021-03-02 01:39:55', 348170.0, 348171.0, 348172.0),
(4318, '2021-03-02 01:39:55', 898.0, 899.0, 900.0),
(4319, '2021-03-02 01:39:55', 348171.0, 348172.0, 348173.0),
(4320, '2021-03-02 01:39:56', 348172.0, 348173.0, 348174.0),
(4321, '2021-03-02 01:39:56', 899.0, 900.0, 901.0),
(4322, '2021-03-02 01:39:56', 348173.0, 348174.0, 348175.0),
(4323, '2021-03-02 01:39:57', 348174.0, 348175.0, 348176.0),
(4324, '2021-03-02 01:39:57', 900.0, 901.0, 902.0),
(4325, '2021-03-02 01:39:57', 348175.0, 348176.0, 348177.0),
(4326, '2021-03-02 01:39:58', 348176.0, 348177.0, 348178.0),
(4327, '2021-03-02 01:39:58', 901.0, 902.0, 903.0),
(4328, '2021-03-02 01:39:58', 348177.0, 348178.0, 348179.0),
(4329, '2021-03-02 01:39:59', 348178.0, 348179.0, 348180.0),
(4330, '2021-03-02 01:39:59', 902.0, 903.0, 904.0),
(4331, '2021-03-02 01:39:59', 348179.0, 348180.0, 348181.0),
(4332, '2021-03-02 01:40:00', 348180.0, 348181.0, 348182.0),
(4333, '2021-03-02 01:40:00', 903.0, 904.0, 905.0),
(4334, '2021-03-02 01:40:00', 348181.0, 348182.0, 348183.0),
(4335, '2021-03-02 01:40:01', 348182.0, 348183.0, 348184.0),
(4336, '2021-03-02 01:40:01', 904.0, 905.0, 906.0),
(4337, '2021-03-02 01:40:01', 348183.0, 348184.0, 348185.0),
(4338, '2021-03-02 01:40:02', 348184.0, 348185.0, 348186.0),
(4339, '2021-03-02 01:40:02', 905.0, 906.0, 907.0),
(4340, '2021-03-02 01:40:03', 348185.0, 348186.0, 348187.0),
(4341, '2021-03-02 01:40:03', 348186.0, 348187.0, 348188.0),
(4342, '2021-03-02 01:40:03', 348187.0, 348188.0, 348189.0),
(4343, '2021-03-02 01:40:04', 906.0, 907.0, 908.0),
(4344, '2021-03-02 01:40:04', 348188.0, 348189.0, 348190.0),
(4345, '2021-03-02 01:40:04', 348189.0, 348190.0, 348191.0),
(4346, '2021-03-02 01:40:05', 907.0, 908.0, 909.0),
(4347, '2021-03-02 01:40:05', 348190.0, 348191.0, 348192.0),
(4348, '2021-03-02 01:40:05', 348191.0, 348192.0, 348193.0),
(4349, '2021-03-02 01:40:06', 908.0, 909.0, 910.0),
(4350, '2021-03-02 01:40:06', 348192.0, 348193.0, 348194.0),
(4351, '2021-03-02 01:40:06', 348193.0, 348194.0, 348195.0),
(4352, '2021-03-02 01:40:07', 909.0, 910.0, 911.0),
(4353, '2021-03-02 01:40:07', 348194.0, 348195.0, 348196.0),
(4354, '2021-03-02 01:40:07', 348195.0, 348196.0, 348197.0),
(4355, '2021-03-02 01:40:08', 910.0, 911.0, 912.0),
(4356, '2021-03-02 01:40:08', 348196.0, 348197.0, 348198.0),
(4357, '2021-03-02 01:40:08', 348197.0, 348198.0, 348199.0),
(4358, '2021-03-02 01:40:09', 911.0, 912.0, 913.0),
(4359, '2021-03-02 01:40:09', 348198.0, 348199.0, 348200.0),
(4360, '2021-03-02 01:40:09', 348199.0, 348200.0, 348201.0),
(4361, '2021-03-02 01:40:10', 912.0, 913.0, 914.0),
(4362, '2021-03-02 01:40:10', 348200.0, 348201.0, 348202.0),
(4363, '2021-03-02 01:40:10', 348201.0, 348202.0, 348203.0),
(4364, '2021-03-02 01:40:11', 913.0, 914.0, 915.0),
(4365, '2021-03-02 01:40:11', 348202.0, 348203.0, 348204.0),
(4366, '2021-03-02 01:40:11', 348203.0, 348204.0, 348205.0),
(4367, '2021-03-02 01:40:12', 348204.0, 348205.0, 348206.0),
(4368, '2021-03-02 01:40:12', 914.0, 915.0, 916.0),
(4369, '2021-03-02 01:40:12', 348205.0, 348206.0, 348207.0),
(4370, '2021-03-02 01:40:13', 348206.0, 348207.0, 348208.0),
(4371, '2021-03-02 01:40:13', 915.0, 916.0, 917.0),
(4372, '2021-03-02 01:40:13', 348207.0, 348208.0, 348209.0),
(4373, '2021-03-02 01:40:14', 348208.0, 348209.0, 348210.0),
(4374, '2021-03-02 01:40:14', 916.0, 917.0, 918.0),
(4375, '2021-03-02 01:40:14', 348209.0, 348210.0, 348211.0),
(4376, '2021-03-02 01:40:15', 348210.0, 348211.0, 348212.0),
(4377, '2021-03-02 01:40:15', 917.0, 918.0, 919.0),
(4378, '2021-03-02 01:40:15', 348211.0, 348212.0, 348213.0),
(4379, '2021-03-02 01:40:16', 348212.0, 348213.0, 348214.0),
(4380, '2021-03-02 01:40:16', 918.0, 919.0, 920.0),
(4381, '2021-03-02 01:40:16', 348213.0, 348214.0, 348215.0),
(4382, '2021-03-02 01:40:17', 348214.0, 348215.0, 348216.0),
(4383, '2021-03-02 01:40:17', 919.0, 920.0, 921.0),
(4384, '2021-03-02 01:40:17', 348215.0, 348216.0, 348217.0),
(4385, '2021-03-02 01:40:18', 348216.0, 348217.0, 348218.0),
(4386, '2021-03-02 01:40:18', 920.0, 921.0, 922.0),
(4387, '2021-03-02 01:40:19', 348217.0, 348218.0, 348219.0),
(4388, '2021-03-02 01:40:19', 348218.0, 348219.0, 348220.0),
(4389, '2021-03-02 01:40:19', 921.0, 922.0, 923.0),
(4390, '2021-03-02 01:40:19', 348219.0, 348220.0, 348221.0),
(4391, '2021-03-02 01:40:20', 348220.0, 348221.0, 348222.0),
(4392, '2021-03-02 01:40:20', 348221.0, 348222.0, 348223.0),
(4393, '2021-03-02 01:40:20', 922.0, 923.0, 924.0),
(4394, '2021-03-02 01:40:21', 348222.0, 348223.0, 348224.0),
(4395, '2021-03-02 01:40:21', 348223.0, 348224.0, 348225.0),
(4396, '2021-03-02 01:40:22', 923.0, 924.0, 925.0),
(4397, '2021-03-02 01:40:22', 348224.0, 348225.0, 348226.0),
(4398, '2021-03-02 01:40:22', 348225.0, 348226.0, 348227.0),
(4399, '2021-03-02 01:40:23', 924.0, 925.0, 926.0),
(4400, '2021-03-02 01:41:34', 348368.0, 348369.0, 348370.0),
(4401, '2021-03-02 01:41:35', 348369.0, 348370.0, 348371.0),
(4402, '2021-03-02 01:41:35', 992.0, 993.0, 994.0),
(4403, '2021-03-02 01:41:35', 348370.0, 348371.0, 348372.0),
(4404, '2021-03-02 01:41:36', 348371.0, 348372.0, 348373.0),
(4405, '2021-03-02 01:41:36', 993.0, 994.0, 995.0),
(4406, '2021-03-02 01:41:36', 348372.0, 348373.0, 348374.0),
(4407, '2021-03-02 01:41:37', 348373.0, 348374.0, 348375.0),
(4408, '2021-03-02 01:41:37', 994.0, 995.0, 996.0),
(4409, '2021-03-02 01:41:37', 348374.0, 348375.0, 348376.0),
(4410, '2021-03-02 01:41:38', 348375.0, 348376.0, 348377.0),
(4411, '2021-03-02 01:41:38', 995.0, 996.0, 997.0),
(4412, '2021-03-02 01:41:38', 348376.0, 348377.0, 348378.0),
(4413, '2021-03-02 01:41:39', 348377.0, 348378.0, 348379.0),
(4414, '2021-03-02 01:41:39', 996.0, 997.0, 998.0),
(4415, '2021-03-02 01:41:39', 348378.0, 348379.0, 348380.0);

-- --------------------------------------------------------

--
-- Table structure for table `devices`
--

CREATE TABLE `devices` (
  `devices_id` int(7) UNSIGNED NOT NULL,
  `devices_date` timestamp NULL DEFAULT current_timestamp(),
  `devices_alias` varchar(50) DEFAULT NULL,
  `devices_serie` varchar(50) DEFAULT NULL,
  `devices_user_id` int(7) DEFAULT NULL
) ENGINE=InnoDB DEFAULT CHARSET=utf8;

--
-- Dumping data for table `devices`
--

INSERT INTO `devices` (`devices_id`, `devices_date`, `devices_alias`, `devices_serie`, `devices_user_id`) VALUES
(8, '2019-06-11 23:48:56', 'Casa 1', '123456789', 7),
(10, '2019-06-22 21:49:49', 'lab', '123', 7);

-- --------------------------------------------------------

--
-- Table structure for table `dispositivo`
--

CREATE TABLE `dispositivo` (
  `id_dispositivo` int(11) NOT NULL,
  `dispositivo_nome` varchar(100) NOT NULL,
  `dispositivo_descricao` text NOT NULL,
  `dispositivo_timestamp` timestamp NOT NULL DEFAULT current_timestamp() ON UPDATE current_timestamp(),
  `dispositivo_id_mqtt_user` int(11) NOT NULL,
  `dispositivo_id_instancia` int(11) NOT NULL,
  `dispositivo_id_pessoa` int(11) NOT NULL,
  `dispositivo_id_empresa` int(11) NOT NULL,
  `dispositivo_id_login_senha` int(11) NOT NULL,
  `dispositivo_id_grupo` int(11) NOT NULL
) ENGINE=InnoDB DEFAULT CHARSET=utf8;

--
-- Dumping data for table `dispositivo`
--

INSERT INTO `dispositivo` (`id_dispositivo`, `dispositivo_nome`, `dispositivo_descricao`, `dispositivo_timestamp`, `dispositivo_id_mqtt_user`, `dispositivo_id_instancia`, `dispositivo_id_pessoa`, `dispositivo_id_empresa`, `dispositivo_id_login_senha`, `dispositivo_id_grupo`) VALUES
(1, 'Dispositivo 1', 'Grupo 1 - dispositivo de teste', '2021-05-01 23:28:08', 1, 1, 1, 1, 1, 1);

-- --------------------------------------------------------

--
-- Table structure for table `dynamic_dashboards`
--

CREATE TABLE `dynamic_dashboards` (
  `id` int(11) NOT NULL,
  `name` varchar(255) NOT NULL,
  `color` varchar(100) NOT NULL
) ENGINE=InnoDB DEFAULT CHARSET=utf8mb4;

--
-- Dumping data for table `dynamic_dashboards`
--

INSERT INTO `dynamic_dashboards` (`id`, `name`, `color`) VALUES
(1, 'Default Dashboard', '#000000'),
(4, 'template 2', '#000000'),
(5, 'all components', '#d12323'),
(6, 'Timeline', '#142a1d');

-- --------------------------------------------------------

--
-- Table structure for table `empresa`
--

CREATE TABLE `empresa` (
  `id_empresa` int(11) NOT NULL,
  `empresa_razao_social` varchar(100) NOT NULL,
  `empresa_nome_fantasia` varchar(100) NOT NULL,
  `empresa_nome_reduzido` varchar(100) NOT NULL,
  `empresa_ramo_de_negocio` varchar(200) NOT NULL,
  `empresa_num_cnpj` varchar(50) NOT NULL,
  `empresa_logo_url` varchar(1000) NOT NULL,
  `empresa_habilitada` enum('Habilitada','N_Habilitada') NOT NULL,
  `empresa_habilitada_control` enum('1','0') NOT NULL,
  `empresa_data` date NOT NULL,
  `empresa_hora` varchar(15) NOT NULL,
  `empresa_timestamp` timestamp NULL DEFAULT current_timestamp(),
  `empresa_id_pessoa` int(11) NOT NULL,
  `empresa_id_tipo_doc_ident_empresa` int(11) NOT NULL,
  `empresa_id_tipo_fornecedor` varchar(20) NOT NULL,
  `empresa_id_pessoa_criadora` int(11) NOT NULL,
  `empresa_delete` enum('1','0') NOT NULL
) ENGINE=InnoDB DEFAULT CHARSET=utf8;

--
-- Dumping data for table `empresa`
--

INSERT INTO `empresa` (`id_empresa`, `empresa_razao_social`, `empresa_nome_fantasia`, `empresa_nome_reduzido`, `empresa_ramo_de_negocio`, `empresa_num_cnpj`, `empresa_logo_url`, `empresa_habilitada`, `empresa_habilitada_control`, `empresa_data`, `empresa_hora`, `empresa_timestamp`, `empresa_id_pessoa`, `empresa_id_tipo_doc_ident_empresa`, `empresa_id_tipo_fornecedor`, `empresa_id_pessoa_criadora`, `empresa_delete`) VALUES
(1, 'teste', 'teste', 'AGE', 'Comercio de produtos Agricolas', '', '', 'Habilitada', '1', '2020-04-16', '16:41:01', '2020-04-16 21:41:01', 1, 1, '', 1, '1');

-- --------------------------------------------------------

--
-- Table structure for table `endereco`
--

CREATE TABLE `endereco` (
  `id_endereco` int(11) NOT NULL,
  `end_endereco` varchar(50) NOT NULL,
  `end_numero` varchar(20) NOT NULL,
  `end_bairro` varchar(30) NOT NULL,
  `end_cidade` varchar(30) NOT NULL,
  `end_uf` varchar(5) NOT NULL,
  `end_cep` varchar(50) NOT NULL,
  `end_pais` varchar(50) NOT NULL,
  `end_data` date NOT NULL,
  `end_hora` varchar(15) NOT NULL,
  `end_timestamp` timestamp NOT NULL DEFAULT current_timestamp(),
  `end_id_empresa` int(11) NOT NULL,
  `end_id_pessoa` int(11) NOT NULL,
  `end_id_pessoa_criadora` int(11) NOT NULL,
  `endereco_delete` enum('1','0') NOT NULL
) ENGINE=InnoDB DEFAULT CHARSET=utf8;

--
-- Dumping data for table `endereco`
--

INSERT INTO `endereco` (`id_endereco`, `end_endereco`, `end_numero`, `end_bairro`, `end_cidade`, `end_uf`, `end_cep`, `end_pais`, `end_data`, `end_hora`, `end_timestamp`, `end_id_empresa`, `end_id_pessoa`, `end_id_pessoa_criadora`, `endereco_delete`) VALUES
(1, 'Rua Mendos', '73', 'Santo Cristo', 'Santos', 'RJ', '28555-050', 'Brasil', '0000-00-00', '', '0000-00-00 00:00:00', 1, 1, 1, '1'),
(2, 'dfg', '43', 'erert', 'ert', 'ert', 'ert', 'ert', '2020-04-29', '12:45:32', '2020-04-29 15:45:32', 1, 2, 1, '1'),
(3, 'dfg', '43', 'erert', 'ert', 'ert', 'ert', 'ert', '2020-04-29', '13:00:25', '2020-04-29 16:00:25', 1, 3, 1, '1'),
(4, 'dfg', '43', 'erert', 'ert', 'ert', 'ert', 'ert', '2020-04-29', '13:01:03', '2020-04-29 16:01:03', 1, 4, 1, '1'),
(5, 'dfg', '43', 'erert', 'ert', 'ert', 'ert', 'ert', '2020-04-29', '13:05:17', '2020-04-29 16:05:17', 1, 5, 1, '1');

-- --------------------------------------------------------

--
-- Table structure for table `estado_civil`
--

CREATE TABLE `estado_civil` (
  `id_estado_civil` int(11) NOT NULL,
  `estado_civil` varchar(50) NOT NULL,
  `estado_civil_descricao` text NOT NULL,
  `estado_civil_permissao_visualizacao` int(11) NOT NULL,
  `estado_civil_timestamp` timestamp NOT NULL DEFAULT current_timestamp() ON UPDATE current_timestamp(),
  `estado_civil_id_pessoa` int(11) NOT NULL,
  `estado_civil_id_pessoa_criadora` int(11) NOT NULL
) ENGINE=InnoDB DEFAULT CHARSET=utf8;

--
-- Dumping data for table `estado_civil`
--

INSERT INTO `estado_civil` (`id_estado_civil`, `estado_civil`, `estado_civil_descricao`, `estado_civil_permissao_visualizacao`, `estado_civil_timestamp`, `estado_civil_id_pessoa`, `estado_civil_id_pessoa_criadora`) VALUES
(1, 'Solteiro', '', 0, '2020-04-16 00:23:09', 0, 0),
(2, 'Casado', '', 0, '2020-04-16 00:30:36', 0, 0),
(3, 'Divorciado', '', 0, '2020-04-16 00:30:42', 0, 0),
(4, 'Viuvo', '', 0, '2020-04-16 00:30:42', 0, 0);

-- --------------------------------------------------------

--
-- Table structure for table `group_component`
--

CREATE TABLE `group_component` (
  `id_group_component` int(11) NOT NULL,
  `group_component_name` varchar(100) NOT NULL,
  `group_component_description` text NOT NULL,
  `group_component_timestamp` timestamp NOT NULL DEFAULT current_timestamp() ON UPDATE current_timestamp(),
  `group_component_id_people` int(11) NOT NULL,
  `group_component_id_company` int(11) NOT NULL
) ENGINE=InnoDB DEFAULT CHARSET=utf8;

--
-- Dumping data for table `group_component`
--

INSERT INTO `group_component` (`id_group_component`, `group_component_name`, `group_component_description`, `group_component_timestamp`, `group_component_id_people`, `group_component_id_company`) VALUES
(1, 'Group 1', 'Group component 1', '2021-03-06 12:12:17', 1, 1);

-- --------------------------------------------------------

--
-- Table structure for table `grupo_dispositivo`
--

CREATE TABLE `grupo_dispositivo` (
  `id_grupo_dispositivo` int(11) NOT NULL,
  `grupo_disp_nome` varchar(100) NOT NULL,
  `grupo_disp_descricao` text NOT NULL,
  `grupo_disp_timestamp` timestamp NOT NULL DEFAULT current_timestamp() ON UPDATE current_timestamp(),
  `grupo_disp_id_pessoa` int(11) NOT NULL,
  `grupo_disp_id_empresa` int(11) NOT NULL
) ENGINE=InnoDB DEFAULT CHARSET=utf8;

--
-- Dumping data for table `grupo_dispositivo`
--

INSERT INTO `grupo_dispositivo` (`id_grupo_dispositivo`, `grupo_disp_nome`, `grupo_disp_descricao`, `grupo_disp_timestamp`, `grupo_disp_id_pessoa`, `grupo_disp_id_empresa`) VALUES
(1, 'Grupo 1', 'Grupo 1 é o grupo de teste', '2021-03-06 12:12:17', 1, 1);

-- --------------------------------------------------------

--
-- Table structure for table `instancia`
--

CREATE TABLE `instancia` (
  `id_instancia` int(11) NOT NULL,
  `instancia_nome` varchar(100) NOT NULL,
  `instancia_descricao` text NOT NULL,
  `instancia_timestamp` timestamp NOT NULL DEFAULT current_timestamp() ON UPDATE current_timestamp(),
  `instancia_id_mqtt_acl` int(11) NOT NULL,
  `instancia_id_pessoa` int(11) NOT NULL,
  `instancia_id_empresa` int(11) NOT NULL,
  `instancia_id_login_senha` int(11) NOT NULL
) ENGINE=InnoDB DEFAULT CHARSET=utf8;

--
-- Dumping data for table `instancia`
--

INSERT INTO `instancia` (`id_instancia`, `instancia_nome`, `instancia_descricao`, `instancia_timestamp`, `instancia_id_mqtt_acl`, `instancia_id_pessoa`, `instancia_id_empresa`, `instancia_id_login_senha`) VALUES
(1, 'instancia1', 'Esta é a instancia 1', '2021-03-07 03:04:34', 9, 1, 1, 1);

-- --------------------------------------------------------

--
-- Table structure for table `login_senha`
--

CREATE TABLE `login_senha` (
  `id_login_senha` int(11) NOT NULL,
  `logsen_login` varchar(50) NOT NULL,
  `logsen_senha` varchar(60) NOT NULL,
  `logsen_data` varchar(15) NOT NULL,
  `logsen_hora` varchar(15) NOT NULL,
  `logsen_timestamp` timestamp NOT NULL DEFAULT current_timestamp() ON UPDATE current_timestamp(),
  `logsen_id_pessoa` int(11) NOT NULL,
  `logsen_id_pessoa_criadora` int(11) NOT NULL,
  `login_senha_delete` enum('1','0') NOT NULL
) ENGINE=InnoDB DEFAULT CHARSET=utf8;

--
-- Dumping data for table `login_senha`
--

INSERT INTO `login_senha` (`id_login_senha`, `logsen_login`, `logsen_senha`, `logsen_data`, `logsen_hora`, `logsen_timestamp`, `logsen_id_pessoa`, `logsen_id_pessoa_criadora`, `login_senha_delete`) VALUES
(1, 'admin', '123', '2017-05-01', '00:00:00', '2020-04-16 21:17:12', 1, 1, '1');

--
-- Triggers `login_senha`
--
DELIMITER $$
CREATE TRIGGER `tg_login_senha` AFTER INSERT ON `login_senha` FOR EACH ROW BEGIN
INSERT INTO contato SET id_login_senha_contato = NEW.id_login_senha;
INSERT INTO endereco SET id_login_senha_endereco = NEW.id_login_senha;
INSERT INTO permissao SET id_login_senha_permissao = NEW.id_login_senha;
INSERT INTO pessoa SET id_login_senha_pessoa = NEW.id_login_senha;
END
$$
DELIMITER ;

-- --------------------------------------------------------

--
-- Table structure for table `mqtt_acl`
--

CREATE TABLE `mqtt_acl` (
  `id` int(11) UNSIGNED NOT NULL,
  `allow` int(1) DEFAULT NULL COMMENT '0: deny, 1: allow',
  `ipaddr` varchar(60) DEFAULT NULL COMMENT 'IpAddress',
  `username` varchar(100) DEFAULT NULL COMMENT 'Username',
  `clientid` varchar(100) DEFAULT NULL COMMENT 'ClientId',
  `access` int(2) NOT NULL COMMENT '1: subscribe, 2: publish, 3: pubsub',
  `topic` varchar(100) NOT NULL DEFAULT '' COMMENT 'Topic Filter'
) ENGINE=InnoDB DEFAULT CHARSET=utf8;

--
-- Dumping data for table `mqtt_acl`
--

INSERT INTO `mqtt_acl` (`id`, `allow`, `ipaddr`, `username`, `clientid`, `access`, `topic`) VALUES
(1, 1, NULL, '$all', NULL, 3, '#'),
(2, 0, NULL, '$all', NULL, 1, '$SYS/#'),
(3, 0, NULL, '$all', NULL, 1, 'eq #'),
(5, 1, '127.0.0.1', NULL, NULL, 2, '$SYS/#'),
(6, 0, '127.0.0.5', NULL, NULL, 2, '#'),
(7, 1, NULL, 'dashboard', NULL, 1, '$SYS/#'),
(9, 1, NULL, 'web_client', NULL, 3, '+/#'),
(10, 1, NULL, 'web_client2', NULL, 3, 'values/raiz'),
(11, 1, NULL, 'web_client3', NULL, 3, 'values/raiz2');

-- --------------------------------------------------------

--
-- Table structure for table `mqtt_user`
--

CREATE TABLE `mqtt_user` (
  `id` int(11) UNSIGNED NOT NULL,
  `username` varchar(100) DEFAULT NULL,
  `password` varchar(100) DEFAULT NULL,
  `salt` varchar(35) DEFAULT NULL,
  `is_superuser` tinyint(1) DEFAULT 0,
  `created` datetime DEFAULT NULL
) ENGINE=MyISAM DEFAULT CHARSET=utf8;

--
-- Dumping data for table `mqtt_user`
--

INSERT INTO `mqtt_user` (`id`, `username`, `password`, `salt`, `is_superuser`, `created`) VALUES
(1, 'web_client', '121212', NULL, 0, '2019-06-13 22:13:59'),
(2, 'web_client2', '121212', NULL, 0, '2021-03-03 21:22:44'),
(3, 'web_client3', '121212', NULL, 0, '2021-03-03 21:22:44');

-- --------------------------------------------------------

--
-- Table structure for table `nivel_permissao`
--

CREATE TABLE `nivel_permissao` (
  `id_nivel_permissao` int(11) NOT NULL,
  `nivel_permissao_nome` varchar(20) NOT NULL,
  `nivel_permissao_descricao` text NOT NULL,
  `nivel_permissao_criar` enum('0','1') NOT NULL,
  `nivel_permissao_alterar` enum('0','1') NOT NULL,
  `nivel_permissao_deletar` enum('0','1') NOT NULL,
  `nivel_permissao_visualisar` enum('0','1') NOT NULL,
  `nivel_permissao_visualisar_camada` int(11) NOT NULL,
  `nivel_permissao_data` date NOT NULL,
  `nivel_permissao_hora` varchar(15) NOT NULL,
  `nivel_permissao_timestamp` timestamp NOT NULL DEFAULT current_timestamp() ON UPDATE current_timestamp()
) ENGINE=InnoDB DEFAULT CHARSET=utf8;

--
-- Dumping data for table `nivel_permissao`
--

INSERT INTO `nivel_permissao` (`id_nivel_permissao`, `nivel_permissao_nome`, `nivel_permissao_descricao`, `nivel_permissao_criar`, `nivel_permissao_alterar`, `nivel_permissao_deletar`, `nivel_permissao_visualisar`, `nivel_permissao_visualisar_camada`, `nivel_permissao_data`, `nivel_permissao_hora`, `nivel_permissao_timestamp`) VALUES
(1, 'Nivel 0', 'Não tem nenhum tipo de permissão.', '0', '0', '0', '0', 0, '2020-04-16', '19:42:21', '2020-04-17 00:42:50'),
(2, 'Nivel 1', 'Tem permissão para visualizar dados básicos', '0', '0', '0', '1', 0, '2020-04-16', '19:42:56', '2020-04-17 00:43:03'),
(3, 'Nivel 2', 'Tem permissão para visualizar dados avançados', '0', '0', '0', '1', 1000, '2020-04-16', '19:42:56', '2020-04-17 00:43:17'),
(4, 'Nivel 3', 'Tem permissão para criar', '1', '0', '0', '1', 1, '2020-04-16', '19:42:21', '2020-04-17 00:42:31'),
(5, 'Nivel 4', 'Tem permissão para criar e alterar', '1', '1', '0', '1', 1, '2020-04-16', '19:41:30', '2020-04-17 00:42:10'),
(6, 'Nivel 5', 'Tem permissão para criar, alterar e deletar', '1', '1', '1', '1', 1, '2020-04-16', '19:41:30', '2020-04-17 00:41:48'),
(7, 'Nivel 6', 'Tem permissão para criar analisando dados avançados', '1', '0', '0', '1', 1000, '2020-04-16', '19:38:33', '2020-04-17 00:41:16'),
(8, 'Nivel 7', 'Tem permissão para criar e alterar analisando dados avançados', '1', '1', '0', '1', 1000, '2020-04-16', '19:38:33', '2020-04-17 00:41:06'),
(9, 'Nivel 8', 'Tem permissão para criar, alterar e deletar analisando dados avançados', '1', '1', '1', '1', 1000, '2020-04-16', '19:39:40', '2020-04-17 00:40:53'),
(10, 'Nivel Admin', 'Tem permissão total do sistema', '1', '1', '1', '1', 10000, '2020-04-16', '19:39:40', '2020-04-17 00:39:40');

-- --------------------------------------------------------

--
-- Table structure for table `pessoa`
--

CREATE TABLE `pessoa` (
  `id_pessoa` int(11) NOT NULL,
  `pessoa_nome` varchar(40) NOT NULL,
  `pessoa_sobrenome` varchar(60) NOT NULL,
  `pessoa_data_nascimento` date NOT NULL,
  `pessoa_id_sexo` int(11) NOT NULL,
  `pessoa_matricula` varchar(40) NOT NULL,
  `pessoa_foto_url` varchar(200) NOT NULL,
  `pessoa_data` date NOT NULL,
  `pessoa_hora` varchar(10) NOT NULL,
  `pessoa_timestamp` timestamp NOT NULL DEFAULT current_timestamp(),
  `pessoa_id_cargo_interno` int(11) NOT NULL,
  `pessoa_id_empresa` int(11) NOT NULL,
  `pessoa_id_tipo_fornecedor` int(11) NOT NULL,
  `pessoa_id_estado_civil` int(11) NOT NULL,
  `pessoa_id_tipo_doc_ident_pessoa` int(11) NOT NULL,
  `pessoa_doc_ident_pessoa` varchar(50) NOT NULL,
  `pessoa_id_nivel_permissao` int(11) NOT NULL,
  `pessoa_id_pessoa_criadora` int(11) NOT NULL,
  `pessoa_delete` enum('1','0') NOT NULL
) ENGINE=InnoDB DEFAULT CHARSET=utf8;

--
-- Dumping data for table `pessoa`
--

INSERT INTO `pessoa` (`id_pessoa`, `pessoa_nome`, `pessoa_sobrenome`, `pessoa_data_nascimento`, `pessoa_id_sexo`, `pessoa_matricula`, `pessoa_foto_url`, `pessoa_data`, `pessoa_hora`, `pessoa_timestamp`, `pessoa_id_cargo_interno`, `pessoa_id_empresa`, `pessoa_id_tipo_fornecedor`, `pessoa_id_estado_civil`, `pessoa_id_tipo_doc_ident_pessoa`, `pessoa_doc_ident_pessoa`, `pessoa_id_nivel_permissao`, `pessoa_id_pessoa_criadora`, `pessoa_delete`) VALUES
(1, 'Ricardo', 'de Paula Silva', '1985-11-27', 1, '40895', 'eu.jfif', '2017-05-01', '00:04:16', '2017-05-19 03:04:16', 1, 1, 4, 1, 1, '1', 10, 1, '1'),
(2, 'Sandra', 'Kemper', '1970-01-01', 2, '', '', '2020-04-29', '12:45:32', '2020-04-29 15:45:32', 7, 1, 0, 2, 2, '1234', 9, 1, '1'),
(3, 'Sandra', 'Kemper', '1970-01-01', 2, '', '', '2020-04-29', '13:00:25', '2020-04-29 16:00:25', 7, 1, 0, 2, 2, '1234', 9, 1, '1'),
(4, 'Sandra', 'Kemper', '1970-01-01', 2, '', '', '2020-04-29', '13:01:03', '2020-04-29 16:01:03', 7, 1, 0, 2, 2, '1234', 9, 1, '1'),
(5, 'Sandra', 'Kemper', '1970-01-01', 2, '', '', '2020-04-29', '13:05:17', '2020-04-29 16:05:17', 7, 1, 0, 2, 2, '1234', 9, 1, '1');

-- --------------------------------------------------------

--
-- Table structure for table `produto`
--

CREATE TABLE `produto` (
  `id_produto` int(11) NOT NULL,
  `id_empresa_produto` int(11) NOT NULL,
  `id_grupo_fase_confeccao_produto` int(11) NOT NULL,
  `codigo_interno_produto` varchar(40) NOT NULL,
  `codigo_interno_2_produto` varchar(40) NOT NULL,
  `data_produto` date NOT NULL,
  `hora_produto` varchar(10) NOT NULL,
  `timestamp_produto` timestamp NOT NULL DEFAULT current_timestamp()
) ENGINE=InnoDB DEFAULT CHARSET=utf8;

-- --------------------------------------------------------

--
-- Table structure for table `sexo`
--

CREATE TABLE `sexo` (
  `id_sexo` int(11) NOT NULL,
  `sexo_nome` varchar(50) NOT NULL,
  `sexo_data` date NOT NULL,
  `sexo_hora` varchar(15) NOT NULL,
  `sexo_timestamp` timestamp NOT NULL DEFAULT current_timestamp() ON UPDATE current_timestamp()
) ENGINE=InnoDB DEFAULT CHARSET=utf8;

--
-- Dumping data for table `sexo`
--

INSERT INTO `sexo` (`id_sexo`, `sexo_nome`, `sexo_data`, `sexo_hora`, `sexo_timestamp`) VALUES
(1, 'Masculino', '2020-04-17', '00:11:14', '2020-04-17 05:11:32'),
(2, 'Feminino', '2020-04-17', '00:11:14', '2020-04-17 05:11:37');

-- --------------------------------------------------------

--
-- Table structure for table `tipo_doc_ident_empresa`
--

CREATE TABLE `tipo_doc_ident_empresa` (
  `id_tipo_doc_ident_empresa` int(11) NOT NULL,
  `tipo_doc_ident_empresa` varchar(50) NOT NULL,
  `tipo_doc_ident_empresa_descricao` text NOT NULL,
  `tipo_doc_ident_empresa_permissao_visualizacao` int(11) NOT NULL,
  `tipo_doc_ident_empresa_timestamp` timestamp NOT NULL DEFAULT current_timestamp() ON UPDATE current_timestamp(),
  `tipo_doc_ident_empresa_id_pessoa_criadora` int(11) NOT NULL
) ENGINE=InnoDB DEFAULT CHARSET=utf8;

--
-- Dumping data for table `tipo_doc_ident_empresa`
--

INSERT INTO `tipo_doc_ident_empresa` (`id_tipo_doc_ident_empresa`, `tipo_doc_ident_empresa`, `tipo_doc_ident_empresa_descricao`, `tipo_doc_ident_empresa_permissao_visualizacao`, `tipo_doc_ident_empresa_timestamp`, `tipo_doc_ident_empresa_id_pessoa_criadora`) VALUES
(1, 'CPF', 'O CPF é o Cadastro de Pessoa Física usado no Brasil. Ele é um documento feito pela Receita Federal e serve para identificar os contribuintes. O CPF é uma numeração com 11 dígitos, que só mudam por decisão judicial', 0, '2020-04-16 00:23:09', 0),
(2, 'DNI', 'É o Documento de Identidade Nacional (DNI)', 0, '2020-04-16 00:30:36', 0),
(3, 'Passaporte', 'Passaporte é um documento de identidade emitido por um governo nacional que atesta formalmente o portador como nacional de um Estado em particular e requisita permissão em nome do soberano ou do governo emissor para o detentor poder cruzar a fronteira de um país estrangeiro', 0, '2020-04-16 00:30:42', 0);

-- --------------------------------------------------------

--
-- Table structure for table `tipo_doc_ident_pessoa`
--

CREATE TABLE `tipo_doc_ident_pessoa` (
  `id_tipo_doc_ident_pessoa` int(11) NOT NULL,
  `tipo_doc_ident_pessoa` varchar(50) NOT NULL,
  `tipo_doc_ident_pessoa_descricao` text NOT NULL,
  `tipo_doc_ident_pessoa_permissao_visualizacao` int(11) NOT NULL,
  `tipo_doc_ident_pessoa_timestamp` timestamp NOT NULL DEFAULT current_timestamp() ON UPDATE current_timestamp(),
  `tipo_doc_ident_pessoa_id_pessoa_criadora` int(11) NOT NULL
) ENGINE=InnoDB DEFAULT CHARSET=utf8;

--
-- Dumping data for table `tipo_doc_ident_pessoa`
--

INSERT INTO `tipo_doc_ident_pessoa` (`id_tipo_doc_ident_pessoa`, `tipo_doc_ident_pessoa`, `tipo_doc_ident_pessoa_descricao`, `tipo_doc_ident_pessoa_permissao_visualizacao`, `tipo_doc_ident_pessoa_timestamp`, `tipo_doc_ident_pessoa_id_pessoa_criadora`) VALUES
(1, 'CPF', 'O CPF é o Cadastro de Pessoa Física usado no Brasil. Ele é um documento feito pela Receita Federal e serve para identificar os contribuintes. O CPF é uma numeração com 11 dígitos, que só mudam por decisão judicial', 0, '2020-04-16 00:23:09', 0),
(2, 'DNI', 'É o Documento de Identidade Nacional (DNI)', 0, '2020-04-16 00:30:36', 0),
(3, 'Passaporte', 'Passaporte é um documento de identidade emitido por um governo nacional que atesta formalmente o portador como nacional de um Estado em particular e requisita permissão em nome do soberano ou do governo emissor para o detentor poder cruzar a fronteira de um país estrangeiro', 0, '2020-04-16 00:30:42', 0);

-- --------------------------------------------------------

--
-- Table structure for table `tipo_fornecedor`
--

CREATE TABLE `tipo_fornecedor` (
  `id_tipo_fornecedor` int(11) NOT NULL,
  `tipo_fornecedor` varchar(50) NOT NULL,
  `tipo_fornecedor_desricao` text NOT NULL,
  `tipo_fornecedor_permissao_visualizacao` int(11) NOT NULL,
  `tipo_fornecedor_timestamp` timestamp NOT NULL DEFAULT current_timestamp() ON UPDATE current_timestamp(),
  `tipo_fornecedor_id_pessoa_criadora` int(11) NOT NULL
) ENGINE=InnoDB DEFAULT CHARSET=utf8;

--
-- Dumping data for table `tipo_fornecedor`
--

INSERT INTO `tipo_fornecedor` (`id_tipo_fornecedor`, `tipo_fornecedor`, `tipo_fornecedor_desricao`, `tipo_fornecedor_permissao_visualizacao`, `tipo_fornecedor_timestamp`, `tipo_fornecedor_id_pessoa_criadora`) VALUES
(1, 'Produtor', 'É o fabricante do produto, gerador do produto e não existe ninguem em processos anteriores ligados na fabricação direta do produto', 1, '2020-04-16 23:49:54', 1),
(2, 'Cooperativa', 'Pode ser considerado como um armazem onde o fabricante leva os produtos para aumentar a visibilidade do produto e liquidez de venda', 1, '2020-04-16 23:50:01', 1),
(3, 'Revendedor', 'Obtem o produto comprando o mesmo de variadas fontes provedoras e o revende', 1, '2020-04-16 23:50:06', 1),
(4, 'Comprador', 'Comprador de produto', 1, '2020-04-16 23:50:40', 1),
(5, 'Transportador Terrestre', 'É o fornecedor dos servidos de transportes terrestres (caminhões e similares)', 1, '2020-04-16 23:50:33', 1),
(6, 'Transportador Marítimo', 'É o fornecedor dos servidos de transportes marítimos (navios e similares)', 1, '2020-04-16 23:50:26', 1),
(7, 'Armador', 'É a pessoa ou empresa que, por sua própria conta e risco, promove a equipagem e a exploração de navio comercial, independente de ser/estar ou não proprietário da embarcação. Sua renda provêm normalmente da cobrança de frete para o transporte de cargas entre dois portos, ou da locação da embarcação a uma taxa diária/horária.', 1, '2020-04-16 23:50:20', 1),
(8, 'Agência de Navegação', 'É o que realiza todos os trâmites desde a chegada da embarcação até a liberação da carga e da tripulação.', 1, '2020-04-16 23:50:14', 1);

-- --------------------------------------------------------

--
-- Table structure for table `tipo_mercado`
--

CREATE TABLE `tipo_mercado` (
  `id_tipo_mercado` int(11) NOT NULL,
  `tipo_mercado` varchar(50) NOT NULL,
  `timestamp` timestamp NOT NULL DEFAULT current_timestamp() ON UPDATE current_timestamp(),
  `id_key_empresa` int(11) NOT NULL
) ENGINE=InnoDB DEFAULT CHARSET=utf8;

--
-- Dumping data for table `tipo_mercado`
--

INSERT INTO `tipo_mercado` (`id_tipo_mercado`, `tipo_mercado`, `timestamp`, `id_key_empresa`) VALUES
(1, 'Interno', '0000-00-00 00:00:00', 0),
(2, 'Externo', '0000-00-00 00:00:00', 0);

-- --------------------------------------------------------

--
-- Table structure for table `users`
--

CREATE TABLE `users` (
  `users_id` int(7) NOT NULL,
  `users_date` timestamp NOT NULL DEFAULT current_timestamp(),
  `users_email` varchar(60) NOT NULL,
  `users_password` varchar(60) NOT NULL
) ENGINE=InnoDB DEFAULT CHARSET=utf8;

--
-- Dumping data for table `users`
--

INSERT INTO `users` (`users_id`, `users_date`, `users_email`, `users_password`) VALUES
(7, '2019-06-11 00:08:43', 'a@a', '48058e0c99bf7d689ce71c360699a14ce2f99774');

--
-- Indexes for dumped tables
--

--
-- Indexes for table `architectures`
--
ALTER TABLE `architectures`
  ADD PRIMARY KEY (`id`),
  ADD KEY `dashboard_id` (`dashboard_id`);

--
-- Indexes for table `cadastro_curriculo_site`
--
ALTER TABLE `cadastro_curriculo_site`
  ADD PRIMARY KEY (`id_cadastro_curriculo_site`);

--
-- Indexes for table `cargo`
--
ALTER TABLE `cargo`
  ADD PRIMARY KEY (`id_cargo`);

--
-- Indexes for table `cargo_externo`
--
ALTER TABLE `cargo_externo`
  ADD PRIMARY KEY (`id_cargo_externo`);

--
-- Indexes for table `cargo_interno`
--
ALTER TABLE `cargo_interno`
  ADD PRIMARY KEY (`id_cargo_interno`);

--
-- Indexes for table `cargo_interno_historico`
--
ALTER TABLE `cargo_interno_historico`
  ADD PRIMARY KEY (`id_cargo_interno_historico`);

--
-- Indexes for table `columns`
--
ALTER TABLE `columns`
  ADD PRIMARY KEY (`id`),
  ADD KEY `component_id` (`component_id`),
  ADD KEY `dashboard_id` (`dashboard_id`);

--
-- Indexes for table `complemento_empresa`
--
ALTER TABLE `complemento_empresa`
  ADD PRIMARY KEY (`id_complemento_empresa`);

--
-- Indexes for table `components`
--
ALTER TABLE `components`
  ADD PRIMARY KEY (`id`);

--
-- Indexes for table `contato`
--
ALTER TABLE `contato`
  ADD PRIMARY KEY (`id_contato`);

--
-- Indexes for table `dashboard`
--
ALTER TABLE `dashboard`
  ADD PRIMARY KEY (`id_dashboard`);

--
-- Indexes for table `dispositivo`
--
ALTER TABLE `dispositivo`
  ADD PRIMARY KEY (`id_dispositivo`);

--
-- Indexes for table `dynamic_dashboards`
--
ALTER TABLE `dynamic_dashboards`
  ADD PRIMARY KEY (`id`),
  ADD UNIQUE KEY `name` (`name`);

--
-- Indexes for table `empresa`
--
ALTER TABLE `empresa`
  ADD PRIMARY KEY (`id_empresa`);

--
-- Indexes for table `endereco`
--
ALTER TABLE `endereco`
  ADD PRIMARY KEY (`id_endereco`);

--
-- Indexes for table `estado_civil`
--
ALTER TABLE `estado_civil`
  ADD PRIMARY KEY (`id_estado_civil`);

--
-- Indexes for table `group_component`
--
ALTER TABLE `group_component`
  ADD PRIMARY KEY (`id_group_component`);

--
-- Indexes for table `grupo_dispositivo`
--
ALTER TABLE `grupo_dispositivo`
  ADD PRIMARY KEY (`id_grupo_dispositivo`);

--
-- Indexes for table `instancia`
--
ALTER TABLE `instancia`
  ADD PRIMARY KEY (`id_instancia`);

--
-- Indexes for table `login_senha`
--
ALTER TABLE `login_senha`
  ADD PRIMARY KEY (`id_login_senha`);

--
-- Indexes for table `mqtt_acl`
--
ALTER TABLE `mqtt_acl`
  ADD PRIMARY KEY (`id`);

--
-- Indexes for table `mqtt_user`
--
ALTER TABLE `mqtt_user`
  ADD PRIMARY KEY (`id`),
  ADD UNIQUE KEY `mqtt_username` (`username`);

--
-- Indexes for table `nivel_permissao`
--
ALTER TABLE `nivel_permissao`
  ADD PRIMARY KEY (`id_nivel_permissao`);

--
-- Indexes for table `pessoa`
--
ALTER TABLE `pessoa`
  ADD PRIMARY KEY (`id_pessoa`);

--
-- Indexes for table `produto`
--
ALTER TABLE `produto`
  ADD PRIMARY KEY (`id_produto`);

--
-- Indexes for table `sexo`
--
ALTER TABLE `sexo`
  ADD PRIMARY KEY (`id_sexo`);

--
-- Indexes for table `tipo_doc_ident_empresa`
--
ALTER TABLE `tipo_doc_ident_empresa`
  ADD PRIMARY KEY (`id_tipo_doc_ident_empresa`);

--
-- Indexes for table `tipo_doc_ident_pessoa`
--
ALTER TABLE `tipo_doc_ident_pessoa`
  ADD PRIMARY KEY (`id_tipo_doc_ident_pessoa`);

--
-- Indexes for table `tipo_fornecedor`
--
ALTER TABLE `tipo_fornecedor`
  ADD PRIMARY KEY (`id_tipo_fornecedor`);

--
-- Indexes for table `tipo_mercado`
--
ALTER TABLE `tipo_mercado`
  ADD PRIMARY KEY (`id_tipo_mercado`);

--
-- Indexes for table `users`
--
ALTER TABLE `users`
  ADD PRIMARY KEY (`users_id`);

--
-- AUTO_INCREMENT for dumped tables
--

--
-- AUTO_INCREMENT for table `architectures`
--
ALTER TABLE `architectures`
  MODIFY `id` int(11) NOT NULL AUTO_INCREMENT, AUTO_INCREMENT=39;

--
-- AUTO_INCREMENT for table `cadastro_curriculo_site`
--
ALTER TABLE `cadastro_curriculo_site`
  MODIFY `id_cadastro_curriculo_site` int(11) NOT NULL AUTO_INCREMENT;

--
-- AUTO_INCREMENT for table `cargo`
--
ALTER TABLE `cargo`
  MODIFY `id_cargo` int(11) NOT NULL AUTO_INCREMENT, AUTO_INCREMENT=2;

--
-- AUTO_INCREMENT for table `cargo_externo`
--
ALTER TABLE `cargo_externo`
  MODIFY `id_cargo_externo` int(11) NOT NULL AUTO_INCREMENT;

--
-- AUTO_INCREMENT for table `cargo_interno`
--
ALTER TABLE `cargo_interno`
  MODIFY `id_cargo_interno` int(11) NOT NULL AUTO_INCREMENT, AUTO_INCREMENT=8;

--
-- AUTO_INCREMENT for table `cargo_interno_historico`
--
ALTER TABLE `cargo_interno_historico`
  MODIFY `id_cargo_interno_historico` int(11) NOT NULL AUTO_INCREMENT, AUTO_INCREMENT=2;

--
-- AUTO_INCREMENT for table `columns`
--
ALTER TABLE `columns`
  MODIFY `id` int(11) NOT NULL AUTO_INCREMENT, AUTO_INCREMENT=77;

--
-- AUTO_INCREMENT for table `complemento_empresa`
--
ALTER TABLE `complemento_empresa`
  MODIFY `id_complemento_empresa` int(11) NOT NULL AUTO_INCREMENT, AUTO_INCREMENT=2;

--
-- AUTO_INCREMENT for table `components`
--
ALTER TABLE `components`
  MODIFY `id` int(11) NOT NULL AUTO_INCREMENT, AUTO_INCREMENT=11;

--
-- AUTO_INCREMENT for table `contato`
--
ALTER TABLE `contato`
  MODIFY `id_contato` int(11) NOT NULL AUTO_INCREMENT, AUTO_INCREMENT=6;

--
-- AUTO_INCREMENT for table `dashboard`
--
ALTER TABLE `dashboard`
  MODIFY `id_dashboard` int(11) NOT NULL AUTO_INCREMENT, AUTO_INCREMENT=2;

--
-- AUTO_INCREMENT for table `dispositivo`
--
ALTER TABLE `dispositivo`
  MODIFY `id_dispositivo` int(11) NOT NULL AUTO_INCREMENT, AUTO_INCREMENT=2;

--
-- AUTO_INCREMENT for table `dynamic_dashboards`
--
ALTER TABLE `dynamic_dashboards`
  MODIFY `id` int(11) NOT NULL AUTO_INCREMENT, AUTO_INCREMENT=7;

--
-- AUTO_INCREMENT for table `empresa`
--
ALTER TABLE `empresa`
  MODIFY `id_empresa` int(11) NOT NULL AUTO_INCREMENT, AUTO_INCREMENT=2;

--
-- AUTO_INCREMENT for table `endereco`
--
ALTER TABLE `endereco`
  MODIFY `id_endereco` int(11) NOT NULL AUTO_INCREMENT, AUTO_INCREMENT=6;

--
-- AUTO_INCREMENT for table `estado_civil`
--
ALTER TABLE `estado_civil`
  MODIFY `id_estado_civil` int(11) NOT NULL AUTO_INCREMENT, AUTO_INCREMENT=5;

--
-- AUTO_INCREMENT for table `group_component`
--
ALTER TABLE `group_component`
  MODIFY `id_group_component` int(11) NOT NULL AUTO_INCREMENT, AUTO_INCREMENT=2;

--
-- AUTO_INCREMENT for table `grupo_dispositivo`
--
ALTER TABLE `grupo_dispositivo`
  MODIFY `id_grupo_dispositivo` int(11) NOT NULL AUTO_INCREMENT, AUTO_INCREMENT=2;

--
-- AUTO_INCREMENT for table `instancia`
--
ALTER TABLE `instancia`
  MODIFY `id_instancia` int(11) NOT NULL AUTO_INCREMENT, AUTO_INCREMENT=2;

--
-- AUTO_INCREMENT for table `login_senha`
--
ALTER TABLE `login_senha`
  MODIFY `id_login_senha` int(11) NOT NULL AUTO_INCREMENT, AUTO_INCREMENT=2;

--
-- AUTO_INCREMENT for table `mqtt_acl`
--
ALTER TABLE `mqtt_acl`
  MODIFY `id` int(11) UNSIGNED NOT NULL AUTO_INCREMENT, AUTO_INCREMENT=12;

--
-- AUTO_INCREMENT for table `mqtt_user`
--
ALTER TABLE `mqtt_user`
  MODIFY `id` int(11) UNSIGNED NOT NULL AUTO_INCREMENT, AUTO_INCREMENT=4;

--
-- AUTO_INCREMENT for table `nivel_permissao`
--
ALTER TABLE `nivel_permissao`
  MODIFY `id_nivel_permissao` int(11) NOT NULL AUTO_INCREMENT, AUTO_INCREMENT=11;

--
-- AUTO_INCREMENT for table `pessoa`
--
ALTER TABLE `pessoa`
  MODIFY `id_pessoa` int(11) NOT NULL AUTO_INCREMENT, AUTO_INCREMENT=6;

--
-- AUTO_INCREMENT for table `produto`
--
ALTER TABLE `produto`
  MODIFY `id_produto` int(11) NOT NULL AUTO_INCREMENT;

--
-- AUTO_INCREMENT for table `sexo`
--
ALTER TABLE `sexo`
  MODIFY `id_sexo` int(11) NOT NULL AUTO_INCREMENT, AUTO_INCREMENT=3;

--
-- AUTO_INCREMENT for table `tipo_doc_ident_empresa`
--
ALTER TABLE `tipo_doc_ident_empresa`
  MODIFY `id_tipo_doc_ident_empresa` int(11) NOT NULL AUTO_INCREMENT, AUTO_INCREMENT=4;

--
-- AUTO_INCREMENT for table `tipo_doc_ident_pessoa`
--
ALTER TABLE `tipo_doc_ident_pessoa`
  MODIFY `id_tipo_doc_ident_pessoa` int(11) NOT NULL AUTO_INCREMENT, AUTO_INCREMENT=4;

--
-- AUTO_INCREMENT for table `tipo_fornecedor`
--
ALTER TABLE `tipo_fornecedor`
  MODIFY `id_tipo_fornecedor` int(11) NOT NULL AUTO_INCREMENT, AUTO_INCREMENT=9;

--
-- AUTO_INCREMENT for table `tipo_mercado`
--
ALTER TABLE `tipo_mercado`
  MODIFY `id_tipo_mercado` int(11) NOT NULL AUTO_INCREMENT, AUTO_INCREMENT=3;

--
-- AUTO_INCREMENT for table `users`
--
ALTER TABLE `users`
  MODIFY `users_id` int(7) NOT NULL AUTO_INCREMENT, AUTO_INCREMENT=8;

--
-- Constraints for dumped tables
--

--
-- Constraints for table `architectures`
--
ALTER TABLE `architectures`
  ADD CONSTRAINT `architectures_ibfk_1` FOREIGN KEY (`dashboard_id`) REFERENCES `dynamic_dashboards` (`id`) ON DELETE CASCADE;

--
-- Constraints for table `columns`
--
ALTER TABLE `columns`
  ADD CONSTRAINT `columns_ibfk_2` FOREIGN KEY (`dashboard_id`) REFERENCES `dynamic_dashboards` (`id`) ON DELETE CASCADE,
  ADD CONSTRAINT `columns_ibfk_3` FOREIGN KEY (`component_id`) REFERENCES `components` (`id`) ON DELETE CASCADE;
COMMIT;

/*!40101 SET CHARACTER_SET_CLIENT=@OLD_CHARACTER_SET_CLIENT */;
/*!40101 SET CHARACTER_SET_RESULTS=@OLD_CHARACTER_SET_RESULTS */;
/*!40101 SET COLLATION_CONNECTION=@OLD_COLLATION_CONNECTION */;
